"codigo","id_pop","crm","clasificacion_sitio","categoria_planificacion","sistema_energia","pe_3g","mpls","olt","olt_3play","core","panel_solar","latitud","longitud"
TA224,2,Norte,A,A,ONGRID,SI,SI,NO,SI,SI,NO,-18.47078,-70.29408
ESTTA009,3,Norte,A,nan,ONGRID,NO,NO,NO,NO,SI,NO,-20.256711,-69.785729
ESTTA016,4,Norte,A,nan,ONGRID,NO,NO,NO,NO,SI,NO,-20.251709,-69.786013
ESTTA052,5,Norte,A,A+,ONGRID,SI,SI,NO,SI,SI,NO,-20.235105,-70.136744
TA164,6,Norte,D,C,ONGRID,NO,NO,NO,NO,NO,NO,-20.218389,-70.140694
ESTTA047,7,Norte,A,A+,ONGRID,SI,SI,SI,NO,SI,NO,-20.215639,-70.152417
ESTTA015,8,Norte,B2,nan,ONGRID,NO,SI,NO,NO,NO,NO,-20.252709,-69.786013
ESTTA013,9,Norte,A,nan,OFFGRID,NO,NO,NO,NO,SI,SI,-19.003214,-70.037408
ESTTA012,10,Norte,B2,nan,OFFGRID,NO,SI,NO,NO,NO,SI,-20.98164,-69.674683
ESTAN009,11,Norte,A,nan,ONGRID,NO,SI,NO,NO,SI,NO,-22.2828297,-69.5674199
ESTAN056,12,Norte,A,nan,ONGRID,NO,SI,SI,SI,SI,NO,-22.456014,-68.928072
ESTAN014,13,Norte,A,nan,ONGRID,NO,NO,NO,NO,SI,NO,-23.102,-70.45
ESTAN060,14,Norte,A,nan,ONGRID,NO,NO,NO,NO,SI,NO,-23.3308023,-69.8410082
ESTAN005,15,Norte,A,nan,ONGRID,NO,SI,NO,NO,SI,NO,-23.7509873,-70.3518617
ESTAN053,16,Norte,A,nan,ONGRID,SI,SI,SI,SI,SI,NO,-23.652149,-70.400544
AN205,17,Norte,A,A,ONGRID,SI,SI,NO,NO,SI,NO,-23.610089,-70.377883
ESTAN002,18,Norte,A,nan,OFFGRID,NO,SI,NO,NO,SI,SI,-24.569401,-69.798132
ESTAN019,19,Norte,A,nan,OFFGRID,NO,NO,NO,NO,SI,SI,-25.294276,-69.86327
ESTAT007,20,Norte,A,nan,ONGRID,SI,SI,NO,NO,SI,NO,-26.390249,-70.04753
ESTAT036,22,Norte,A,nan,ONGRID,SI,SI,NO,SI,SI,NO,-27.364621,-70.329416
ESTAT009,23,Norte,A,nan,OFFGRID,NO,NO,NO,NO,SI,SI,-28.5736,-70.788027
ESTAT008,24,Norte,A,nan,ONGRID,NO,NO,NO,NO,SI,NO,-28.573762,-70.788077
ESTAT011,25,Norte,A,nan,ONGRID,NO,NO,NO,NO,SI,NO,-28.588355,-70.777032
ESTCQ011,26,Norte,A,nan,ONGRID,SI,SI,SI,SI,SI,NO,-29.910817,-71.222876
ESTCQ016,27,Norte,A,nan,ONGRID,NO,NO,NO,NO,SI,NO,-30.580889,-71.49547
ESTCQ014,28,Norte,A,nan,ONGRID,NO,SI,NO,NO,SI,NO,-31.913704,-71.489661
ESTVA005,29,Centro,A,nan,ONGRID,NO,NO,NO,NO,SI,NO,-32.450273,-71.236117
ESTCQ015,30,Norte,A,A,ONGRID,SI,SI,SI,SI,SI,NO,-30.60314,-71.198843
ESTCQ003,31,Norte,A,nan,ONGRID,NO,SI,NO,NO,SI,NO,-31.179097,-71.005096
ESTCQ021,32,Norte,A,A,ONGRID,SI,SI,NO,NO,SI,NO,-31.634606,-71.167203
ESTCQ013,33,Norte,A,C,ONGRID,SI,SI,NO,NO,SI,NO,-31.912278,-71.500854
ESTVA007,34,Centro,A,nan,ONGRID,NO,NO,NO,NO,SI,NO,-32.848623,-70.957818
ESTVA043,35,Centro,A,A+,ONGRID,SI,SI,NO,SI,SI,NO,-33.031083,-71.580156
ESTVA037,36,Centro,A,C,ONGRID,SI,SI,NO,SI,SI,NO,-33.043854,-71.6177362
ESTVA035,37,Centro,B1,B+,ONGRID,NO,SI,NO,NO,NO,NO,-33.5804,-71.6134
ESTVA034,38,Centro,A,nan,ONGRID,SI,SI,NO,NO,SI,NO,-33.413347,-70.666291
ESTRM034,39,Metropolitano,A,A++,ONGRID,NO,SI,NO,NO,SI,NO,-33.472806,-70.65775
URARM011,40,Metropolitano,A,nan,ONGRID,SI,SI,NO,NO,SI,NO,-33.445803,-70.674588
URARM006,41,Metropolitano,A,nan,ONGRID,SI,SI,SI,NO,SI,NO,-33.436798,-70.646231
URARM005,42,Metropolitano,A,nan,ONGRID,SI,SI,NO,NO,SI,NO,-33.414817,-70.662572
URARM009,43,Metropolitano,A,nan,ONGRID,NO,SI,SI,SI,SI,NO,-33.388923,-70.617495
URARM007,44,Metropolitano,A,nan,ONGRID,SI,SI,SI,SI,SI,NO,-33.410841,-70.567871
URARM036,45,Metropolitano,A,C,ONGRID,NO,SI,SI,NO,SI,NO,-33.4125,-70.606111
URARM003,46,Metropolitano,A,nan,ONGRID,NO,SI,SI,NO,SI,NO,-33.415546,-70.605553
URARM013,47,Metropolitano,A,nan,ONGRID,SI,SI,SI,SI,SI,NO,-33.386231,-70.567856
URARM014,48,Metropolitano,A,nan,ONGRID,SI,SI,SI,SI,SI,NO,-33.431443,-70.6134
URARM015,49,Metropolitano,A,nan,ONGRID,SI,SI,SI,SI,SI,NO,-33.516641,-70.606623
URARM008,50,Metropolitano,A,nan,ONGRID,SI,SI,SI,SI,SI,NO,-33.479147,-70.62243
URARM012,51,Metropolitano,A,C,ONGRID,NO,SI,SI,SI,SI,NO,-33.452642,-70.605307
ESTRM023,52,Metropolitano,A,B+,ONGRID,SI,SI,NO,NO,SI,NO,-33.488192,-70.704667
ESTRM020,53,Metropolitano,A,B+,ONGRID,SI,SI,SI,SI,SI,NO,-33.509708,-70.729611
URARM002,54,Metropolitano,A,nan,ONGRID,SI,SI,NO,NO,SI,NO,-33.425593,-70.6133
ESTRM024,55,Metropolitano,A,nan,ONGRID,SI,SI,NO,NO,SI,NO,-33.417901,-70.603183
ESTRM008,56,Metropolitano,A,nan,ONGRID,SI,SI,SI,SI,SI,NO,-33.369504,-70.738297
URARM016,57,Metropolitano,A,nan,ONGRID,SI,SI,NO,NO,SI,NO,-33.473659,-70.646501
URARM004,58,Metropolitano,A,nan,ONGRID,NO,SI,NO,SI,SI,NO,-33.55826,-70.71598
URARM010,59,Metropolitano,A,nan,ONGRID,NO,SI,NO,NO,SI,NO,-33.207028,-70.680166
URARM017,60,Metropolitano,A,C,ONGRID,SI,SI,SI,SI,SI,NO,-33.418866,-70.697145
ESTRM058,61,Metropolitano,A,nan,ONGRID,NO,SI,NO,NO,SI,NO,-33.447858,-70.848076
ESTRM033,62,Metropolitano,A,nan,ONGRID,SI,SI,NO,NO,SI,NO,-33.956624,-71.399968
ESTRM027,63,Metropolitano,A,B+,ONGRID,SI,SI,NO,SI,SI,NO,-33.731333,-70.739972
ESTOH024,64,Centro,A,A+,ONGRID,SI,SI,SI,SI,SI,NO,-34.170681,-70.749358
ESTOH004,65,Centro,B1,B+,ONGRID,SI,SI,NO,NO,NO,NO,-34.40787,-70.86089
ESTOH007,66,Centro,A,A,ONGRID,SI,SI,NO,NO,SI,NO,-34.58668,-70.987278
ESTMA021,67,Centro,A,nan,ONGRID,SI,SI,SI,NO,SI,NO,-34.984406,-71.241499
ESTMA022,68,Centro,A,A+,ONGRID,SI,SI,SI,SI,SI,NO,-35.430546,-71.66039
ESTMA004,69,Centro,A,A,ONGRID,SI,SI,NO,NO,SI,NO,-35.8455,-71.5932
ESTMA005,70,Centro,A,B+,ONGRID,SI,SI,NO,NO,SI,NO,-36.143116,-71.822368
ESTBI044,71,Sur,A,A++,ONGRID,SI,SI,SI,NO,SI,NO,-36.6086,-72.105783
ESTBI045,72,Sur,A,A+,ONGRID,NO,SI,SI,SI,SI,NO,-36.821485,-73.052302
ESTBI002,73,Sur,A,C,ONGRID,NO,SI,NO,NO,SI,NO,-37.041564,-72.377736
ESTBI049,74,Sur,A,nan,ONGRID,SI,SI,SI,NO,SI,NO,-37.471299,-72.349974
ESTAR002,75,Sur,A,nan,ONGRID,NO,SI,NO,NO,SI,NO,-37.9594,-72.433035
ESTAR012,76,Sur,A,nan,ONGRID,SI,SI,NO,NO,SI,NO,-38.232654,-72.351508
ESTAR031,77,Sur,A,A+,ONGRID,SI,SI,SI,SI,SI,NO,-38.735502,-72.586419
ESTAR008,78,Sur,A,nan,ONGRID,NO,SI,NO,NO,SI,NO,-39.372906,-72.633039
ESTLA047,79,Austral,A,A+,ONGRID,SI,SI,SI,NO,SI,NO,-39.816825,-73.246533
ESTLA043,80,Austral,A,nan,ONGRID,SI,SI,SI,NO,SI,NO,-40.576042,-73.133389
ESTLA044,81,Austral,A,nan,ONGRID,SI,SI,NO,NO,SI,NO,-41.4677389,-72.9642944
ESTTA017,82,Norte,B1,B+,ONGRID,SI,SI,NO,NO,NO,NO,-20.324722,-69.775278
TA593,83,Norte,C,C,ONGRID,NO,NO,NO,NO,NO,NO,-20.206653,-70.130292
ESTTA011,84,Norte,B2,nan,ONGRID,NO,SI,SI,NO,NO,NO,-20.205713,-70.136966
ZT069,85,Norte,D,C,ONGRID,NO,NO,NO,NO,NO,NO,-18.468972,-69.512389
ZT073,86,Norte,D,C,OFFGRID,NO,NO,NO,NO,NO,SI,-17.728583,-69.720222
ZT075,87,Norte,D,C,OFFGRID,NO,NO,NO,NO,NO,SI,-18.824944,-69.672056
ZT077,88,Norte,D,C,OFFGRID,NO,NO,NO,NO,NO,SI,-17.766806,-69.409472
ZT084,89,Norte,D,C,OFFGRID,NO,NO,NO,NO,NO,SI,-18.488722,-69.708222
ZT085,90,Norte,D,C,OFFGRID,NO,NO,NO,NO,NO,SI,-18.833056,-69.769778
ZT087,91,Norte,D,C,OFFGRID,NO,NO,NO,NO,NO,SI,-18.318833,-69.825611
ZT095,92,Norte,D,C,OFFGRID,NO,NO,NO,NO,NO,SI,-18.858111,-69.441889
ZT097,93,Norte,D,C,OFFGRID,NO,NO,NO,NO,NO,SI,-18.751278,-69.697278
ZT096,94,Norte,D,C,OFFGRID,NO,NO,NO,NO,NO,SI,-19.457111,-69.963694
AN706,95,Norte,C,C,ONGRID,NO,NO,NO,NO,NO,NO,-23.439139,-70.434889
AN180,96,Norte,D,C,ONGRID,NO,NO,NO,NO,NO,NO,-23.654111,-70.390186
AN175,97,Norte,D,C,ONGRID,NO,NO,NO,NO,NO,NO,-23.540639,-70.386556
ESTAN001,98,Norte,D,nan,ONGRID,NO,SI,SI,NO,NO,NO,-23.590632,-70.387094
ZA110,100,Norte,D,C,OFFGRID,NO,NO,NO,NO,NO,NO,-24.374667,-70.550444
ZA111,101,Norte,D,C,OFFGRID,NO,NO,NO,NO,NO,SI,-24.267167,-70.526
ZZ165,5745357,Centro,D,nan,ONGRID,NO,NO,NO,NO,NO,NO,-33.443806,-70.65532
ZA114,102,Norte,D,C,OFFGRID,NO,NO,NO,NO,NO,NO,-22.285528,-70.243389
ESTAN026,103,Norte,B1,nan,OFFGRID,SI,SI,NO,NO,NO,SI,-22.9094492,-68.2038795
ESTAN004,104,Norte,A,C,ONGRID,NO,SI,NO,NO,SI,NO,-23.326861,-69.989214
AN042,105,Norte,D,C,ONGRID,NO,NO,NO,NO,NO,NO,-23.63011,-70.37769
AN208,106,Norte,C,C,OFFGRID,NO,NO,NO,NO,NO,SI,-22.92059,-70.29754
ESTAN010,107,Norte,A,C,ONGRID,NO,SI,NO,NO,SI,NO,-22.195326,-69.757864
AN245,108,Norte,D,C,ONGRID,NO,NO,NO,NO,NO,NO,-23.441916,-70.065134
ESTAN024,109,Norte,C,nan,ONGRID,NO,NO,NO,NO,NO,NO,-23.44744,-70.092181
AN034,110,Norte,D,C,OFFGRID,NO,NO,NO,NO,NO,NO,-22.349282,-69.667588
ESTAN011,111,Norte,B2,nan,OFFGRID,NO,NO,NO,NO,NO,NO,-22.165712,-69.416667
AN867,112,Norte,D,C,ONGRID,NO,NO,NO,NO,NO,NO,-24.186219,-69.427908
AN975,113,Norte,D,C,ONGRID,NO,NO,NO,NO,NO,NO,-24.429741,-69.521662
ESTAN028,114,Norte,B2,C,ONGRID,NO,SI,NO,NO,NO,NO,-22.332559,-68.990401
ESTAN030,115,Norte,B2,nan,ONGRID,NO,NO,NO,NO,NO,NO,-22.1507158,-69.7159513
ESTAN040,116,Norte,B1,C,ONGRID,NO,SI,NO,NO,NO,NO,-25.41853,-70.42561
ESTAN025,117,Norte,B1,B+,ONGRID,SI,SI,NO,NO,NO,NO,-24.207021,-69.075154
ESTAT002,118,Norte,B1,C,ONGRID,NO,SI,NO,NO,NO,NO,-27.412298,-70.401595
ESTAT001,119,Norte,B1,B+,ONGRID,SI,SI,NO,NO,NO,NO,-27.06705,-70.82064
AT307,120,Norte,D,C,ONGRID,NO,NO,NO,NO,NO,NO,-28.154444,-69.786111
ESTAT025,121,Norte,B2,nan,ONGRID,NO,NO,NO,NO,NO,NO,-33.228917,-70.809667
ESTAT017,123,Norte,B1,C,ONGRID,NO,SI,NO,NO,NO,NO,-26.381473,-70.282682
ESTAT023,124,Norte,B2,C,OFFGRID,NO,SI,NO,NO,NO,NO,-28.121914,-70.559909
AT461,125,Norte,D,C,ONGRID,NO,NO,NO,NO,NO,NO,-27.365666,-70.316357
AT183,126,Norte,D,C,ONGRID,NO,NO,NO,NO,NO,NO,-27.351846,-70.352348
AT648,127,Norte,B1,C,ONGRID,NO,NO,NO,NO,NO,NO,-26.387956,-70.061675
ESTAT044,128,Norte,B2,nan,ONGRID,NO,NO,NO,NO,NO,NO,-33.0539087,-70.6564678
ESTAT037,129,Norte,B2,C,ONGRID,NO,SI,NO,NO,NO,NO,-26.247395,-69.627331
FN353,130,Norte,C,C,ONGRID,NO,SI,NO,NO,NO,NO,-27.737257,-70.184158
ESTAT022,131,Norte,B2,C,ONGRID,NO,NO,NO,NO,NO,NO,-26.819381,-69.233069
ESTAT012,132,Norte,B1,C,ONGRID,NO,SI,NO,NO,NO,NO,-28.479875,-70.779797
ESTAT013,133,Norte,B1,A,ONGRID,SI,SI,NO,NO,NO,NO,-28.575897,-70.762556
ESTCQ023,134,Norte,B2,C,ONGRID,NO,SI,NO,NO,NO,NO,-30.604189,-71.170586
CO630,135,Norte,C,C,ONGRID,NO,NO,NO,NO,NO,NO,-29.752692,-71.325183
ESTCQ010,136,Norte,B1,B+,ONGRID,SI,SI,NO,NO,NO,NO,-29.937889,-71.222528
ESTCQ018,137,Norte,B1,B+,ONGRID,SI,SI,NO,NO,NO,NO,-30.168453,-70.80928
ESTCQ009,138,Norte,C,C,ONGRID,NO,SI,NO,NO,NO,NO,-29.255292,-70.740316
ESTCQ006,139,Norte,B1,B+,ONGRID,SI,SI,NO,SI,NO,NO,-29.96124,-71.340013
CO217,140,Norte,B1,C,ONGRID,NO,NO,NO,NO,NO,NO,-31.333543,-71.119187
ESTCQ008,141,Norte,B1,nan,ONGRID,NO,SI,NO,NO,NO,NO,-33.0639087,-70.6564678
ZS501,142,Norte,D,C,ONGRID,NO,NO,NO,NO,NO,NO,-30.837284,-70.697173
CO596,143,Norte,C,C,ONGRID,NO,SI,NO,NO,NO,NO,-30.585,-71.1881
CO391,144,Norte,C,C,ONGRID,NO,NO,NO,NO,NO,NO,-30.716147,-70.816158
RC554,145,Norte,D,C,OFFGRID,NO,NO,NO,NO,NO,NO,-31.858333,-71.406111
LS174,146,Norte,C,C,ONGRID,NO,NO,NO,NO,NO,NO,-30.777315,-70.850153
ESTVA014,147,Centro,B1,B+,ONGRID,SI,SI,NO,NO,NO,NO,-33.571944,-71.615778
ESTVA002,148,Centro,C,C,ONGRID,NO,NO,NO,NO,NO,NO,-33.171083,-71.618194
VR699,149,Centro,D,C,ONGRID,NO,NO,NO,NO,NO,NO,-32.870222,-71.241
ESTVA024,150,Centro,C,C,ONGRID,NO,NO,NO,NO,NO,NO,-32.838082,-70.590338
ESTVA009,151,Norte,B1,B+,ONGRID,SI,NO,NO,NO,NO,NO,-32.043361,-70.975337
VR688,152,Centro,D,C,ONGRID,NO,NO,NO,NO,NO,NO,-33.043426,-71.480278
FN423,153,Centro,C,C,ONGRID,NO,NO,NO,NO,NO,NO,-33.046444,-71.032
RV101,154,Centro,D,C,ONGRID,NO,NO,NO,NO,NO,NO,-32.785111,-70.687092
VA878,156,Centro,C,C,ONGRID,NO,SI,NO,NO,NO,NO,-33.045411,-71.397869
ESTVA012,157,Centro,B2,nan,ONGRID,NO,SI,NO,NO,NO,NO,-33.04263,-71.421957
ZV075,158,Centro,D,C,ONGRID,NO,NO,NO,NO,NO,NO,-33.462611,-71.656
ESTVA028,159,Centro,B1,B+,ONGRID,SI,SI,NO,NO,NO,NO,-32.54077,-71.438601
VA453,160,Centro,D,C,ONGRID,NO,NO,NO,NO,NO,NO,-32.8355907,-70.1294821
ESTVA008,161,Centro,B2,nan,ONGRID,NO,SI,NO,NO,NO,NO,-32.835133,-70.129181
VA500,162,Metropolitano,B1,B+,ONGRID,SI,NO,NO,NO,NO,NO,-27.159279,-109.421445
ESTVA023,163,Metropolitano,B1,B+,ONGRID,SI,SI,NO,NO,NO,NO,-27.148953,-109.430796
ESTVA004,164,Centro,B1,C,ONGRID,NO,SI,NO,NO,NO,NO,-32.45,-71.2304
RV484,165,Centro,D,C,ONGRID,NO,NO,NO,NO,NO,NO,-33.698611,-71.641944
VA820,166,Centro,C,C,ONGRID,NO,NO,NO,NO,NO,NO,-33.6986,-71.6261
ESTVA033,167,Centro,B2,C,ONGRID,NO,NO,NO,NO,NO,NO,-33.008806,-71.547806
ESTVA027,168,Centro,B2,C,ONGRID,NO,SI,NO,NO,NO,NO,-32.749638,-71.21096
ESTVA029,169,Centro,B2,nan,ONGRID,NO,SI,NO,NO,NO,NO,-32.252998,-70.942224
ESTVA016,170,Centro,B1,C,ONGRID,NO,SI,NO,NO,NO,NO,-33.700003,-71.424128
RV891,171,Centro,D,C,ONGRID,NO,NO,NO,NO,NO,NO,-33.723361,-71.456472
ESTVA011,172,Centro,B1,B+,ONGRID,SI,SI,NO,NO,NO,NO,-32.880611,-71.243875
ESTVA013,173,Centro,B1,nan,ONGRID,NO,SI,NO,NO,NO,NO,-33.047209,-71.445314
VR689,174,Centro,D,C,ONGRID,NO,NO,NO,NO,NO,NO,-33.058035,-71.466069
VR241,175,Centro,D,C,ONGRID,NO,NO,NO,NO,NO,NO,-32.906,-70.310861
ESTVA036,176,Centro,A,A,ONGRID,SI,SI,NO,NO,SI,NO,-32.751611,-70.729211
VR735,177,Centro,C,C,ONGRID,NO,NO,NO,NO,NO,NO,-32.736044,-70.706592
VA309,178,Centro,D,C,ONGRID,NO,NO,NO,NO,NO,NO,-32.749078,-70.720928
VA107,179,Centro,D,C,ONGRID,NO,NO,NO,NO,NO,NO,-33.607039,-71.416925
FN393,180,Centro,C,C,ONGRID,NO,NO,NO,NO,NO,NO,-32.806944,-70.6475
VA721,181,Centro,D,C,ONGRID,NO,NO,NO,NO,NO,NO,-33.058511,-71.581128
VA320,182,Centro,B2,C,ONGRID,NO,SI,NO,NO,NO,NO,-32.759793,-70.648139
VA053,183,Centro,D,C,ONGRID,NO,NO,NO,NO,NO,NO,-33.043877,-71.619297
ESTVA010,184,Centro,B1,B+,ONGRID,SI,SI,NO,NO,NO,NO,-32.769489,-71.4856
ESTVA017,185,Centro,B1,B+,ONGRID,SI,SI,NO,SI,NO,NO,-33.043894,-71.377339
SA140,186,Metropolitano,C,C,ONGRID,NO,SI,NO,NO,NO,NO,-33.450578,-70.652719
ESTRM025,188,Metropolitano,B2,nan,ONGRID,NO,SI,NO,NO,NO,NO,-33.487326,-70.618593
ZM519,189,Metropolitano,D,C,ONGRID,NO,NO,NO,NO,NO,NO,-33.336913,-70.550927
ESTRM028,190,Metropolitano,A,B+,ONGRID,SI,SI,NO,NO,SI,NO,-32.976381,-71.013167
RS184,192,Metropolitano,C,C,ONGRID,NO,NO,NO,NO,NO,NO,-33.384478,-70.5308659
RS149,194,Metropolitano,D,C,ONGRID,NO,NO,NO,NO,NO,NO,-33.568944,-70.582583
SA417,195,Metropolitano,D,C,ONGRID,NO,NO,NO,NO,NO,NO,-33.599669,-70.57655
SA268,196,Metropolitano,B2,C,ONGRID,NO,SI,NO,NO,NO,NO,-33.414694,-70.604111
SA331,197,Metropolitano,B2,C,ONGRID,NO,SI,NO,NO,NO,NO,-33.048839,-71.001302
ZM001,198,Metropolitano,D,C,ONGRID,NO,NO,NO,NO,NO,NO,-33.405014,-70.5752579
ESTRM071,199,Metropolitano,B2,nan,ONGRID,NO,NO,NO,NO,NO,NO,-33.404702,-70.575514
ZM227,201,Metropolitano,D,C,ONGRID,NO,NO,NO,NO,NO,NO,-33.4053056,-70.5768891
SA031,202,Metropolitano,D,C,ONGRID,NO,NO,NO,NO,NO,NO,-33.363855,-70.350702
SA262,203,Metropolitano,C,C,ONGRID,NO,SI,NO,NO,NO,NO,-33.463433,-70.611256
ESTRM067,204,Metropolitano,B2,nan,ONGRID,NO,NO,NO,NO,NO,NO,-33.461834,-70.610552
AM017,205,Metropolitano,D,C,ONGRID,NO,NO,NO,NO,NO,NO,-33.4368906,-70.6514908
SA548,206,Metropolitano,D,C,ONGRID,NO,NO,NO,NO,NO,NO,-33.467647,-70.547306
AM206,207,Metropolitano,C,C,ONGRID,NO,NO,NO,NO,NO,NO,-33.5139763,-70.6001401
ZM973,208,Metropolitano,C,C,ONGRID,NO,NO,NO,NO,NO,NO,-33.508058,-70.7741752
SA736,209,Metropolitano,B1,C,ONGRID,SI,SI,NO,SI,NO,NO,-33.355969,-70.675567
SA250,210,Metropolitano,B1,C,ONGRID,NO,SI,NO,NO,NO,NO,-33.390486,-70.673108
RM940,211,Metropolitano,D,C,ONGRID,NO,SI,NO,NO,NO,NO,-33.535297,-70.575767
RM967,212,Metropolitano,D,C,ONGRID,NO,SI,NO,NO,NO,NO,-33.581389,-70.638611
SA929,213,Metropolitano,B1,C,ONGRID,NO,NO,SI,SI,NO,NO,-33.576972,-70.569917
RS263,214,Metropolitano,C,C,ONGRID,NO,NO,NO,NO,NO,NO,-33.45263,-70.68235
ESTRM077,215,Metropolitano,B2,nan,ONGRID,NO,NO,NO,NO,NO,NO,-33.452378,-70.682266
ZM955,216,Metropolitano,C,C,ONGRID,NO,SI,NO,NO,NO,NO,-33.56955,-70.557454
ESTRM005,217,Metropolitano,B2,nan,ONGRID,NO,NO,NO,NO,NO,NO,-33.569594,-70.556679
ZM959,218,Metropolitano,C,C,ONGRID,NO,NO,NO,NO,NO,NO,-33.6849001,-71.2138
RM896,219,Metropolitano,D,C,ONGRID,NO,NO,NO,NO,NO,NO,-33.425576,-70.640078
RM725,220,Metropolitano,D,C,ONGRID,NO,NO,NO,NO,NO,NO,-33.437944,-70.660694
RM946,222,Metropolitano,C,C,ONGRID,NO,NO,NO,NO,NO,NO,-33.443333,-70.605833
RM528,224,Metropolitano,D,C,ONGRID,NO,NO,NO,NO,NO,NO,-33.439086,-70.6508831
ESTRM063,225,Metropolitano,B2,C,ONGRID,NO,SI,NO,NO,NO,NO,-33.686623,-71.217168
SA461,226,Metropolitano,D,C,ONGRID,NO,NO,NO,NO,NO,NO,-33.523458,-70.613847
SA176,227,Metropolitano,C,C,ONGRID,NO,NO,NO,NO,NO,NO,-33.8135,-70.747056
ESTRM011,228,Metropolitano,B1,nan,ONGRID,NO,SI,SI,SI,NO,NO,-33.810312,-70.737668
SA151,229,Metropolitano,D,C,ONGRID,NO,SI,NO,NO,NO,NO,-33.423853,-70.613225
SA398,230,Metropolitano,D,C,ONGRID,NO,SI,NO,NO,NO,NO,-33.586687,-70.562856
SA135,232,Metropolitano,D,C,ONGRID,NO,NO,NO,NO,NO,NO,-33.606364,-70.569192
ESTRM002,233,Metropolitano,B1,nan,ONGRID,SI,SI,SI,SI,NO,NO,-33.611305,-70.562635
SA034,234,Metropolitano,D,C,ONGRID,NO,NO,NO,NO,NO,NO,-33.370333,-70.736194
SA573,235,Metropolitano,C,C,ONGRID,NO,NO,NO,NO,NO,NO,-33.350389,-70.717
ESTRM007,236,Metropolitano,A,B+,ONGRID,SI,SI,NO,NO,SI,NO,-33.657111,-70.939925
ESTRM012,237,Metropolitano,B2,nan,OFFGRID,NO,NO,NO,NO,NO,SI,-33.0839087,-70.6564678
SA141,238,Metropolitano,D,C,ONGRID,NO,SI,NO,NO,NO,NO,-33.4428,-70.647575
RM652,239,Metropolitano,D,C,ONGRID,NO,NO,NO,NO,NO,NO,-33.6023,-70.6694
SA154,240,Metropolitano,D,C,ONGRID,NO,NO,NO,NO,NO,NO,-33.430652,-70.638462
RM864,241,Metropolitano,D,C,ONGRID,NO,NO,NO,NO,NO,NO,-33.432472,-70.629278
SA010,242,Metropolitano,D,C,ONGRID,NO,SI,NO,NO,NO,NO,-33.466094,-70.571814
ESTRM022,243,Metropolitano,B2,nan,ONGRID,NO,SI,NO,NO,NO,NO,-33.381466,-70.754963
ZB732,5745358,Sur,E,nan,ONGRID,NO,NO,NO,NO,NO,NO,-33.443805,-70.655319
ZM343,244,Metropolitano,D,C,ONGRID,NO,NO,NO,NO,NO,NO,-33.5956719,-70.7064581
ESTRM076,245,Metropolitano,B2,nan,ONGRID,NO,NO,NO,NO,NO,NO,-33.353598,-70.248911
SA574,246,Metropolitano,B2,C,ONGRID,NO,NO,NO,NO,NO,NO,-33.346139,-70.26978
SA097,247,Metropolitano,D,C,ONGRID,NO,SI,NO,NO,NO,NO,-33.397185,-70.584332
ESTOH013,248,Centro,B1,B+,ONGRID,SI,SI,NO,NO,NO,NO,-34.333272,-71.875425
RA116,249,Centro,C,C,ONGRID,NO,NO,NO,NO,NO,NO,-34.765974,-71.213837
ESTOH012,250,Centro,B1,B+,ONGRID,SI,SI,NO,NO,NO,NO,-34.385021,-71.295453
RO108,251,Centro,D,C,ONGRID,NO,NO,NO,NO,NO,NO,-34.486928,-72.015729
ESTOH015,252,Centro,B1,B+,ONGRID,SI,SI,NO,NO,NO,NO,-34.631393,-71.010387
OH492,253,Centro,C,C,ONGRID,NO,NO,NO,NO,NO,NO,-34.116056,-71.732469
ESTOH009,254,Centro,B2,nan,ONGRID,NO,SI,NO,NO,NO,NO,-34.117272,-71.725176
RA098,255,Centro,C,C,ONGRID,NO,NO,NO,NO,NO,NO,-34.225907,-70.786942
ESTOH005,256,Centro,B2,nan,ONGRID,NO,NO,NO,NO,NO,NO,-34.319651,-70.829494
OH487,257,Centro,C,C,ONGRID,NO,NO,NO,NO,NO,NO,-33.955036,-71.846742
ESTOH011,258,Centro,B2,C,ONGRID,NO,NO,NO,NO,NO,NO,-34.592527,-71.210222
ZU100,259,Centro,D,C,ONGRID,NO,NO,NO,NO,NO,NO,-34.7688,-71.044416
RO123,260,Centro,D,C,ONGRID,NO,NO,NO,NO,NO,NO,-34.25166,-71.620981
FN552,261,Centro,C,C,ONGRID,NO,NO,NO,NO,NO,NO,-34.653944,-71.247139
ZU011,262,Centro,D,C,ONGRID,NO,NO,NO,NO,NO,NO,-35.356639,-71.580936
ZU001,263,Centro,D,C,ONGRID,NO,NO,NO,NO,NO,NO,-35.451361,-71.662833
ZU514,264,Centro,D,C,ONGRID,NO,NO,NO,NO,NO,NO,-35.72825,-71.876028
ESTMA013,265,Centro,B2,C,ONGRID,NO,NO,NO,NO,NO,NO,-34.979611,-71.230972
ESTMA003,266,Centro,B1,B+,ONGRID,SI,SI,NO,NO,NO,NO,-35.00528,-71.15572
ZU016,268,Centro,D,C,ONGRID,NO,NO,NO,NO,NO,NO,-35.3878419,-71.6096941
ESTMA001,269,Centro,B2,C,ONGRID,NO,SI,NO,NO,NO,NO,-35.330429,-72.409127
ZU023,270,Centro,D,C,ONGRID,NO,NO,NO,NO,NO,NO,-35.430219,-71.670172
ESTMA017,271,Centro,B2,nan,ONGRID,NO,NO,NO,NO,NO,NO,-35.983333,-70.4
ZU505,272,Centro,D,C,ONGRID,NO,NO,NO,NO,NO,NO,-35.099649,-71.882984
ZU086,273,Centro,D,C,ONGRID,NO,NO,NO,NO,NO,NO,-34.9847344,-71.2419368
ZU089,274,Centro,D,C,ONGRID,NO,NO,NO,NO,NO,NO,-35.4258333,-71.6550001
ESTMA015,275,Centro,B1,B+,ONGRID,SI,SI,NO,NO,NO,NO,-35.011111,-72.081667
ZU004,276,Centro,D,C,ONGRID,NO,NO,NO,NO,NO,NO,-34.96178,-71.24924
ZU094,277,Centro,D,C,ONGRID,NO,NO,NO,NO,NO,NO,-35.4290592,-71.6706478
ESTMA002,278,Centro,B1,B+,ONGRID,SI,SI,NO,NO,NO,NO,-35.330028,-72.424028
FN640,279,Centro,C,C,ONGRID,NO,NO,NO,NO,NO,NO,-35.000667,-71.075333
ZU060,280,Centro,D,C,ONGRID,NO,NO,NO,NO,NO,NO,-35.40097,-71.64258
ZU095,281,Centro,D,C,ONGRID,NO,NO,NO,NO,NO,NO,-34.9836421,-71.241175
ZU097,283,Centro,D,C,ONGRID,NO,NO,NO,NO,NO,NO,-35.427755,-71.6577091
ZU098,284,Centro,D,C,ONGRID,NO,NO,NO,NO,NO,NO,-35.587806,-71.744861
ZU010,285,Centro,D,C,ONGRID,NO,NO,NO,NO,NO,NO,-34.96,-72.002222
TL534,286,Centro,C,C,ONGRID,NO,NO,NO,NO,NO,NO,-35.427231,-71.654809
ZU077,287,Centro,D,C,ONGRID,NO,NO,NO,NO,NO,NO,-35.420472,-71.654694
ESTMA008,288,Centro,B1,B+,ONGRID,SI,SI,NO,NO,NO,NO,-35.412202,-71.696019
ZU003,289,Centro,D,C,ONGRID,NO,NO,NO,NO,NO,NO,-35.825278,-71.601528
ZU503,290,Centro,D,C,ONGRID,NO,NO,NO,NO,NO,NO,-35.209269,-71.867972
MA334,291,Centro,C,C,ONGRID,NO,NO,NO,NO,NO,NO,-35.262763,-71.489338
ZU109,292,Centro,D,C,ONGRID,NO,NO,NO,NO,NO,NO,-35.865917,-71.633333
ZU104,293,Centro,D,C,ONGRID,NO,NO,NO,NO,NO,NO,-35.511139,-71.669222
TL076,294,Centro,D,C,ONGRID,NO,NO,NO,NO,NO,NO,-35.850833,-72.0575
ESTMA007,295,Centro,B1,nan,ONGRID,SI,SI,NO,NO,NO,NO,-35.594,-71.731442
MA173,296,Centro,D,C,ONGRID,NO,NO,NO,NO,NO,NO,-35.431446,-71.63557
MA119,297,Centro,C,C,ONGRID,NO,SI,NO,NO,NO,NO,-35.325816,-71.581844
ZU053,298,Centro,D,C,ONGRID,NO,NO,NO,NO,NO,NO,-35.463972,-71.6835
ZU014,299,Centro,D,C,ONGRID,NO,NO,NO,NO,NO,NO,-35.9675,-72.3174998
MA186,302,Centro,D,C,ONGRID,NO,NO,NO,NO,NO,NO,-34.978919,-71.24176
ESTBI025,303,Sur,B2,nan,ONGRID,NO,SI,NO,NO,NO,NO,-36.743647,-72.297421
CC345,304,Sur,D,C,ONGRID,NO,NO,NO,NO,NO,NO,-37.809167,-73.2625
ESTBI015,305,Sur,B1,B+,ONGRID,SI,SI,NO,NO,NO,NO,-36.706778,-72.527472
ESTBI003,306,Sur,B1,B+,ONGRID,SI,SI,NO,NO,NO,NO,-36.835092,-73.044186
BI826,307,Sur,D,C,ONGRID,NO,NO,NO,NO,NO,NO,-36.825492,-73.030296
ESTBI007,308,Sur,B1,B+,ONGRID,SI,SI,NO,NO,NO,NO,-37.423255,-73.239529
ESTBI014,309,Sur,B1,B+,ONGRID,SI,SI,NO,NO,NO,NO,-36.341636,-71.720489
ESTBI022,310,Sur,B2,C,ONGRID,NO,SI,NO,NO,NO,NO,-37.162274,-72.071269
BI935,311,Sur,D,C,ONGRID,NO,NO,NO,NO,NO,NO,-36.827083,-73.047942
ESTBI046,312,Sur,B2,nan,ONGRID,NO,NO,NO,NO,NO,NO,-36.821162,-73.052624
CC297,313,Sur,D,C,ONGRID,NO,NO,NO,NO,NO,NO,-36.897778,-72.807083
BI918,314,Sur,D,C,ONGRID,NO,NO,NO,NO,NO,NO,-37.0105,-73.1645
ESTBI009,315,Sur,B1,B+,ONGRID,SI,SI,NO,NO,NO,NO,-37.442443,-72.371394
ESTBI031,316,Sur,B2,C,ONGRID,NO,SI,NO,NO,NO,NO,-37.618006,-73.651613
FS649,317,Sur,C,C,ONGRID,NO,NO,NO,NO,NO,NO,-37.564972,-72.158556
ZB538,318,Sur,D,C,ONGRID,NO,NO,NO,NO,NO,NO,-37.08675,-71.851361
BI817,319,Sur,B1,C,ONGRID,NO,NO,SI,SI,NO,NO,-36.7583,-73.0875
ESTBI005,320,Sur,B1,B+,ONGRID,SI,SI,NO,NO,NO,NO,-36.966858,-73.068778
ESTBI013,321,Sur,B2,C,ONGRID,NO,SI,NO,NO,NO,NO,-37.499611,-72.676067
FS675,322,Sur,C,C,ONGRID,NO,NO,NO,NO,NO,NO,-36.900222,-71.933917
FS631,323,Sur,C,C,ONGRID,NO,NO,NO,NO,NO,NO,-37.798667,-73.496139
ESTBI006,324,Sur,B1,B+,ONGRID,SI,SI,NO,SI,NO,NO,-36.9555,-73.1625
CC309,325,Sur,D,C,ONGRID,NO,NO,NO,NO,NO,NO,-36.826833,-73.053806
ZB546,326,Sur,D,C,ONGRID,NO,NO,NO,NO,NO,NO,-37.267082,-73.198227
CC048,327,Sur,B1,C,ONGRID,NO,SI,NO,NO,NO,NO,-36.641625,-72.094966
ZB523,328,Sur,D,C,ONGRID,NO,NO,NO,NO,NO,NO,-36.677683,-72.133486
CC156,329,Sur,B2,C,ONGRID,NO,NO,NO,NO,NO,NO,-37.886861,-71.630306
ESTBI053,330,Sur,B2,nan,ONGRID,NO,SI,NO,NO,NO,NO,-37.8868611,-71.6303056
ZB566,331,Sur,D,C,ONGRID,NO,NO,NO,NO,NO,NO,-37.57749,-72.088002
FS665,332,Sur,C,C,ONGRID,NO,NO,NO,NO,NO,NO,-37.197917,-72.624003
BI133,333,Sur,C,C,ONGRID,NO,SI,NO,NO,NO,NO,-36.27219,-71.81494
BI163,334,Sur,D,C,ONGRID,NO,NO,NO,NO,NO,NO,-36.831667,-73.049444
ZB529,335,Sur,D,C,ONGRID,NO,NO,NO,NO,NO,NO,-36.495469,-72.795633
BI943,336,Sur,B2,C+,ONGRID,NO,SI,NO,NO,NO,NO,-37.178786,-72.945567
FS688,337,Sur,C,C,ONGRID,NO,NO,NO,NO,NO,NO,-36.8495,-71.930278
FS632,338,Sur,C,C,ONGRID,NO,NO,NO,NO,NO,NO,-37.760917,-73.484778
BI086,339,Sur,B1,C,ONGRID,NO,NO,NO,NO,NO,NO,-36.718457,-73.114391
ESTBI021,340,Sur,B1,nan,ONGRID,SI,SI,NO,SI,NO,NO,-36.717967,-73.113879
BI944,341,Sur,B1,C,ONGRID,SI,SI,NO,NO,NO,NO,-36.580889,-72.906472
ESTBI039,342,Sur,B1,nan,ONGRID,NO,NO,NO,NO,NO,NO,-36.580889,-72.906472
ESTBI042,343,Sur,B2,nan,ONGRID,NO,SI,NO,NO,NO,NO,-37.120025,-72.015338
ESTAR001,344,Sur,B1,B+,ONGRID,SI,SI,NO,NO,NO,NO,-37.799677,-72.711074
ZE002,345,Sur,D,C,ONGRID,NO,NO,NO,NO,NO,NO,-38.985194,-72.926611
AR372,346,Sur,B1,C,ONGRID,SI,SI,NO,NO,NO,NO,-38.752529,-73.179934
ESTAR014,347,Sur,B2,nan,ONGRID,NO,SI,NO,NO,NO,NO,-38.7088593,-73.1678812
AR798,348,Sur,D,C,ONGRID,NO,NO,NO,NO,NO,NO,-38.752145,-72.61423
ESTAR022,349,Sur,B2,C,ONGRID,NO,SI,NO,NO,NO,NO,-38.754923,-72.581173
ZE518,350,Sur,D,C,ONGRID,NO,NO,NO,NO,NO,NO,-38.805389,-72.262028
AR998,351,Sur,B2,C,ONGRID,NO,NO,NO,NO,NO,NO,-38.488558,-71.644171
ESTAR015,352,Sur,B2,nan,ONGRID,NO,SI,NO,NO,NO,NO,-38.43665,-71.89312
ZE093,353,Sur,D,C,ONGRID,NO,NO,NO,NO,NO,NO,-38.7391667,-72.5908335
ESTAR017,354,Sur,B2,C,ONGRID,NO,SI,NO,NO,NO,NO,-38.419417,-72.79425
ESTAR007,355,Sur,B1,C,ONGRID,SI,SI,NO,NO,NO,NO,-39.323444,-72.684444
ZE014,356,Sur,D,C,ONGRID,NO,NO,NO,NO,NO,NO,-37.92286,-72.74743
AR586,357,Sur,D,C,ONGRID,NO,NO,NO,NO,NO,NO,-38.973606,-72.242969
ESTAR011,358,Sur,B1,B+,ONGRID,SI,SI,NO,NO,NO,NO,-38.694163,-72.561782
ESTAR020,359,Sur,B2,C,ONGRID,NO,SI,NO,NO,NO,NO,-38.74394,-72.96335
ESTAR016,360,Sur,B2,C,ONGRID,NO,SI,NO,NO,NO,NO,-38.11936,-72.34881
AR561,361,Sur,D,C,ONGRID,NO,NO,NO,NO,NO,NO,-38.717423,-72.62534
ESTAR009,362,Sur,B2,C,ONGRID,NO,SI,NO,NO,NO,NO,-38.990222,-72.636778
ESTAR010,363,Sur,B1,B+,ONGRID,SI,SI,NO,NO,NO,NO,-39.277803,-71.973476
AR776,364,Sur,D,C,ONGRID,NO,NO,NO,NO,NO,NO,-39.22,-72.539389
ZE033,365,Sur,D,C,ONGRID,NO,NO,NO,NO,NO,NO,-39.156091,-72.663532
TE031,366,Sur,D,C,ONGRID,NO,NO,NO,NO,NO,NO,-39.292769,-72.184158
ESTAR013,367,Sur,B1,B+,ONGRID,SI,SI,NO,NO,NO,NO,-39.285944,-72.24
FS734,368,Austral,C,C,ONGRID,NO,NO,NO,NO,NO,NO,-40.216833,-72.930417
ESTLA016,369,Austral,B1,B+,ONGRID,SI,SI,NO,NO,NO,NO,-39.815639,-73.154556
PM006,370,Austral,D,C,ONGRID,NO,SI,NO,NO,NO,NO,-39.825174,-73.206522
LA978,371,Austral,B2,C,ONGRID,NO,SI,NO,NO,NO,NO,-42.464467,-73.513725
ESTLA040,372,Austral,B2,nan,ONGRID,NO,SI,NO,NO,NO,NO,-42.538133,-73.418773
LA475,373,Austral,D,C,ONGRID,NO,NO,NO,NO,NO,NO,-41.865028,-73.808114
ESTLA001,374,Austral,B2,nan,ONGRID,NO,SI,NO,NO,NO,NO,-41.868714,-73.828707
FS714,375,Austral,C,C,ONGRID,NO,SI,NO,NO,NO,NO,-40.582583,-73.725833
ESTLA009,376,Austral,B2,C,ONGRID,NO,NO,NO,NO,NO,NO,-42.264556,-73.693818
ESTLA017,377,Austral,B2,C,ONGRID,NO,SI,NO,NO,NO,NO,-41.765221,-73.139748
LA539,378,Austral,C,C,ONGRID,NO,SI,NO,NO,NO,NO,-40.771556,-72.964602
LA408,379,Austral,D,C,ONGRID,NO,NO,NO,NO,NO,NO,-42.476417,-73.770222
ESTLA042,380,Austral,B2,nan,ONGRID,NO,SI,NO,NO,NO,NO,-42.48014,-73.762414
ESTLA002,381,Austral,B2,C,ONGRID,NO,SI,NO,NO,NO,NO,-41.89364,-73.8177
ESTLA005,382,Austral,B2,C,OFFGRID,NO,NO,NO,NO,NO,NO,-42.928263,-72.715005
PM496,383,Austral,B2,C,ONGRID,NO,NO,NO,NO,NO,NO,-41.485639,-72.854306
LA906,384,Austral,D,C,ONGRID,NO,SI,NO,NO,NO,NO,-41.43753,-72.95814
LA451,385,Austral,C,C,ONGRID,NO,NO,NO,NO,NO,NO,-42.557068,-73.826112
ESTLA022,386,Austral,B2,nan,ONGRID,NO,SI,NO,NO,NO,NO,-42.625683,-73.77504
LA002,387,Austral,C,C,ONGRID,NO,NO,NO,NO,NO,NO,-41.495778,-72.331694
FS711,388,Austral,C,C,ONGRID,NO,NO,NO,NO,NO,NO,-40.923917,-73.3485
LA412,389,Austral,D,C,ONGRID,NO,NO,NO,NO,NO,NO,-42.149064,-73.695533
LA976,390,Austral,D,C,ONGRID,NO,NO,NO,NO,NO,NO,-42.37233,-73.65975
ESTLA025,391,Austral,B2,nan,ONGRID,NO,NO,NO,NO,NO,NO,-42.376505,-73.650312
ESTLA010,392,Austral,B1,B+,ONGRID,SI,SI,NO,NO,NO,NO,-41.114136,-73.035753
ESTLA004,393,Austral,A,C,ONGRID,SI,SI,NO,NO,SI,NO,-42.480778,-73.844797
PM538,394,Austral,D,C,ONGRID,NO,NO,NO,NO,NO,NO,-41.3182,-72.9816722
ZL110,395,Austral,D,C,ONGRID,NO,NO,NO,NO,NO,NO,-41.315017,-72.9854691
ESTLA014,396,Austral,B1,B+,ONGRID,SI,SI,NO,NO,NO,NO,-40.602386,-73.21072
ESTLA003,397,Austral,A,B+,ONGRID,SI,SI,NO,NO,SI,NO,-41.615889,-73.203889
ESTLA006,398,Austral,B2,C,ONGRID,NO,NO,NO,NO,NO,NO,-43.349466,-72.401586
ESTLA007,399,Austral,B1,nan,ONGRID,NO,NO,NO,NO,NO,NO,-42.9167,-72.7167
ZL138,400,Austral,C,C,ONGRID,NO,NO,NO,NO,NO,NO,-41.44805,-72.95682
ESTLA031,401,Austral,B2,C,ONGRID,NO,SI,NO,NO,NO,NO,-43.618592,-71.806356
ZL008,402,Austral,D,C,ONGRID,NO,NO,NO,NO,NO,NO,-41.792554,-73.466076
ESTLA018,403,Austral,D,nan,ONGRID,NO,NO,NO,NO,NO,NO,-41.792443,-73.464874
PM235,404,Austral,D,C,ONGRID,NO,NO,NO,NO,NO,NO,-40.706284,-73.014156
ESTLA033,405,Austral,B2,C,ONGRID,NO,SI,NO,NO,NO,NO,-40.96894,-72.88325
ESTLA015,406,Austral,B1,B+,ONGRID,SI,SI,NO,NO,NO,NO,-41.313528,-72.997389
ZL341,407,Austral,D,C,ONGRID,NO,NO,NO,NO,NO,NO,-42.402611,-73.631861
LA538,408,Austral,C,C,ONGRID,NO,NO,NO,NO,NO,NO,-40.948778,-72.875994
AI751,409,Austral,B2,C,ONGRID,NO,SI,NO,NO,NO,NO,-46.516133,-71.753605
ESTAY001,410,Austral,B2,C,ONGRID,NO,SI,NO,NO,NO,NO,-46.5462167,-71.7257639
ESTAY016,411,Austral,A,A+,ONGRID,SI,SI,NO,NO,SI,NO,-45.572917,-72.065722
ESTAY009,412,Austral,B2,C,ONGRID,NO,SI,NO,NO,NO,NO,-44.000971,-72.420823
ESTAY004,413,Austral,A,B+,ONGRID,SI,SI,NO,NO,SI,NO,-45.405706,-72.69428
ESTAY005,414,Austral,B1,C,ONGRID,NO,SI,NO,NO,NO,NO,-45.461231,-72.818069
ESTAY007,415,Austral,B2,C,ONGRID,NO,SI,NO,NO,NO,NO,-44.722794,-72.683833
ESTAY008,416,Austral,B1,C,ONGRID,NO,NO,NO,NO,NO,NO,-44.325747,-72.568212
ESTMG004,417,Austral,A,B+,ONGRID,SI,SI,NO,NO,SI,NO,-53.155333,-71.044528
MG890,418,Austral,B2,C,ONGRID,NO,NO,NO,NO,NO,NO,-51.680306,-72.437657
ZP015,419,Austral,C,C,OFFGRID,NO,NO,NO,NO,NO,NO,-53.06335,-69.343592
PA547,420,Austral,C,C,OFFGRID,NO,NO,NO,NO,NO,SI,-54.046917,-68.80325
MG019,421,Austral,C,C,ONGRID,NO,NO,NO,NO,NO,NO,-51.726663,-72.494586
ESTMG008,422,Austral,B2,nan,ONGRID,NO,SI,NO,NO,NO,NO,-51.726818,-72.501469
MG469,423,Austral,C,C,ONGRID,NO,NO,NO,NO,NO,NO,-53.16125,-70.907056
ESTMG017,424,Austral,A,nan,ONGRID,SI,SI,NO,NO,SI,NO,-53.1627,-70.9047
TA317,426,Norte,D,C,ONGRID,NO,SI,NO,NO,NO,NO,-18.489306,-70.311167
TA313,427,Norte,C,C,ONGRID,NO,NO,NO,NO,NO,NO,-18.441942,-70.300396
TA314,428,Norte,D,C,ONGRID,NO,NO,NO,NO,NO,NO,-18.492722,-70.271389
ESTTA001,429,Norte,B1,nan,ONGRID,NO,SI,NO,SI,NO,NO,-18.47907,-70.31824
TA249,430,Norte,E,C,ONGRID,NO,NO,NO,NO,NO,NO,-18.477073,-70.316192
TA290,431,Norte,D,C,ONGRID,NO,NO,NO,NO,NO,NO,-18.480678,-70.310899
ESTTA046,432,Norte,B2,nan,ONGRID,NO,NO,NO,NO,NO,NO,-18.471767,-70.292504
TA167,433,Norte,D,C,ONGRID,NO,NO,NO,NO,NO,NO,-18.486056,-70.279472
TA086,435,Norte,D,C,ONGRID,NO,NO,NO,NO,NO,NO,-18.484222,-70.305777
FN711,436,Norte,C,C,OFFGRID,NO,NO,NO,NO,NO,SI,-19.002139,-69.933556
TA021,437,Norte,D,C,ONGRID,NO,NO,NO,NO,NO,NO,-18.43978,-70.29205
ESTTA022,438,Norte,B2,nan,OFFGRID,NO,NO,NO,NO,NO,NO,-18.478253,-70.312599
ESTTA002,439,Norte,B2,nan,ONGRID,NO,NO,NO,NO,NO,NO,-18.491315,-70.289195
ESTTA003,440,Norte,B2,nan,ONGRID,NO,SI,NO,NO,NO,NO,-18.357,-70.326
ESTTA019,441,Norte,A,C,OFFGRID,NO,SI,NO,NO,SI,SI,-18.335584,-69.501781
TA459,442,Norte,B2,C,ONGRID,NO,NO,NO,NO,NO,NO,-18.454043,-70.289093
ESTTA020,443,Norte,A,C,OFFGRID,NO,SI,NO,NO,SI,SI,-18.277903,-69.139297
FN712,444,Norte,C,C,OFFGRID,NO,NO,NO,NO,NO,SI,-18.828583,-69.747639
FN749,445,Norte,C,C,OFFGRID,NO,NO,NO,NO,NO,SI,-18.825833,-69.741778
TA973,446,Norte,C,C,ONGRID,NO,NO,NO,NO,NO,NO,-18.398517,-70.300336
TA485,447,Norte,C,C,OFFGRID,NO,NO,NO,NO,NO,SI,-19.1784,-70.175361
FN710,449,Norte,C,C,ONGRID,NO,NO,NO,NO,NO,NO,-18.402528,-70.255639
TA085,450,Norte,D,C,ONGRID,NO,NO,NO,NO,NO,NO,-18.469389,-70.305111
TA166,451,Norte,D,C,ONGRID,NO,NO,NO,NO,NO,NO,-18.469849,-70.283184
ZT046,452,Norte,D,C,ONGRID,NO,NO,NO,NO,NO,NO,-18.4796679,-70.3175339
TA253,453,Norte,D,C,ONGRID,NO,NO,NO,NO,NO,NO,-18.439222,-70.284611
ESTTA004,455,Norte,B1,B+,ONGRID,SI,SI,NO,NO,NO,NO,-18.489558,-70.32285
TA165,456,Norte,D,C,ONGRID,NO,NO,NO,NO,NO,NO,-18.460392,-70.293431
FN713,457,Norte,C,C,ONGRID,NO,NO,NO,NO,NO,NO,-18.203056,-69.267083
TA041,458,Norte,D,C,ONGRID,NO,NO,NO,NO,NO,NO,-18.4654,-70.298676
TA084,459,Norte,D,C,ONGRID,NO,NO,NO,NO,NO,NO,-18.481328,-70.302417
TA251,460,Norte,D,C,ONGRID,NO,NO,NO,NO,NO,NO,-18.445556,-70.281389
ESTTA043,461,Norte,B2,nan,ONGRID,NO,SI,NO,NO,NO,NO,-18.478253,-70.312599
TA069,462,Norte,C,C,ONGRID,NO,NO,NO,NO,NO,NO,-18.213528,-69.570556
FN708,463,Norte,C,C,OFFGRID,NO,NO,NO,NO,NO,SI,-18.771083,-70.1955
TA946,464,Norte,D,C,OFFGRID,SI,NO,NO,NO,NO,NO,-18.45,-69.879694
ESTTA051,465,Norte,B2,nan,ONGRID,NO,SI,NO,NO,NO,NO,-18.204378,-69.554958
TA250,466,Norte,D,C,ONGRID,NO,NO,NO,NO,NO,NO,-18.432,-70.293583
TA479,467,Norte,C,C,ONGRID,NO,NO,NO,NO,NO,NO,-18.489146,-70.288031
RPA1,468,Norte,C,nan,OFFGRID,NO,NO,NO,NO,NO,NO,-17.8320278,-69.3126056
RPA2,469,Norte,C,nan,OFFGRID,NO,NO,NO,NO,NO,NO,-18.0331944,-69.2958028
RPA3,470,Norte,C,nan,OFFGRID,NO,NO,NO,NO,NO,NO,-18.1435556,-69.3022194
TA257,471,Norte,D,C,ONGRID,NO,NO,NO,NO,NO,NO,-18.503125,-70.281022
TA191,472,Norte,C,C,ONGRID,NO,NO,NO,NO,NO,NO,-18.551722,-70.120194
TA055,473,Norte,C,C,ONGRID,NO,SI,NO,NO,NO,NO,-18.518337,-70.228764
ZT092,474,Norte,D,C,ONGRID,NO,NO,NO,NO,NO,NO,-18.558278,-69.503056
TA854,475,Norte,D,C,ONGRID,NO,NO,NO,NO,NO,NO,-18.478333,-70.3191668
ZT500,476,Norte,D,C,ONGRID,NO,NO,NO,NO,NO,NO,-18.581428,-69.490353
TA563,477,Norte,C,C,ONGRID,NO,NO,NO,NO,NO,NO,-18.522782,-70.166261
FN714,478,Norte,C,C,OFFGRID,NO,NO,NO,NO,NO,SI,-18.391944,-70.149639
FN715,479,Norte,C,C,ONGRID,NO,NO,NO,NO,NO,NO,-18.455,-70.072444
FN716,480,Norte,C,C,ONGRID,NO,NO,NO,NO,NO,NO,-18.412222,-70.185556
TA067,481,Norte,D,C,ONGRID,NO,NO,NO,NO,NO,NO,-18.4446,-70.2926
TA068,482,Norte,D,C,ONGRID,NO,NO,NO,NO,NO,NO,-18.45406,-70.29919
FN717,483,Norte,C,C,OFFGRID,NO,NO,NO,NO,NO,SI,-17.59175,-69.475055
ESTTA036,485,Norte,B2,nan,ONGRID,NO,NO,NO,NO,NO,NO,-20.253709,-69.786013
ESTTA021,486,Norte,B1,nan,ONGRID,SI,SI,NO,NO,NO,NO,-20.273078,-70.100708
TA117,487,Norte,C,C,ONGRID,NO,NO,NO,NO,NO,NO,-20.27712,-70.09755
TA727,489,Norte,D,C,ONGRID,NO,NO,NO,NO,NO,NO,-20.276833,-70.089806
VT005,133189328,Norte,E,nan,ONGRID,NO,NO,NO,NO,NO,NO,-20.2682405,-70.107006
ESTTA037,490,Norte,B2,nan,ONGRID,NO,NO,NO,NO,NO,NO,-20.254709,-69.786013
ESTTA025,491,Norte,B2,nan,OFFGRID,NO,SI,NO,NO,NO,SI,-21.002776,-68.797014
ESTTA026,492,Norte,B2,nan,ONGRID,NO,NO,NO,NO,NO,NO,-20.489483,-69.330511
ESTTA038,493,Norte,B2,nan,ONGRID,NO,SI,NO,NO,NO,NO,-20.255709,-69.786013
TA146,494,Norte,D,C,ONGRID,NO,NO,NO,NO,NO,NO,-20.264701,-70.124891
TA040,495,Norte,D,C,ONGRID,NO,NO,NO,NO,NO,NO,-20.231785,-70.138413
TA090,496,Norte,D,C,ONGRID,NO,NO,NO,NO,NO,NO,-20.281185,-70.12675
TA575,497,Norte,D,C,ONGRID,NO,NO,NO,NO,NO,NO,-20.22215,-70.15126
ESTTA007,498,Norte,B2,C,ONGRID,NO,SI,NO,NO,NO,NO,-19.813078,-69.962206
TA972,499,Norte,C,C,ONGRID,NO,SI,NO,NO,NO,NO,-20.289747,-70.125086
TA087,500,Norte,D,C,ONGRID,NO,NO,NO,NO,NO,NO,-20.212472,-70.132444
FN332,501,Norte,C,C,ONGRID,NO,NO,NO,NO,NO,NO,-19.300972,-69.429778
ESTTA027,502,Norte,B2,nan,ONGRID,NO,NO,NO,NO,NO,NO,-19.852498,-68.600999
ZT502,503,Norte,D,C,OFFGRID,NO,NO,NO,NO,NO,NO,-19.453983,-68.646694
TA110,504,Norte,C,C,ONGRID,NO,NO,NO,NO,NO,NO,-20.03679,-69.775338
ESTTA006,505,Norte,B2,nan,OFFGRID,NO,NO,NO,NO,NO,NO,-19.566667,-68.995556
ESTTA028,506,Norte,B2,nan,ONGRID,NO,NO,NO,NO,NO,NO,-20.115,-69.009444
TA089,507,Norte,D,C,ONGRID,NO,NO,NO,NO,NO,NO,-20.23969,-70.14259
ZT501,508,Norte,D,C,OFFGRID,NO,NO,NO,NO,NO,NO,-19.540209,-69.202905
TA003,509,Norte,D,C,ONGRID,NO,NO,NO,NO,NO,NO,-21.349444,-70.091667
ESTTA008,510,Norte,B2,nan,ONGRID,NO,NO,NO,NO,NO,NO,-19.995233,-69.767761
ESTTA024,511,Norte,B2,nan,ONGRID,NO,NO,NO,NO,NO,NO,-20.536408,-70.180518
ESTTA023,512,Norte,B2,nan,ONGRID,NO,SI,NO,NO,NO,NO,-19.276139,-68.638805
TA405,513,Norte,C,C,OFFGRID,NO,NO,NO,NO,NO,SI,-19.275,-68.634389
ESTTA029,514,Norte,B2,nan,ONGRID,NO,NO,NO,NO,NO,NO,-20.040923,-68.831896
TA237,515,Norte,C,C,ONGRID,NO,NO,NO,NO,NO,NO,-20.254678,-70.133384
TA318,516,Norte,D,C,ONGRID,NO,NO,NO,NO,NO,NO,-20.252694,-70.127667
ESTTA030,517,Norte,B2,nan,ONGRID,NO,NO,NO,NO,NO,NO,-20.751777,-68.683477
TA311,518,Norte,D,C,ONGRID,NO,NO,NO,NO,NO,NO,-20.130559,-69.751293
TA771,519,Norte,D,C,ONGRID,NO,NO,NO,NO,NO,NO,-20.709833,-68.693639
TA109,520,Norte,D,C,ONGRID,NO,NO,NO,NO,NO,NO,-20.531784,-70.187308
TA225,521,Norte,B2,C,ONGRID,NO,NO,NO,NO,NO,NO,-20.211414,-70.141
TA321,522,Norte,C,C,ONGRID,NO,NO,NO,NO,NO,NO,-20.244861,-70.128444
TA248,523,Norte,D,C,ONGRID,NO,NO,NO,NO,NO,NO,-20.216264,-70.143689
TA320,524,Norte,D,C,ONGRID,NO,NO,NO,NO,NO,NO,-20.216472,-70.155389
ESTTA048,525,Norte,B1,nan,ONGRID,NO,NO,NO,SI,NO,NO,-20.21548,-70.152207
TA168,526,Norte,D,C,ONGRID,NO,NO,NO,NO,NO,NO,-20.195806,-70.135611
TA310,527,Norte,D,C,ONGRID,NO,NO,NO,NO,NO,NO,-20.223056,-70.146306
TA170,528,Norte,C,C,ONGRID,NO,NO,NO,NO,NO,NO,-20.286444,-70.092556
TA088,529,Norte,D,C,ONGRID,NO,NO,NO,NO,NO,NO,-20.227063,-70.146747
TA053,530,Norte,D,C,ONGRID,NO,NO,NO,NO,NO,NO,-20.425402,-69.575057
TA312,531,Norte,C,C,ONGRID,NO,NO,NO,NO,NO,NO,-20.345972,-69.646972
TA258,532,Norte,D,C,ONGRID,NO,NO,NO,NO,NO,NO,-20.256972,-70.1015
ZT022,533,Norte,D,C,ONGRID,NO,NO,NO,NO,NO,NO,-20.225889,-70.142556
ESTTA031,534,Norte,B2,nan,ONGRID,NO,NO,NO,NO,NO,NO,-19.861962,-68.827837
ESTTA039,536,Norte,B2,nan,ONGRID,NO,NO,NO,NO,NO,NO,-20.129666,-69.186219
TA919,537,Norte,C,C,ONGRID,NO,NO,NO,NO,NO,NO,-20.2059309,-70.137819
ESTTA040,538,Norte,B2,C,ONGRID,NO,SI,NO,NO,NO,NO,-20.071294,-69.218991
TA284,539,Norte,C,C,ONGRID,NO,NO,NO,NO,NO,NO,-20.512,-69.3615
MQ263,540,Metropolitano,D,C+,ONGRID,NO,NO,NO,NO,NO,NO,-33.4446551,-70.6561692
ESTTA041,541,Norte,B2,nan,ONGRID,NO,NO,NO,NO,NO,NO,-20.256709,-69.786013
TA487,542,Norte,D,C,ONGRID,NO,NO,NO,NO,NO,NO,-20.064475,-69.268167
TA534,543,Norte,B2,C,ONGRID,NO,NO,NO,NO,NO,NO,-20.828269,-68.656457
TA571,544,Norte,D,C,ONGRID,NO,NO,NO,NO,NO,NO,-20.983104,-68.642863
TA233,545,Norte,D,C,ONGRID,NO,NO,NO,NO,NO,NO,-20.9721,-68.6289
TA234,546,Norte,D,C,ONGRID,NO,NO,NO,NO,NO,NO,-20.9599,-68.695
TA134,547,Norte,C,C,ONGRID,NO,NO,NO,NO,NO,NO,-20.963423,-68.670759
TA236,548,Norte,D,C,ONGRID,NO,NO,NO,NO,NO,NO,-20.206736,-70.146588
ESTTA032,549,Norte,B2,nan,ONGRID,NO,NO,NO,NO,NO,NO,-19.839722,-68.758889
ESTTA014,550,Norte,B1,nan,ONGRID,SI,SI,NO,NO,NO,NO,-20.257709,-69.786013
TA115,551,Norte,B2,C,ONGRID,NO,NO,NO,NO,NO,NO,-20.958875,-69.659322
TA044,552,Norte,D,C,OFFGRID,NO,NO,NO,NO,NO,SI,-20.736693,-69.67106
ESTTA033,553,Norte,B2,nan,ONGRID,NO,NO,NO,NO,NO,NO,-20.903611,-68.608333
ESTTA042,554,Norte,B2,nan,ONGRID,NO,NO,NO,NO,NO,NO,-20.258709,-69.786013
TA574,555,Norte,D,C,ONGRID,NO,NO,NO,NO,NO,NO,-20.235111,-70.150083
TA547,556,Norte,C,C,ONGRID,NO,NO,NO,NO,NO,NO,-20.48847,-69.31558
ESTTA049,557,Norte,B2,nan,ONGRID,NO,NO,NO,NO,NO,NO,-20.623876,-69.663325
FN333,558,Norte,C,C,OFFGRID,NO,NO,NO,NO,NO,SI,-19.603611,-70.214889
TA595,559,Norte,D,C,ONGRID,NO,NO,NO,NO,NO,NO,-20.225152,-70.139661
ONUTA001,560,Norte,D,nan,ONGRID,NO,NO,NO,NO,NO,NO,-20.230703,-70.135669
TA027,561,Norte,D,C,ONGRID,NO,NO,NO,NO,NO,NO,-20.213,-70.1487
TA116,562,Norte,D,C,ONGRID,NO,NO,NO,NO,NO,NO,-20.213441,-70.153296
FN331,563,Norte,B2,C,ONGRID,NO,NO,NO,NO,NO,NO,-20.257167,-69.778528
TA733,564,Norte,C,C,ONGRID,NO,NO,NO,NO,NO,NO,-20.812893,-70.185645
ESTTA050,565,Norte,B2,nan,ONGRID,NO,NO,NO,NO,NO,NO,-20.8091472,-70.2004556
TA732,566,Norte,C,C,ONGRID,NO,NO,NO,NO,NO,NO,-20.737186,-70.181886
TA722,567,Norte,D,C,ONGRID,NO,NO,NO,NO,NO,NO,-20.420118,-70.163139
TA220,568,Norte,C,C,ONGRID,NO,NO,NO,NO,NO,NO,-21.0068,-68.7959
ESTTA044,569,Norte,B2,nan,OFFGRID,NO,NO,NO,NO,NO,NO,-20.93601,-70.017085
RPL024,570,Norte,C,nan,OFFGRID,NO,NO,NO,NO,NO,SI,-18.426,-69.651
RP406,571,Norte,D,nan,ONGRID,NO,NO,NO,NO,NO,NO,-20.981167,-68.634028
RP359,572,Norte,D,nan,ONGRID,NO,NO,NO,NO,NO,NO,-20.205611,-70.137917
TA961,573,Norte,C,C,OFFGRID,NO,NO,NO,NO,NO,SI,-20.311361,-69.019
ZT117,574,Norte,D,C,OFFGRID,NO,NO,NO,NO,NO,SI,-20.502139,-68.812306
ESTTA053,575,Norte,B2,nan,ONGRID,NO,NO,NO,NO,NO,NO,-20.83045,-68.6597
ESTTA056,576,Norte,B2,nan,ONGRID,NO,NO,NO,NO,NO,NO,-20.9822306,-68.6323222
ESTTA057,577,Norte,B2,nan,ONGRID,NO,NO,NO,NO,NO,NO,-20.9738861,-68.629
ESTTA054,578,Norte,B2,nan,ONGRID,NO,NO,NO,NO,NO,NO,-20.9836083,-68.6328889
ESTTA058,579,Norte,B2,nan,ONGRID,NO,NO,NO,NO,NO,NO,-20.9595972,-68.7077222
ESTTA055,580,Norte,B2,nan,ONGRID,NO,NO,NO,NO,NO,NO,-20.9855528,-68.6442778
TA002,581,Norte,C,C,OFFGRID,NO,NO,NO,NO,NO,NO,-21.127694,-70.124561
TA956,582,Norte,D,C,ONGRID,NO,NO,NO,NO,NO,NO,-20.2625,-70.0611113
TA855,583,Norte,D,C,ONGRID,NO,NO,NO,NO,NO,NO,-20.213889,-70.1505551
ESTTA034,584,Norte,B2,nan,ONGRID,NO,NO,NO,NO,NO,NO,-20.9833,-68.6
ESTTA035,585,Norte,B2,nan,ONGRID,NO,NO,NO,NO,NO,NO,-20.9833,-68.6
TA247,586,Norte,D,C,ONGRID,NO,NO,NO,NO,NO,NO,-20.9457,-69.529
TA490,587,Norte,C,C,ONGRID,NO,NO,NO,NO,NO,NO,-19.924467,-69.514836
TA912,588,Norte,D,C,ONGRID,NO,NO,NO,NO,NO,NO,-20.988778,-68.773833
ESTTA018,589,Norte,B1,nan,ONGRID,NO,SI,NO,NO,NO,NO,-19.995233,-69.767761
TA868,590,Norte,D,C,ONGRID,NO,NO,NO,NO,NO,NO,-20.267031,-70.084069
ESTTA005,591,Norte,B2,C,ONGRID,NO,SI,NO,NO,NO,NO,-18.9698,-70.049822
TA118,592,Norte,C,C,ONGRID,NO,SI,NO,NO,NO,NO,-20.206388,-70.136666
ONUTA002,593,Norte,B2,nan,ONGRID,NO,NO,NO,NO,NO,NO,-20.204901,-70.139833
ONUTA003,594,Norte,B2,nan,ONGRID,NO,SI,NO,NO,NO,NO,-20.204901,-70.139833
AN155,595,Norte,D,C,ONGRID,NO,NO,NO,NO,NO,NO,-22.272806,-68.925111
ESTAN008,597,Norte,B2,nan,ONGRID,NO,NO,NO,NO,NO,NO,-22.151094,-69.575869
ESTAN037,598,Norte,B2,nan,OFFGRID,NO,SI,NO,NO,NO,SI,-25.283333,-69.766667
AN029,599,Norte,D,C,ONGRID,NO,NO,NO,NO,NO,NO,-23.586194,-70.379346
AN263,600,Norte,D,C,ONGRID,NO,NO,NO,NO,NO,NO,-23.667778,-70.400222
AN294,601,Norte,C,C,ONGRID,NO,NO,NO,NO,NO,NO,-23.6755,-70.403889
AN275,602,Norte,C,C,ONGRID,NO,NO,NO,NO,NO,NO,-23.620889,-70.391306
AN893,603,Norte,D,C,ONGRID,NO,NO,NO,NO,NO,NO,-23.647461,-70.397289
AN077,605,Norte,D,C,ONGRID,NO,NO,NO,NO,NO,NO,-23.632806,-70.387583
ESTAN054,606,Norte,B2,nan,ONGRID,NO,NO,NO,NO,NO,NO,-23.652149,-70.400544
AN304,607,Norte,D,C,ONGRID,NO,NO,NO,NO,NO,NO,-23.579167,-70.385944
AN178,608,Norte,D,C,ONGRID,NO,NO,NO,NO,NO,NO,-23.583944,-70.389167
AN209,610,Norte,B1,C,ONGRID,NO,SI,NO,NO,NO,NO,-23.641397,-70.389628
AN306,611,Norte,D,C,ONGRID,NO,NO,NO,NO,NO,NO,-23.561556,-70.402417
AN177,612,Norte,C,C,ONGRID,NO,NO,NO,NO,NO,NO,-23.591389,-70.381111
AN179,613,Norte,D,C,ONGRID,NO,NO,NO,NO,NO,NO,-23.626667,-70.3825
AN181,614,Norte,D,C,ONGRID,NO,NO,NO,NO,NO,NO,-23.661639,-70.388861
AN308,615,Norte,D,C,ONGRID,NO,NO,NO,NO,NO,NO,-23.647953,-70.390495
AN182,616,Norte,D,C,ONGRID,NO,NO,NO,NO,NO,NO,-23.698278,-70.411
AN559,617,Norte,D,C,ONGRID,NO,NO,NO,NO,NO,NO,-23.662958,-70.397055
ONUAN004,618,Norte,B2,nan,ONGRID,NO,NO,NO,NO,NO,NO,-22.443814,-68.919064
AN153,619,Norte,D,C,ONGRID,NO,NO,NO,NO,NO,NO,-24.1351,-69.8693
AN240,620,Norte,D,C,ONGRID,NO,NO,NO,NO,NO,NO,-23.657628,-70.398658
AN770,622,Norte,D,C,ONGRID,NO,NO,NO,NO,NO,NO,-23.676944,-70.411944
AN104,623,Norte,D,C,ONGRID,NO,NO,NO,NO,NO,NO,-22.450412,-68.921478
AN093,624,Norte,D,C,ONGRID,NO,NO,NO,NO,NO,NO,-22.44579,-68.91185
AN367,625,Norte,C,C,ONGRID,NO,SI,NO,NO,NO,NO,-23.546999,-70.390503
AN724,626,Norte,D,C,ONGRID,NO,NO,NO,NO,NO,NO,-22.442347,-68.926622
AN682,627,Norte,B1,C,ONGRID,NO,SI,SI,SI,NO,NO,-23.596166,-70.391337
AN613,628,Norte,D,C,ONGRID,NO,NO,NO,NO,NO,NO,-23.626828,-70.388843
AN142,629,Norte,D,C,ONGRID,NO,NO,NO,NO,NO,NO,-23.61589,-70.38345
AN159,630,Norte,D,C,ONGRID,NO,NO,NO,NO,NO,NO,-22.2759611,-68.3262222
AN075,631,Norte,C,C,ONGRID,NO,SI,NO,NO,NO,NO,-23.330109,-69.843722
ONUAN001,632,Norte,B2,nan,ONGRID,NO,NO,NO,NO,NO,NO,-23.618255,-70.389108
ONUAN002,633,Norte,B2,nan,ONGRID,NO,NO,NO,NO,NO,NO,-23.618255,-70.389108
AN780,634,Norte,D,C,ONGRID,NO,NO,NO,NO,NO,NO,-23.647081,-70.4027858
AN176,635,Norte,D,C,ONGRID,NO,NO,NO,NO,NO,NO,-23.569056,-70.37575
AN174,636,Norte,D,C,ONGRID,NO,NO,NO,NO,NO,NO,-22.450434,-68.904636
AN207,637,Norte,B1,C,ONGRID,SI,NO,NO,NO,NO,NO,-22.456824,-68.927867
AN745,638,Norte,D,C,ONGRID,NO,NO,NO,NO,NO,NO,-22.512,-68.940972
ESTAN006,639,Norte,B2,nan,ONGRID,NO,SI,NO,NO,NO,NO,-22.432778,-68.916061
AN309,640,Norte,D,C,ONGRID,NO,NO,NO,NO,NO,NO,-22.449583,-68.928722
AN092,641,Norte,D,C,ONGRID,NO,NO,NO,NO,NO,NO,-22.437444,-68.929581
AN171,642,Norte,C,C,ONGRID,NO,NO,NO,NO,NO,NO,-22.43565,-68.922667
AN173,643,Norte,D,C,ONGRID,NO,NO,NO,NO,NO,NO,-22.457417,-68.912694
AN091,644,Norte,D,C,ONGRID,NO,NO,NO,NO,NO,NO,-22.448111,-68.934528
AN172,645,Norte,D,C,ONGRID,NO,NO,NO,NO,NO,NO,-22.4585,-68.9406
AN982,646,Norte,D,C,ONGRID,NO,NO,NO,NO,NO,NO,-22.485131,-68.921253
AN036,647,Norte,B2,C,ONGRID,NO,NO,NO,NO,NO,NO,-22.466791,-68.9245
AN626,648,Norte,D,C,ONGRID,NO,NO,NO,NO,NO,NO,-22.461235,-68.920056
AN004,649,Norte,D,C,ONGRID,NO,NO,NO,NO,NO,NO,-22.455108,-70.251782
ESTAN031,650,Norte,B2,nan,ONGRID,NO,NO,NO,NO,NO,NO,-23.117749,-70.339169
AN099,651,Norte,D,C,ONGRID,NO,NO,NO,NO,NO,NO,-23.638194,-70.385639
FN344,652,Norte,C,C,OFFGRID,NO,NO,NO,NO,NO,SI,-23.41018,-67.957496
AN033,653,Norte,D,C,ONGRID,NO,NO,NO,NO,NO,NO,-22.4537,-68.9387
AN048,654,Norte,B2,C,ONGRID,NO,SI,NO,NO,NO,NO,-22.439832,-68.904516
AN037,655,Norte,D,C,ONGRID,NO,NO,NO,NO,NO,NO,-22.47253,-68.94564
ESTAN020,656,Norte,B2,nan,ONGRID,NO,NO,NO,NO,NO,NO,-23.650928,-70.397502
AN297,657,Norte,D,C,ONGRID,NO,NO,NO,NO,NO,NO,-23.003917,-69.10075
ZA019,658,Norte,D,C,OFFGRID,NO,NO,NO,NO,NO,NO,-22.366061,-68.896744
AN112,659,Norte,C,C,ONGRID,NO,SI,NO,NO,NO,NO,-23.415906,-68.780958
AN241,660,Norte,C,C,ONGRID,NO,NO,NO,NO,NO,NO,-23.685221,-70.4145291
FN342,661,Norte,C,C,OFFGRID,NO,NO,NO,NO,NO,SI,-22.343083,-68.211833
ESTAN038,662,Norte,B2,nan,OFFGRID,NO,NO,NO,NO,NO,SI,-25.294476,-69.86327
ESTAN033,663,Norte,B1,nan,ONGRID,SI,SI,NO,NO,NO,NO,-22.886143,-69.3172
AN455,664,Norte,D,C,OFFGRID,NO,NO,NO,NO,NO,NO,-22.466444,-68.730594
ESTAN021,665,Norte,B2,nan,OFFGRID,NO,NO,NO,NO,NO,NO,-23.7149424,-70.2930685
ESTAN018,666,Norte,A,nan,OFFGRID,NO,SI,NO,NO,SI,SI,-25.294376,-69.86327
ESTAN022,668,Norte,B1,C,ONGRID,NO,SI,NO,NO,NO,NO,-23.711767,-70.319027
ESTAN003,669,Norte,B1,nan,ONGRID,SI,SI,NO,NO,NO,NO,-23.734942,-70.293068
ESTAN048,670,Norte,B2,nan,OFFGRID,NO,NO,NO,NO,NO,NO,-24.080056,-69.491459
ESTAN045,672,Norte,B2,nan,OFFGRID,NO,NO,NO,NO,NO,SI,-22.085521,-70.195962
ESTAN007,673,Norte,B2,nan,ONGRID,NO,NO,NO,NO,NO,NO,-22.454392,-68.929382
AN974,674,Norte,D,C,ONGRID,NO,NO,NO,NO,NO,NO,-22.322417,-68.891306
AN032,675,Norte,D,C,ONGRID,NO,NO,NO,NO,NO,NO,-22.43921,-68.916755
FN335,676,Norte,C,C,OFFGRID,NO,NO,NO,NO,NO,SI,-25.669806,-70.659472
AN894,678,Norte,B2,C,ONGRID,NO,NO,NO,NO,NO,NO,-23.584823,-70.330136
AN911,679,Norte,D,C,ONGRID,NO,NO,NO,NO,NO,NO,-22.202694,-68.844217
FN334,680,Norte,C,C,OFFGRID,NO,NO,NO,NO,NO,SI,-23.7605,-70.465389
ZA040,681,Norte,D,C,ONGRID,NO,NO,NO,NO,NO,NO,-23.654583,-70.400806
AN204,682,Norte,D,C,ONGRID,NO,NO,NO,NO,NO,NO,-23.694266,-70.409586
AN114,683,Norte,C,C,ONGRID,NO,NO,NO,NO,NO,NO,-22.4015,-69.6259
AN303,684,Norte,D,C,ONGRID,NO,NO,NO,NO,NO,NO,-22.162911,-70.090191
AN217,685,Norte,D,C,ONGRID,NO,NO,NO,NO,NO,NO,-24.328056,-69.095278
AN210,687,Norte,D,C,ONGRID,NO,NO,NO,NO,NO,NO,-23.669537,-70.40567
AN200,688,Norte,B1,C,OFFGRID,NO,SI,NO,NO,NO,SI,-22.711469,-69.200356
AN958,689,Norte,D,C,OFFGRID,NO,NO,NO,NO,NO,NO,-23.652544,-68.477633
AN276,690,Norte,D,C,ONGRID,NO,NO,NO,NO,NO,NO,-22.444139,-68.932556
AN869,691,Norte,D,C,ONGRID,NO,NO,NO,NO,NO,NO,-22.458472,-68.953306
AN536,692,Norte,B2,C,ONGRID,NO,SI,NO,NO,NO,NO,-23.721358,-70.43036
AN261,693,Norte,D,C,ONGRID,NO,NO,NO,NO,NO,NO,-23.555,-70.388222
ESTAN023,694,Norte,B2,nan,ONGRID,NO,NO,NO,NO,NO,NO,-23.650928,-70.397502
AN038,695,Norte,C,C,ONGRID,NO,NO,NO,NO,NO,NO,-23.77992,-70.31831
FN766,696,Norte,C,C,OFFGRID,NO,NO,NO,NO,NO,SI,-22.270528,-68.628306
ESTAN012,697,Norte,B2,nan,OFFGRID,NO,NO,NO,NO,NO,SI,-22.744693,-70.25064
AN106,698,Norte,D,C,ONGRID,NO,NO,NO,NO,NO,NO,-23.665375,-70.394594
ZA067,699,Norte,D,C,ONGRID,NO,NO,NO,NO,NO,NO,-23.56479,-70.39049
ZA056,701,Norte,D,C,ONGRID,NO,NO,NO,NO,NO,NO,-22.462648,-68.9257041
AN103,702,Norte,D,C,ONGRID,NO,NO,NO,NO,NO,NO,-23.6557,-70.396842
AN138,703,Norte,D,C,ONGRID,NO,NO,NO,NO,NO,NO,-23.5951,-70.396528
FN345,704,Norte,C,C,OFFGRID,NO,NO,NO,NO,NO,NO,-22.597972,-68.066583
AN074,705,Norte,C,C,ONGRID,NO,NO,NO,NO,NO,NO,-23.6454,-70.4026
AN742,706,Norte,C,C,ONGRID,NO,NO,NO,NO,NO,NO,-22.449923,-68.92156
AN270,709,Norte,C,C,ONGRID,NO,NO,NO,NO,NO,NO,-23.6455001,-70.4026
AN147,710,Norte,D,C,ONGRID,NO,NO,NO,NO,NO,NO,-23.409472,-68.835945
AN274,711,Norte,D,C,ONGRID,NO,NO,NO,NO,NO,NO,-23.5429,-68.0595
AN119,712,Norte,D,C,ONGRID,NO,NO,NO,NO,NO,NO,-23.645933,-70.397362
AN124,714,Norte,D,C,ONGRID,NO,NO,NO,NO,NO,NO,-23.648711,-70.396529
ESTAN013,715,Norte,B1,nan,ONGRID,SI,SI,NO,NO,NO,NO,-23.100334,-70.449175
AN202,716,Norte,B2,C,ONGRID,NO,SI,NO,NO,NO,NO,-23.105175,-70.513871
AN480,717,Norte,D,C,ONGRID,NO,NO,NO,NO,NO,NO,-23.652407,-70.397344
ESTAN032,718,Norte,B2,nan,ONGRID,NO,NO,NO,NO,NO,NO,-23.117549,-70.339169
AN944,719,Norte,D,C,ONGRID,NO,NO,NO,NO,NO,NO,-23.026361,-69.080388
AN546,720,Norte,C,C,ONGRID,NO,NO,NO,NO,NO,NO,-21.989225,-68.678433
AN135,721,Norte,C,C,ONGRID,NO,NO,NO,NO,NO,NO,-21.9035,-68.8142
ESTAN017,722,Norte,B2,nan,ONGRID,NO,NO,NO,NO,NO,NO,-22.886133,-69.3172
ESTAN034,723,Norte,B2,nan,ONGRID,NO,SI,NO,NO,NO,NO,-22.886023,-69.3172
AN543,724,Norte,D,C,ONGRID,NO,NO,NO,NO,NO,NO,-24.280153,-69.086732
AN566,725,Norte,D,C,ONGRID,NO,NO,NO,NO,NO,NO,-24.254615,-69.113734
ESTAN015,726,Norte,B2,nan,ONGRID,NO,SI,NO,NO,NO,NO,-22.718314,-70.27769
AN545,727,Norte,D,C,ONGRID,NO,NO,NO,NO,NO,NO,-22.199616,-68.856774
AN005,728,Norte,D,C,ONGRID,NO,NO,NO,NO,NO,NO,-24.170076,-69.069597
ZA014,730,Norte,D,C,ONGRID,NO,NO,NO,NO,NO,NO,-22.621083,-69.845972
AN791,731,Norte,D,C,ONGRID,NO,NO,NO,NO,NO,NO,-22.932576,-69.115949
AN196,732,Norte,D,C,ONGRID,NO,NO,NO,NO,NO,NO,-23.90575,-69.779444
AN141,733,Norte,C,C,ONGRID,NO,NO,NO,NO,NO,NO,-22.967306,-69.068333
AN273,734,Norte,D,C,ONGRID,NO,NO,NO,NO,NO,NO,-25.834854,-69.868605
ESTAN035,735,Norte,B2,nan,ONGRID,NO,SI,NO,NO,NO,NO,-22.886023,-69.3172
ESTAN039,736,Norte,B2,nan,ONGRID,NO,NO,NO,NO,NO,NO,-25.556274,-70.3501
ZA145,738,Norte,D,C,ONGRID,NO,NO,NO,NO,NO,NO,-25.106389,-69.532806
AN775,740,Norte,D,C,ONGRID,NO,NO,NO,NO,NO,NO,-23.43812,-69.503781
AN223,741,Norte,D,C,ONGRID,NO,NO,NO,NO,NO,NO,-24.3596,-69.4693
AN793,742,Norte,C,C,ONGRID,NO,NO,NO,NO,NO,NO,-22.725882,-70.282707
AN792,743,Norte,C,C,ONGRID,NO,SI,NO,NO,NO,NO,-22.682271,-70.184367
ZA062,744,Norte,D,C,ONGRID,NO,NO,NO,NO,NO,NO,-22.362428,-68.898748
AN929,745,Norte,D,C,ONGRID,NO,NO,NO,NO,NO,NO,-22.899649,-69.353687
AN930,746,Norte,D,C,ONGRID,NO,NO,NO,NO,NO,NO,-22.878944,-69.35275
AN007,747,Norte,C,C,ONGRID,NO,NO,NO,NO,NO,NO,-22.806099,-69.273508
AN289,748,Norte,D,C,ONGRID,NO,NO,NO,NO,NO,NO,-22.335337,-68.941787
AN097,749,Norte,D,C,ONGRID,NO,NO,NO,NO,NO,NO,-23.59931,-70.38131
AN292,750,Norte,D,C,ONGRID,NO,NO,NO,NO,NO,NO,-23.625861,-70.292861
AN031,751,Norte,D,C,ONGRID,NO,NO,NO,NO,NO,NO,-22.6021,-69.6759
FN337,752,Norte,C,C,OFFGRID,NO,NO,NO,NO,NO,SI,-21.229611,-68.253417
AN098,753,Norte,D,C,ONGRID,NO,NO,NO,NO,NO,NO,-23.619822,-70.381528
AN100,754,Norte,D,C,ONGRID,NO,NO,NO,NO,NO,NO,-23.608388,-70.385226
FN341,755,Norte,C,C,OFFGRID,NO,NO,NO,NO,NO,SI,-25.002031,-70.457028
FN338,757,Norte,C,C,OFFGRID,NO,NO,NO,NO,NO,SI,-23.686889,-68.058
ZA005,758,Norte,D,C,ONGRID,NO,NO,NO,NO,NO,NO,-23.631667,-70.395222
ESTAN041,759,Norte,B2,nan,ONGRID,NO,NO,NO,NO,NO,NO,-25.294176,-69.86327
AN073,760,Norte,C,C,ONGRID,NO,NO,NO,NO,NO,NO,-23.081222,-70.38525
AN803,761,Norte,D,C,ONGRID,NO,NO,NO,NO,NO,NO,-23.63767,-70.39608
AN108,762,Norte,D,C,ONGRID,NO,NO,NO,NO,NO,NO,-23.659639,-70.402722
AN028,763,Norte,C,C,ONGRID,NO,NO,NO,NO,NO,NO,-23.09975,-70.43622
AN006,764,Norte,C,C,OFFGRID,NO,NO,NO,NO,NO,SI,-22.805661,-70.294845
ESTAN051,765,Norte,B2,nan,ONGRID,NO,NO,NO,NO,NO,NO,-22.886013,-69.3172
ESTAN052,766,Norte,B2,nan,ONGRID,NO,NO,NO,NO,NO,NO,-25.556274,-70.3501
ESTAN042,767,Norte,B2,nan,ONGRID,NO,NO,NO,NO,NO,NO,-25.283333,-69.766667
ESTAN046,768,Norte,B2,nan,ONGRID,NO,NO,NO,NO,NO,NO,-22.085521,-70.195962
ESTAN049,769,Norte,B2,nan,ONGRID,NO,NO,NO,NO,NO,NO,-24.1935806,-69.4267361
ESTAN059,770,Norte,B2,nan,OFFGRID,NO,NO,NO,NO,NO,NO,-22.445528,-68.906468
ESTAN043,771,Norte,B2,nan,ONGRID,NO,NO,NO,NO,NO,NO,-24.8032889,-70.2885694
ESTAN050,772,Norte,C,nan,OFFGRID,NO,NO,NO,NO,NO,SI,-24.8032889,-70.2885694
FN346,773,Norte,C,C,OFFGRID,NO,NO,NO,NO,NO,SI,-22.642667,-68.177778
AN049,774,Norte,D,C,ONGRID,NO,NO,NO,NO,NO,NO,-22.484291,-68.935057
RP297,775,Norte,D,nan,ONGRID,NO,NO,NO,NO,NO,NO,-23.645355,-70.402651
AN969,776,Norte,D,C,OFFGRID,NO,NO,NO,NO,NO,NO,-24.029222,-70.256639
AN970,777,Norte,D,C,OFFGRID,NO,NO,NO,NO,NO,NO,-24.44,-70.032611
AN971,778,Norte,D,C,OFFGRID,NO,NO,NO,NO,NO,SI,-25.085889,-69.821306
AN977,779,Norte,D,C,OFFGRID,NO,NO,NO,NO,NO,SI,-25.458833,-70.022778
AN978,780,Norte,D,C,ONGRID,NO,NO,NO,NO,NO,NO,-25.611639,-70.216722
AN983,781,Norte,D,C,ONGRID,NO,NO,NO,NO,NO,NO,-22.748056,-68.404028
AN995,782,Norte,B2,C,OFFGRID,NO,NO,NO,NO,NO,SI,-22.315139,-68.650444
AN131,783,Norte,C,C,ONGRID,NO,NO,NO,NO,NO,NO,-23.5398,-68.4012
ESTAN029,784,Norte,B2,nan,ONGRID,NO,SI,NO,NO,NO,NO,-22.454392,-68.929382
ESTAN058,785,Norte,B2,nan,ONGRID,NO,SI,NO,NO,NO,NO,-22.908707,-68.199715
AN283,786,Norte,D,C,ONGRID,NO,NO,NO,NO,NO,NO,-22.909667,-68.196417
AN548,787,Norte,C,C,ONGRID,NO,SI,NO,NO,NO,NO,-22.9152,-68.201267
AN035,788,Norte,D,C,ONGRID,NO,NO,NO,NO,NO,NO,-22.47453,-68.92739
AN933,789,Norte,D,C,ONGRID,NO,NO,NO,NO,NO,NO,-23.471944,-70.1719441
AN163,790,Norte,D,C,ONGRID,NO,NO,NO,NO,NO,NO,-23.638018,-70.396267
AN133,791,Norte,C,C,ONGRID,NO,SI,NO,NO,NO,NO,-22.888944,-69.321139
FN339,792,Norte,C,C,ONGRID,NO,NO,NO,NO,NO,NO,-23.586889,-67.892028
AN959,793,Norte,D,C,ONGRID,NO,NO,NO,NO,NO,NO,-23.490019,-68.312231
ESTAN036,794,Norte,B2,nan,ONGRID,NO,NO,NO,NO,NO,NO,-23.183268,-69.634583
AN102,795,Norte,D,C,ONGRID,NO,NO,NO,NO,NO,NO,-23.651441,-70.390269
FN340,798,Norte,C,C,OFFGRID,NO,NO,NO,NO,NO,SI,-23.316806,-67.888528
ESTAN044,799,Norte,B2,nan,ONGRID,NO,SI,NO,NO,NO,NO,-25.4072203,-70.4821298
AN199,800,Norte,C,C,ONGRID,NO,NO,NO,NO,NO,NO,-25.406534,-70.479459
ESTAN016,801,Norte,B2,nan,ONGRID,NO,SI,NO,NO,NO,NO,-22.908707,-68.199715
AN148,802,Norte,B2,C,ONGRID,NO,NO,NO,NO,NO,NO,-23.18989,-68.00558
FN343,803,Norte,C,C,OFFGRID,NO,NO,NO,NO,NO,SI,-22.264778,-68.162639
ESTAN047,804,Norte,B2,nan,ONGRID,NO,SI,NO,NO,NO,NO,-22.090979,-70.198054
AN206,805,Norte,C,C,ONGRID,NO,NO,NO,NO,NO,NO,-22.09033,-70.19708
AN463,806,Norte,B2,C,ONGRID,NO,NO,NO,NO,NO,NO,-22.103528,-70.203806
ZA058,807,Norte,D,C,ONGRID,NO,NO,NO,NO,NO,NO,-23.647382,-70.4031739
FN336,808,Norte,C,C,OFFGRID,NO,NO,NO,NO,NO,SI,-22.275917,-68.316917
ONUAN003,809,Norte,B2,nan,ONGRID,NO,NO,NO,NO,NO,NO,-23.678988,-70.407999
AN025,810,Norte,D,C,ONGRID,NO,NO,NO,NO,NO,NO,-23.68156,-70.41419
FN347,811,Norte,C,C,OFFGRID,NO,NO,NO,NO,NO,NO,-21.659611,-69.533083
AN218,812,Norte,D,C,ONGRID,NO,NO,NO,NO,NO,NO,-22.466922,-68.936189
ZA015,813,Norte,D,C,ONGRID,NO,NO,NO,NO,NO,NO,-22.471028,-68.9385
ESTAN057,814,Norte,B2,nan,ONGRID,NO,NO,NO,NO,NO,NO,-24.8032889,-70.2885694
ESTAT014,816,Norte,B2,nan,ONGRID,NO,SI,NO,NO,NO,NO,-27.264329,-70.774056
AT238,817,Norte,C,C,ONGRID,NO,SI,NO,NO,NO,NO,-27.32225,-70.39464
ESTAT033,818,Norte,B2,nan,ONGRID,NO,NO,NO,NO,NO,NO,-28.802888,-70.985045
AT072,819,Norte,C,C,ONGRID,NO,NO,NO,NO,NO,NO,-28.759951,-70.488514
AT950,820,Norte,D,C,ONGRID,NO,NO,NO,NO,NO,NO,-27.383889,-70.310833
AT985,821,Norte,C,C,ONGRID,NO,NO,NO,NO,NO,NO,-27.1025,-70.84888
AT239,822,Norte,B1,B+,ONGRID,NO,NO,NO,NO,NO,NO,-27.362022,-70.284089
AT277,823,Norte,C,C,ONGRID,NO,NO,NO,NO,NO,NO,-27.065779,-70.811319
ESTAT019,824,Norte,B1,nan,ONGRID,SI,SI,NO,NO,NO,NO,-27.363611,-70.281667
ESTAT043,825,Norte,B1,nan,ONGRID,NO,NO,NO,NO,NO,NO,-33.2439087,-70.6564678
FN350,826,Norte,C,C,OFFGRID,NO,NO,NO,NO,NO,NO,-28.093861,-71.15475
ESTAT026,827,Norte,B2,nan,ONGRID,NO,SI,NO,NO,NO,NO,-28.183333,-69.466667
AT061,829,Norte,D,C,ONGRID,NO,NO,NO,NO,NO,NO,-27.3617452,-70.2238086
AT939,830,Norte,B1,C,ONGRID,NO,NO,NO,NO,NO,NO,-28.803214,-70.419231
ESTAT015,832,Norte,B2,nan,ONGRID,NO,SI,NO,NO,NO,NO,-27.076111,-70.422222
AT213,834,Norte,C,C,ONGRID,NO,SI,NO,NO,NO,NO,-27.506093,-70.351668
ESTAT028,835,Norte,B2,nan,ONGRID,NO,NO,NO,NO,NO,NO,-27.467471,-70.26522
CO815,836,Norte,C,C,ONGRID,NO,NO,NO,NO,NO,NO,-29.168942,-70.967214
FN352,838,Norte,C,C,ONGRID,NO,NO,NO,NO,NO,NO,-27.293309,-70.46522
ESTAT018,839,Norte,B1,C,ONGRID,NO,SI,NO,NO,NO,NO,-26.338244,-70.615753
FN354,840,Norte,C,C,ONGRID,NO,NO,NO,NO,NO,NO,-28.851444,-70.287303
AT291,842,Norte,C,C,ONGRID,NO,NO,NO,NO,NO,NO,-28.282778,-70.822778
ESTAT021,843,Norte,B2,nan,ONGRID,NO,NO,NO,NO,NO,NO,-27.374605,-70.337824
AT565,844,Norte,B2,C,ONGRID,NO,NO,NO,NO,NO,NO,-27.387597,-70.305658
AT305,845,Norte,D,C,ONGRID,NO,NO,NO,NO,NO,NO,-27.356294,-70.319583
AT125,846,Norte,D,C,ONGRID,NO,NO,NO,NO,NO,NO,-27.361224,-70.304735
AT095,847,Norte,D,C,ONGRID,NO,NO,NO,NO,NO,NO,-27.36375,-70.336972
AT184,848,Norte,D,C,ONGRID,NO,NO,NO,NO,NO,NO,-27.358456,-70.327613
AT143,849,Norte,D,C,ONGRID,NO,NO,NO,NO,NO,NO,-27.389122,-70.332339
AT606,850,Norte,D,C,ONGRID,NO,NO,NO,NO,NO,NO,-27.360306,-70.343181
AT185,851,Norte,D,C,ONGRID,NO,NO,NO,NO,NO,NO,-27.371119,-70.330939
AT186,852,Norte,D,C,ONGRID,NO,NO,NO,NO,NO,NO,-27.374642,-70.30641
AT051,853,Norte,C,C,ONGRID,NO,NO,NO,NO,NO,NO,-26.391477,-70.042116
FN356,854,Norte,C,C,ONGRID,NO,NO,NO,NO,NO,NO,-28.956407,-70.891746
AT649,855,Norte,D,C,ONGRID,NO,NO,NO,NO,NO,NO,-27.381014,-70.336519
AT610,856,Norte,C,C,ONGRID,NO,NO,NO,NO,NO,NO,-26.352317,-69.565148
AT949,857,Norte,D,C,ONGRID,NO,NO,NO,NO,NO,NO,-27.479277,-70.277361
AT039,858,Norte,B2,C,ONGRID,NO,NO,NO,NO,NO,NO,-28.511148,-71.086455
ESTAT024,859,Norte,B2,nan,ONGRID,NO,SI,NO,NO,NO,NO,-28.467952,-71.254325
AT300,860,Norte,B2,C,ONGRID,NO,SI,NO,NO,NO,NO,-28.468537,-71.254023
ZC055,861,Norte,D,C,ONGRID,NO,NO,NO,NO,NO,NO,-27.375028,-70.324444
AT235,863,Norte,B2,C,ONGRID,NO,SI,NO,NO,NO,NO,-28.487763,-71.181583
FN351,864,Norte,B1,C,ONGRID,NO,SI,NO,NO,NO,NO,-28.463444,-71.226055
FN348,865,Norte,C,C,ONGRID,NO,NO,NO,NO,NO,NO,-26.757028,-69.904695
FN743,866,Norte,C,C,ONGRID,NO,NO,NO,NO,NO,NO,-29.229139,-71.008056
ZC042,867,Norte,D,C,ONGRID,NO,NO,NO,NO,NO,NO,-27.3830851,-70.3169417
ESTAT029,868,Norte,B2,nan,ONGRID,NO,SI,NO,NO,NO,NO,-27.467371,-70.26522
FN349,870,Norte,C,C,OFFGRID,NO,NO,NO,NO,NO,NO,-26.326472,-69.822667
ZC043,871,Norte,D,C,ONGRID,NO,NO,NO,NO,NO,NO,-27.367222,-70.3325001
AT951,873,Norte,D,C,ONGRID,NO,NO,NO,NO,NO,NO,-27.368962,-70.32714
AT145,875,Norte,C,C,ONGRID,NO,NO,NO,NO,NO,NO,-27.851188,-70.113814
ESTAT031,876,Norte,B2,nan,ONGRID,NO,SI,NO,NO,NO,NO,-27.467271,-70.26522
AT299,877,Norte,D,C,OFFGRID,NO,NO,NO,NO,NO,NO,-27.617972,-69.342861
ESTAT032,878,Norte,B2,nan,ONGRID,NO,NO,NO,NO,NO,NO,-27.5136,-70.287865
AT111,880,Norte,C,C,ONGRID,NO,NO,NO,NO,NO,NO,-27.546649,-69.248979
AT187,882,Norte,B2,C,ONGRID,NO,NO,NO,NO,NO,NO,-27.41489,-70.27761
AT966,883,Norte,D,C,ONGRID,NO,NO,NO,NO,NO,NO,-28.578611,-70.749167
AT298,884,Norte,C,C,ONGRID,NO,NO,NO,NO,NO,NO,-27.515296,-70.277555
AT328,885,Norte,C,C,ONGRID,NO,NO,NO,NO,NO,NO,-28.121111,-69.720833
AT327,886,Norte,B2,C,ONGRID,NO,SI,NO,NO,NO,NO,-28.157222,-69.535833
AT937,887,Norte,D,C,ONGRID,NO,NO,NO,NO,NO,NO,-28.1911169,-69.5381468
AT957,888,Norte,C,C,ONGRID,NO,SI,NO,NO,NO,NO,-27.121666,-70.338888
AT266,889,Norte,D,C,ONGRID,NO,NO,NO,NO,NO,NO,-27.388389,-70.313908
AT120,890,Norte,B2,C,ONGRID,NO,NO,NO,NO,NO,NO,-27.2301,-70.7552
AT816,891,Norte,D,C,ONGRID,NO,NO,NO,NO,NO,NO,-29.007003,-70.704976
AT642,892,Norte,D,C,ONGRID,NO,NO,NO,NO,NO,NO,-27.418193,-70.265714
AT755,895,Norte,D,C,ONGRID,NO,NO,NO,NO,NO,NO,-27.415556,-70.354167
AT286,896,Norte,B2,C,ONGRID,NO,NO,NO,NO,NO,NO,-27.380217,-70.316489
AT136,898,Norte,C,C,ONGRID,NO,NO,NO,NO,NO,NO,-27.3062,-70.4999
AT993,899,Norte,D,C,ONGRID,NO,NO,NO,NO,NO,NO,-28.143888,-69.645555
AT607,900,Norte,C,C,OFFGRID,NO,NO,NO,NO,NO,NO,-26.590556,-70.695028
AT219,901,Norte,C,C,ONGRID,NO,NO,NO,NO,NO,NO,-26.852296,-70.799381
AT288,902,Norte,D,C,OFFGRID,NO,NO,NO,NO,NO,NO,-27.336978,-70.924235
ESTAT045,903,Norte,B2,nan,ONGRID,NO,NO,NO,NO,NO,NO,-28.4664,-71.2192
ESTAT035,904,Norte,D,nan,OFFGRID,NO,SI,NO,NO,NO,NO,-26.946988,-69.701706
AT265,909,Norte,D,C,ONGRID,NO,NO,NO,NO,NO,NO,-27.398973,-70.294213
AT988,910,Norte,D,C,ONGRID,NO,NO,NO,NO,NO,NO,-28.567222,-70.761111
ESTAT038,911,Norte,B1,nan,ONGRID,NO,NO,NO,NO,NO,NO,-28.759444,-70.486667
AT934,912,Norte,D,C,ONGRID,NO,NO,NO,NO,NO,NO,-27.353056,-70.681944
AT080,913,Norte,D,C,ONGRID,NO,NO,NO,NO,NO,NO,-28.52728,-70.961366
AT046,914,Norte,D,C,ONGRID,NO,NO,NO,NO,NO,NO,-28.661926,-70.67567
AT948,915,Norte,D,C,ONGRID,NO,NO,NO,NO,NO,NO,-27.380694,-70.32875
FN355,916,Norte,C,C,ONGRID,NO,NO,NO,NO,NO,NO,-28.932111,-70.459167
ESTAT006,917,Norte,C,nan,ONGRID,NO,SI,NO,NO,NO,NO,-26.943333,-70.244167
AT857,918,Norte,D,C,ONGRID,NO,NO,NO,NO,NO,NO,-28.5775001,-70.7569444
ESTAT016,919,Norte,B2,nan,ONGRID,NO,NO,NO,NO,NO,NO,-27.065263,-70.808005
AT764,920,Norte,D,C,ONGRID,NO,NO,NO,NO,NO,NO,-27.980746,-69.976229
AT211,921,Norte,B1,C,ONGRID,NO,SI,NO,NO,NO,NO,-28.576277,-70.739211
AT998,922,Norte,D,C,ONGRID,NO,NO,NO,NO,NO,NO,-28.5802,-70.756692
AT050,923,Norte,B2,C,ONGRID,NO,NO,NO,NO,NO,NO,-28.590061,-70.749692
AT151,924,Norte,D,C,ONGRID,NO,NO,NO,NO,NO,NO,-28.569783,-70.790804
LS328,925,Norte,D,C,ONGRID,NO,NO,NO,NO,NO,NO,-29.92248,-71.20812
CO959,926,Norte,B2,C,ONGRID,NO,NO,NO,NO,NO,NO,-31.491889,-71.549778
RC416,927,Norte,D,C,ONGRID,NO,NO,NO,NO,NO,NO,-29.927528,-71.242238
LS748,928,Norte,D,C,ONGRID,NO,NO,NO,NO,NO,NO,-29.89805,-71.249186
ESTCQ005,929,Norte,B1,nan,ONGRID,NO,SI,SI,SI,NO,NO,-29.974101,-71.270033
ESTCQ001,930,Norte,B2,nan,ONGRID,NO,SI,NO,NO,NO,NO,-30.235795,-71.082803
CO853,931,Norte,C,C,ONGRID,NO,NO,NO,NO,NO,NO,-30.221673,-71.085239
FN375,932,Norte,C,C,ONGRID,NO,NO,NO,NO,NO,NO,-31.738722,-70.967195
RC994,933,Norte,D,C,ONGRID,NO,NO,NO,NO,NO,NO,-29.912722,-71.215139
ZS148,934,Norte,D,C,ONGRID,NO,NO,NO,NO,NO,NO,-31.570778,-71.381806
CO599,935,Norte,D,C,ONGRID,NO,SI,NO,NO,NO,NO,-29.946797,-71.240317
CO234,936,Norte,B1,C,ONGRID,NO,SI,NO,SI,NO,NO,-29.93656,-71.259891
RC956,937,Norte,D,C,ONGRID,NO,NO,NO,NO,NO,NO,-29.915,-71.270556
LS299,938,Norte,D,C,ONGRID,NO,NO,NO,NO,NO,NO,-29.911153,-71.25391
CO193,939,Norte,C,C,ONGRID,NO,SI,NO,NO,NO,NO,-29.9072,-71.2593
RC946,940,Norte,C,C,ONGRID,NO,NO,NO,NO,NO,NO,-30.244478,-71.478369
ZS044,941,Norte,C,C,OFFGRID,NO,NO,NO,NO,NO,NO,-31.858,-71.513056
FN757,942,Norte,C,C,ONGRID,NO,NO,NO,NO,NO,NO,-30.665972,-71.494694
CO353,943,Norte,C,C,OFFGRID,NO,NO,NO,NO,NO,NO,-30.660864,-71.52894
FN377,944,Norte,C,C,ONGRID,NO,NO,NO,NO,NO,NO,-29.61425,-71.281833
FN357,945,Norte,C,C,ONGRID,NO,NO,NO,NO,NO,NO,-31.395944,-71.385056
LS033,946,Norte,C,C,ONGRID,NO,NO,NO,NO,NO,NO,-31.40281,-71.463874
FN756,947,Norte,C,C,ONGRID,NO,NO,NO,NO,NO,NO,-30.564208,-71.157607
FN359,948,Norte,C,C,ONGRID,NO,NO,NO,NO,NO,NO,-31.725389,-71.266
FN372,949,Norte,C,C,ONGRID,NO,NO,NO,NO,NO,NO,-31.589111,-71.071667
FN382,950,Norte,C,C,ONGRID,NO,NO,NO,NO,NO,NO,-30.842972,-70.76325
ZS504,951,Norte,D,C,ONGRID,NO,NO,NO,NO,NO,NO,-31.476106,-71.421423
CO947,952,Norte,D,C,ONGRID,NO,NO,NO,NO,NO,NO,-31.77419,-71.301457
RC412,953,Norte,B2,C,ONGRID,NO,NO,NO,NO,NO,NO,-30.001333,-71.378472
ZS059,954,Norte,D,C,ONGRID,NO,NO,NO,NO,NO,NO,-29.929333,-71.187833
FN738,955,Norte,C,C,ONGRID,NO,NO,NO,NO,NO,NO,-30.577306,-71.405417
ZS502,956,Norte,D,C,ONGRID,NO,NO,NO,NO,NO,NO,-30.883144,-71.413853
LS150,957,Norte,D,C,ONGRID,NO,NO,NO,NO,NO,NO,-31.6721,-71.529858
LS432,958,Norte,C,C,ONGRID,NO,NO,NO,NO,NO,NO,-31.8767,-70.738376
ZS500,959,Norte,D,C,ONGRID,NO,NO,NO,NO,NO,NO,-31.713864,-71.218306
FN378,960,Norte,C,C,ONGRID,NO,NO,NO,NO,NO,NO,-29.44724,-71.295
LS234,961,Norte,D,C,ONGRID,NO,NO,NO,NO,NO,NO,-31.186146,-70.968093
CO810,962,Norte,C,A,ONGRID,NO,NO,NO,NO,NO,NO,-31.175344,-71.01175
FN381,963,Norte,C,C,ONGRID,NO,NO,NO,NO,NO,NO,-31.233583,-70.942278
RC155,964,Norte,C,C,ONGRID,NO,NO,NO,NO,NO,NO,-30.257125,-71.10208
FN364,965,Norte,C,C,ONGRID,NO,NO,NO,NO,NO,NO,-29.897944,-71.162861
ZS035,966,Norte,D,C,ONGRID,NO,NO,NO,NO,NO,NO,-29.962639,-71.33925
CO483,967,Norte,C,C,ONGRID,NO,NO,NO,NO,NO,NO,-29.973399,-71.333298
CO502,968,Norte,C,C,ONGRID,NO,NO,NO,NO,NO,NO,-29.965066,-71.322158
CO945,970,Norte,C,C,ONGRID,NO,NO,NO,NO,NO,NO,-29.959207,-71.309191
ESTCQ007,971,Norte,B1,nan,ONGRID,NO,NO,SI,NO,NO,NO,-29.961435,-71.340186
CO289,972,Norte,C,C,ONGRID,NO,NO,NO,NO,NO,NO,-29.99029,-71.265182
LS331,973,Norte,D,C,ONGRID,NO,NO,NO,NO,NO,NO,-29.947394,-71.337381
LS759,974,Norte,D,C,ONGRID,NO,NO,NO,NO,NO,NO,-29.993761,-71.330347
CO504,975,Norte,D,C,ONGRID,NO,NO,NO,NO,NO,NO,-29.964525,-71.341791
LS762,976,Norte,C,C,ONGRID,NO,NO,NO,NO,NO,NO,-29.95156,-71.348204
CO628,977,Norte,C,C,ONGRID,NO,NO,NO,NO,NO,NO,-29.992608,-71.345119
RC121,978,Norte,C,C,ONGRID,NO,NO,NO,NO,NO,NO,-31.888368,-70.618926
RC873,979,Norte,D,C,ONGRID,NO,NO,NO,NO,NO,NO,-29.980917,-71.343944
CO522,980,Norte,D,C,ONGRID,NO,NO,NO,NO,NO,NO,-29.96849,-71.333235
ESTCQ025,981,Norte,B2,nan,ONGRID,NO,NO,NO,NO,NO,NO,-31.784493,-70.96071
RC916,982,Norte,D,C,ONGRID,NO,NO,NO,NO,NO,NO,-29.909269,-71.270112
ZS060,983,Norte,D,C,ONGRID,NO,NO,NO,NO,NO,NO,-29.905167,-71.273111
ZS512,985,Norte,D,C,ONGRID,NO,NO,NO,NO,NO,NO,-30.901399,-71.300472
ZS158,986,Norte,D,C,ONGRID,NO,NO,NO,NO,NO,NO,-31.905944,-71.110611
FN362,987,Norte,C,C,ONGRID,NO,NO,NO,NO,NO,NO,-30.204167,-71.269389
CO244,988,Norte,C,C,ONGRID,NO,NO,NO,NO,NO,NO,-30.715314,-71.48553
ZS021,990,Norte,D,C,ONGRID,NO,NO,NO,NO,NO,NO,-31.764514,-70.996829
CO247,991,Norte,D,C,OFFGRID,NO,NO,NO,NO,NO,NO,-30.999145,-71.63862
CO218,992,Norte,C,C,ONGRID,NO,NO,NO,NO,NO,NO,-29.455083,-71.247389
RC090,993,Norte,D,C,ONGRID,NO,NO,NO,NO,NO,NO,-30.851705,-70.994475
FN363,994,Norte,C,C,ONGRID,NO,NO,NO,NO,NO,NO,-29.373972,-71.071305
LS761,995,Norte,D,C,ONGRID,NO,NO,NO,NO,NO,NO,-29.941742,-71.33886
ZS000,996,Norte,D,C,ONGRID,NO,NO,NO,NO,NO,NO,-29.905077,-71.26206
FN369,997,Norte,C,C,ONGRID,NO,NO,NO,NO,NO,NO,-30.719722,-70.883945
LS332,998,Norte,B2,C,ONGRID,NO,NO,NO,NO,NO,NO,-29.984611,-71.346806
RC417,999,Norte,C,C,ONGRID,NO,NO,NO,NO,NO,NO,-29.9225,-71.242222
FN385,1000,Norte,C,C,ONGRID,NO,NO,NO,NO,NO,NO,-30.5435,-71.170889
ZS511,1001,Norte,D,C,ONGRID,NO,NO,NO,NO,NO,NO,-30.42738,-70.989664
CO955,1002,Norte,C,C,ONGRID,NO,NO,NO,NO,NO,NO,-30.213211,-71.445428
FN374,1003,Norte,C,C,ONGRID,NO,NO,NO,NO,NO,NO,-32.130722,-71.332861
LS505,1004,Norte,C,C,ONGRID,NO,NO,NO,NO,NO,NO,-30.76825,-70.994278
CO883,1005,Norte,C,C,ONGRID,NO,NO,NO,NO,NO,NO,-30.858219,-70.888008
ZS072,1006,Norte,D,C,ONGRID,NO,NO,NO,NO,NO,NO,-29.97925,-71.369639
ZS106,1009,Norte,D,C,ONGRID,NO,NO,NO,NO,NO,NO,-30.59796,-71.196538
ZS107,1010,Norte,C,C,ONGRID,NO,NO,NO,NO,NO,NO,-30.5994444,-71.2000001
LS297,1011,Norte,D,C,ONGRID,NO,NO,NO,NO,NO,NO,-31.791132,-70.5357241
ESTCQ026,1012,Norte,B2,nan,ONGRID,NO,NO,NO,NO,NO,NO,-31.781342,-70.968012
ZS036,1013,Norte,D,C,ONGRID,NO,NO,NO,NO,NO,NO,-29.9875,-71.224444
ESTCQ004,1014,Norte,C,nan,ONGRID,NO,SI,NO,NO,NO,NO,-31.179097,-71.005096
LS513,1015,Norte,B2,C,ONGRID,NO,SI,NO,NO,NO,NO,-31.581411,-71.537852
FN358,1016,Norte,C,C,ONGRID,NO,NO,NO,NO,NO,NO,-31.604861,-71.520333
ZS162,1017,Norte,D,C,ONGRID,NO,NO,NO,NO,NO,NO,-31.583278,-71.463556
FN373,1018,Norte,C,C,ONGRID,NO,NO,NO,NO,NO,NO,-31.565417,-70.985861
LS338,1019,Norte,B1,C,ONGRID,NO,NO,NO,NO,NO,NO,-31.642333,-71.220889
LS506,1020,Norte,C,C,ONGRID,NO,NO,NO,NO,NO,NO,-31.688361,-71.121723
LS507,1021,Norte,C,C,ONGRID,NO,NO,NO,NO,NO,NO,-31.767531,-71.077
CO717,1022,Norte,D,C,ONGRID,NO,NO,NO,NO,NO,NO,-30.237778,-71.082778
RC509,1023,Norte,C,C,ONGRID,NO,NO,NO,NO,NO,NO,-31.821361,-70.881583
RC826,1024,Norte,D,C,ONGRID,NO,NO,NO,NO,NO,NO,-29.951232,-71.344171
ZS010,1025,Norte,D,C,ONGRID,NO,NO,NO,NO,NO,NO,-29.988534,-71.334906
LS504,1026,Norte,D,C,ONGRID,NO,NO,NO,NO,NO,NO,-29.820553,-71.272085
LS758,1027,Norte,D,C,ONGRID,NO,NO,NO,NO,NO,NO,-29.973761,-71.302369
ZS017,1028,Norte,D,C,ONGRID,NO,NO,NO,NO,NO,NO,-29.969278,-71.305528
FN386,1029,Norte,C,C,ONGRID,NO,NO,NO,NO,NO,NO,-30.635417,-71.264139
RC485,1030,Norte,D,C,ONGRID,NO,NO,NO,NO,NO,NO,-29.989722,-71.361944
CO233,1032,Norte,D,C,ONGRID,NO,NO,NO,NO,NO,NO,-29.893625,-71.249281
ESTLA020,1033,Austral,B2,nan,ONGRID,NO,NO,NO,NO,NO,NO,-43.0101,-72.483471
ESTLA008,1034,Austral,B2,nan,ONGRID,NO,NO,NO,NO,NO,NO,-44.89347,-72.202055
ESTAY002,1035,Austral,B2,C,ONGRID,NO,NO,NO,NO,NO,NO,-45.150651,-73.508995
ESTAY003,1036,Austral,B2,nan,OFFGRID,NO,NO,NO,NO,NO,NO,-46.378345,-72.300762
ESTAY006,1037,Austral,B2,nan,OFFGRID,NO,NO,NO,NO,NO,NO,-45.2226361,-73.2786611
ESTMG003,1038,Austral,B2,nan,OFFGRID,NO,SI,NO,NO,NO,NO,-53.005088,-70.84306
ESTMG005,1039,Austral,B2,C,ONGRID,NO,SI,NO,NO,NO,NO,-52.636463,-70.209801
ESTMG006,1040,Austral,B2,nan,OFFGRID,NO,SI,NO,NO,NO,NO,-52.315556,-69.688056
ESTMG007,1041,Austral,B2,nan,OFFGRID,NO,SI,NO,NO,NO,NO,-52.323743,-69.673054
SWIQU,1042,Norte,A,nan,ONGRID,NO,NO,NO,NO,SI,NO,-20.234942,-70.13677
SWANT,1043,Norte,A,A+,ONGRID,NO,NO,NO,NO,SI,NO,-23.65228,-70.40036
SWCOP,1044,Norte,A,A+,ONGRID,NO,NO,NO,NO,SI,NO,-27.364563,-70.33009
SWLAS,1045,Norte,A,nan,ONGRID,NO,NO,NO,NO,SI,NO,-29.913135,-71.216705
CO481,1046,Norte,D,C,ONGRID,NO,NO,NO,NO,NO,NO,-29.922261,-71.250214
CO221,1047,Norte,B1,A+,ONGRID,NO,NO,NO,NO,NO,NO,-29.909861,-71.223
CO598,1048,Norte,D,C,ONGRID,NO,NO,NO,NO,NO,NO,-29.880028,-71.227528
LS743,1049,Norte,D,C,ONGRID,NO,NO,NO,NO,NO,NO,-29.870933,-71.227175
LS747,1050,Norte,D,C,ONGRID,NO,NO,NO,NO,NO,NO,-29.888194,-71.235028
CO508,1051,Norte,C,C,ONGRID,NO,NO,NO,NO,NO,NO,-29.877529,-71.235587
LS749,1052,Norte,D,C,ONGRID,NO,NO,NO,NO,NO,NO,-29.91868,-71.222313
LS232,1053,Norte,C,C,ONGRID,NO,NO,NO,NO,NO,NO,-30.071083,-71.22538
LS752,1054,Norte,D,C,ONGRID,NO,NO,NO,NO,NO,NO,-29.939883,-71.263552
FN365,1055,Norte,C,C,ONGRID,NO,NO,NO,NO,NO,NO,-30.617778,-71.373444
FN379,1056,Norte,C,C,ONGRID,NO,NO,NO,NO,NO,NO,-29.861944,-71.125889
FN388,1057,Norte,C,C,ONGRID,NO,NO,NO,NO,NO,NO,-30.302417,-70.659111
FN936,1058,Norte,C,C,ONGRID,NO,NO,NO,NO,NO,NO,-30.363972,-70.609639
ZS029,1059,Norte,D,C,ONGRID,NO,NO,NO,NO,NO,NO,-29.880083,-71.241333
CO590,1060,Norte,D,C,ONGRID,NO,NO,NO,NO,NO,NO,-29.918611,-71.204722
ZS174,1061,Norte,D,C,ONGRID,NO,NO,NO,NO,NO,NO,-30.797694,-71.247889
LS533,1062,Norte,C,C,ONGRID,NO,NO,NO,NO,NO,NO,-29.974194,-71.054967
LS021,1063,Norte,C,C,ONGRID,NO,NO,NO,NO,NO,NO,-30.077478,-71.363201
RC525,1064,Norte,D,C,ONGRID,NO,NO,NO,NO,NO,NO,-30.086679,-71.371116
ZS505,1065,Norte,D,C,ONGRID,NO,NO,NO,NO,NO,NO,-30.887247,-70.665231
LS290,1066,Norte,C,C,ONGRID,NO,NO,NO,NO,NO,NO,-31.638889,-71.161667
LS327,1067,Norte,D,C,ONGRID,NO,NO,NO,NO,NO,NO,-29.874487,-71.251131
ZS001,1068,Norte,D,C,ONGRID,NO,NO,NO,NO,NO,NO,-29.970194,-71.323333
FN360,1069,Norte,C,C,ONGRID,NO,NO,NO,NO,NO,NO,-31.750333,-71.139305
ZS110,1070,Norte,D,C,ONGRID,NO,NO,NO,NO,NO,NO,-29.9031752,-71.2490389
ZS111,1071,Norte,D,C,ONGRID,NO,NO,NO,NO,NO,NO,-30.605278,-71.2072379
RC872,1072,Norte,D,C,ONGRID,NO,NO,NO,NO,NO,NO,-29.939944,-71.248278
RC945,1073,Norte,C,C,ONGRID,NO,NO,NO,NO,NO,NO,-29.935,-71.279472
FN730,1074,Norte,C,C,ONGRID,NO,NO,NO,NO,NO,NO,-29.292306,-71.311667
LS765,1075,Norte,D,C,ONGRID,NO,NO,NO,NO,NO,NO,-30.598518,-71.194129
CO550,1076,Norte,B2,C,ONGRID,NO,NO,NO,NO,NO,NO,-29.954218,-71.296296
RC414,1077,Norte,D,C,ONGRID,NO,NO,NO,NO,NO,NO,-29.882692,-71.223868
FN383,1078,Norte,C,C,ONGRID,NO,NO,NO,NO,NO,NO,-30.759694,-70.689694
ZS508,1079,Norte,D,C,ONGRID,NO,NO,NO,NO,NO,NO,-30.907392,-71.01588
LS620,1081,Norte,D,C,ONGRID,NO,NO,NO,NO,NO,NO,-29.955111,-71.265389
FN366,1082,Norte,C,C,ONGRID,NO,NO,NO,NO,NO,NO,-30.881167,-71.009555
CO243,1083,Norte,C,C,ONGRID,NO,SI,NO,NO,NO,NO,-31.819437,-71.485596
CO963,1084,Norte,C,C,ONGRID,NO,NO,NO,NO,NO,NO,-29.913325,-71.257767
LS525,1085,Norte,C,C,ONGRID,NO,NO,NO,NO,NO,NO,-29.945874,-71.2914123
LS199,1086,Norte,D,C,ONGRID,NO,NO,NO,NO,NO,NO,-29.903375,-71.246409
RC264,1088,Norte,C,C,ONGRID,NO,NO,NO,NO,NO,NO,-29.912222,-71.2583331
CO251,1089,Norte,D,C,ONGRID,NO,NO,NO,NO,NO,NO,-31.8117,-70.5798
RC130,1090,Norte,D,C,ONGRID,NO,NO,NO,NO,NO,NO,-30.255167,-71.507267
FN368,1091,Norte,C,C,ONGRID,NO,NO,NO,NO,NO,NO,-30.754806,-70.853222
CO297,1092,Norte,D,C,ONGRID,NO,NO,NO,NO,NO,NO,-31.839937,-70.595686
CO569,1093,Norte,C,C,ONGRID,NO,NO,NO,NO,NO,NO,-31.723333,-70.498056
FN371,1094,Norte,C,C,ONGRID,NO,NO,NO,NO,NO,NO,-31.60075,-71.436722
LS294,1095,Norte,D,C,ONGRID,NO,NO,NO,NO,NO,NO,-29.907222,-71.235417
CO457,1096,Norte,B2,C,ONGRID,NO,NO,NO,NO,NO,NO,-30.723681,-70.943209
ZS018,1098,Norte,D,C,ONGRID,NO,NO,NO,NO,NO,NO,-30.608056,-71.211944
LS766,1099,Norte,D,C,ONGRID,NO,NO,NO,NO,NO,NO,-30.59912,-71.20927
LS768,1100,Norte,D,C,ONGRID,NO,NO,NO,NO,NO,NO,-30.612462,-71.204961
LS057,1101,Norte,D,C,ONGRID,NO,NO,NO,NO,NO,NO,-30.588092,-71.197533
ESTCQ029,1102,Norte,C,nan,ONGRID,NO,NO,NO,NO,NO,NO,-30.240722,-70.736583
CO327,1103,Norte,B2,C,ONGRID,NO,NO,NO,NO,NO,NO,-30.038108,-70.565825
CO216,1104,Norte,B2,C,ONGRID,NO,NO,NO,NO,NO,NO,-30.006705,-71.409475
ZS503,1105,Norte,D,C,ONGRID,NO,NO,NO,NO,NO,NO,-30.939554,-71.496026
LS016,1106,Norte,D,C,ONGRID,NO,NO,NO,NO,NO,NO,-29.945873,-71.342804
CO506,1107,Norte,D,C,OFFGRID,NO,NO,NO,NO,NO,NO,-31.948543,-71.034056
LS741,1108,Norte,C,C,ONGRID,NO,NO,NO,NO,NO,NO,-31.922306,-70.624361
CO507,1109,Norte,D,C,ONGRID,NO,NO,NO,NO,NO,NO,-31.945208,-71.14851
FN723,1110,Norte,C,C,ONGRID,NO,NO,NO,NO,NO,NO,-30.398167,-70.883639
LS325,1112,Norte,D,C,ONGRID,NO,NO,NO,NO,NO,NO,-29.926152,-71.275856
LS326,1113,Norte,D,C,ONGRID,NO,SI,NO,NO,NO,NO,-29.941152,-71.284468
CO074,1114,Norte,B2,C,ONGRID,NO,NO,NO,NO,NO,NO,-29.902952,-71.251221
RC163,1115,Norte,D,C,ONGRID,NO,NO,NO,NO,NO,NO,-29.901986,-71.248632
LS491,1116,Norte,C,C,ONGRID,NO,SI,NO,NO,NO,NO,-29.898794,-71.257469
ESTCQ002,1117,Norte,A,nan,ONGRID,NO,NO,NO,NO,SI,NO,-31.428022,-71.567477
ZS509,1118,Norte,D,C,ONGRID,NO,NO,NO,NO,NO,NO,-30.894328,-70.787632
CO968,1119,Norte,C,C,ONGRID,NO,NO,NO,NO,NO,NO,-30.844829,-71.260383
CO458,1120,Norte,B2,C,ONGRID,NO,NO,NO,NO,NO,NO,-30.730553,-71.261057
CO796,1121,Norte,C,C,ONGRID,NO,NO,NO,NO,NO,NO,-29.2429,-71.4595
CO957,1122,Norte,C,C,OFFGRID,NO,NO,NO,NO,NO,NO,-31.173593,-71.598504
ZS186,1123,Norte,D,C,ONGRID,NO,NO,NO,NO,NO,NO,-31.927139,-71.183694
CO336,1124,Norte,B2,C,ONGRID,NO,SI,NO,NO,NO,NO,-29.903764,-71.242471
LS751,1125,Norte,D,C,ONGRID,NO,NO,NO,NO,NO,NO,-29.92963,-71.255475
FN384,1126,Norte,C,C,ONGRID,NO,NO,NO,NO,NO,NO,-30.719528,-70.779417
ESTCQ024,1129,Norte,B2,nan,ONGRID,NO,NO,NO,NO,NO,NO,-31.781493,-70.96071
ZS070,1130,Norte,D,C,ONGRID,NO,NO,NO,NO,NO,NO,-30.006139,-71.331583
RC089,1131,Norte,C,C,ONGRID,NO,NO,NO,NO,NO,NO,-31.054156,-70.998803
FN380,1132,Norte,C,C,ONGRID,NO,NO,NO,NO,NO,NO,-29.979278,-70.557056
LS330,1133,Norte,D,C,ONGRID,NO,NO,NO,NO,NO,NO,-29.918063,-71.247862
RC559,1134,Norte,D,C,ONGRID,NO,NO,NO,NO,NO,NO,-30.285556,-71.261111
LS195,1135,Norte,C,C,ONGRID,NO,NO,NO,NO,NO,NO,-30.5011,-71.1267
LS233,1136,Norte,D,C,ONGRID,NO,NO,NO,NO,NO,NO,-30.19587,-71.375589
RC094,1137,Norte,D,C,OFFGRID,NO,NO,NO,NO,NO,NO,-31.325856,-71.591181
CO861,1138,Norte,D,C,ONGRID,NO,NO,NO,NO,NO,NO,-30.795862,-71.56839
RC150,1139,Norte,D,C,OFFGRID,NO,NO,NO,NO,NO,NO,-31.063081,-71.615343
CO732,1140,Norte,D,C,ONGRID,NO,NO,NO,NO,NO,NO,-30.767251,-71.545054
CO181,1141,Norte,D,C,ONGRID,NO,NO,NO,NO,NO,NO,-30.581988,-71.494437
RC091,1142,Norte,D,C,OFFGRID,NO,NO,NO,NO,NO,NO,-30.162819,-71.139466
LS039,1143,Norte,C,C,ONGRID,NO,NO,NO,NO,NO,NO,-30.161778,-71.235444
LS037,1144,Norte,C,C,ONGRID,NO,NO,NO,NO,NO,NO,-29.959359,-71.123403
LS214,1145,Norte,B2,C,ONGRID,NO,NO,NO,NO,NO,NO,-29.552058,-71.211467
LS038,1146,Norte,C,C,OFFGRID,NO,NO,NO,NO,NO,NO,-30.0109,-70.8056
RC087,1147,Norte,C,C,ONGRID,NO,NO,NO,NO,NO,NO,-30.004489,-71.033625
CO302,1148,Norte,C,C,ONGRID,NO,NO,NO,NO,NO,NO,-29.979319,-70.966639
ESTCQ017,1149,Norte,A,nan,ONGRID,SI,SI,NO,NO,SI,NO,-31.781335,-70.968029
CO722,1150,Norte,C,C,ONGRID,NO,NO,NO,NO,NO,NO,-31.7834,-70.9684
CO296,1151,Norte,C,C,ONGRID,NO,NO,NO,NO,NO,NO,-31.7853,-70.9778
REP01,1152,Norte,B2,nan,ONGRID,NO,SI,NO,NO,NO,NO,-33.2739087,-70.6564678
FN390,1153,Norte,C,C,ONGRID,NO,NO,NO,NO,NO,NO,-30.416583,-70.946389
FN376,1154,Norte,C,C,ONGRID,NO,NO,NO,NO,NO,NO,-31.730806,-70.837917
RC249,1155,Norte,D,C,ONGRID,NO,NO,NO,NO,NO,NO,-29.880326,-70.889725
LS336,1156,Norte,D,C,ONGRID,NO,NO,NO,NO,NO,NO,-29.933459,-71.252584
RC918,1157,Norte,D,C,ONGRID,NO,NO,NO,NO,NO,NO,-29.878056,-71.267222
LS329,1158,Norte,D,C,ONGRID,NO,NO,NO,NO,NO,NO,-29.949843,-71.271734
LS754,1159,Norte,D,C,ONGRID,NO,NO,NO,NO,NO,NO,-29.95875,-71.25285
LS756,1160,Norte,D,C,ONGRID,NO,NO,NO,NO,NO,NO,-29.971,-71.263339
FN387,1161,Norte,C,C,ONGRID,NO,NO,NO,NO,NO,NO,-30.538602,-71.448221
RC100,1162,Norte,D,C,ONGRID,NO,NO,NO,NO,NO,NO,-29.919917,-71.260611
CO567,1163,Norte,C,C,ONGRID,NO,NO,NO,NO,NO,NO,-30.454206,-71.14614
CO568,1164,Norte,D,C,ONGRID,NO,NO,NO,NO,NO,NO,-30.35698,-71.20502
ESTCQ032,1165,Norte,C,nan,ONGRID,NO,SI,NO,NO,NO,NO,-29.903184,-71.249411
ESTCQ033,1166,Norte,B1,nan,ONGRID,SI,SI,NO,NO,NO,NO,-29.90416,-71.251533
ESTCQ034,1167,Norte,B1,nan,ONGRID,NO,NO,SI,SI,NO,NO,-29.90416,-71.251533
RC500,1168,Norte,C,C,ONGRID,NO,NO,NO,NO,NO,NO,-30.321083,-70.745083
LS517,1169,Norte,B2,C,ONGRID,NO,NO,NO,NO,NO,NO,-30.674778,-71.099667
ZS024,1171,Norte,D,C,ONGRID,NO,NO,NO,NO,NO,NO,-31.631944,-71.1658328
RC271,1172,Norte,D,C,ONGRID,NO,NO,NO,NO,NO,NO,-29.9133333,-71.2583334
ZS025,1173,Norte,D,C,ONGRID,NO,NO,NO,NO,NO,NO,-30.602675,-71.200008
FN370,1174,Norte,C,C,ONGRID,NO,NO,NO,NO,NO,NO,-30.641222,-71.441389
FN391,1175,Norte,C,C,ONGRID,NO,NO,NO,NO,NO,NO,-30.47375,-71.031972
CO956,1176,Norte,D,C,ONGRID,NO,SI,NO,NO,NO,NO,-30.894861,-71.596194
FN928,1177,Norte,C,C,ONGRID,NO,NO,NO,NO,NO,NO,-30.203139,-71.220611
CO953,1178,Norte,C,C,ONGRID,NO,SI,NO,NO,NO,NO,-30.4667,-71.462821
ZS079,1179,Norte,D,C,ONGRID,NO,NO,NO,NO,NO,NO,-29.9563,-71.337486
CO728,1180,Norte,D,C,ONGRID,NO,NO,NO,NO,NO,NO,-29.963056,-71.264167
ESTCQ020,1181,Norte,B2,nan,ONGRID,NO,SI,NO,NO,NO,NO,-29.959001,-71.338918
CO215,1182,Norte,B2,C,ONGRID,NO,NO,NO,NO,NO,NO,-30.252242,-71.500844
ZS038,1183,Norte,D,C,ONGRID,NO,NO,NO,NO,NO,NO,-30.259389,-71.494944
FN361,1184,Norte,C,C,ONGRID,NO,NO,NO,NO,NO,NO,-31.624778,-71.362056
ESTCQ019,1188,Norte,A,nan,ONGRID,NO,SI,NO,NO,SI,NO,-30.0319,-70.7081
CO240,1189,Norte,B2,C,ONGRID,NO,NO,NO,NO,NO,NO,-30.026948,-70.703703
VR463,1190,Centro,D,C,ONGRID,NO,NO,NO,NO,NO,NO,-33.011863,-71.544026
VR012,1191,Centro,D,C,ONGRID,NO,NO,NO,NO,NO,NO,-33.002082,-71.543866
VR859,1192,Centro,D,C,ONGRID,NO,NO,NO,NO,NO,NO,-33.018333,-71.557139
VA112,1193,Centro,D,C,ONGRID,NO,NO,NO,NO,NO,NO,-33.017661,-71.550089
ZV011,1194,Centro,D,C,ONGRID,NO,NO,NO,NO,NO,NO,-32.938889,-71.286111
ESTVA053,1195,Centro,B1,B+,ONGRID,SI,SI,NO,NO,NO,NO,-33.014694,-71.492583
VR017,1196,Centro,D,C,ONGRID,NO,NO,NO,NO,NO,NO,-33.00816,-71.50075
ZV133,1197,Centro,D,C,ONGRID,NO,NO,NO,NO,NO,NO,-32.8748879,-71.2487768
RV899,1198,Centro,D,C,ONGRID,NO,NO,NO,NO,NO,NO,-32.847111,-70.117917
ESTVA018,1200,Centro,B1,nan,ONGRID,NO,SI,NO,NO,NO,NO,-33.052291,-71.557388
VA964,1201,Centro,B2,C,ONGRID,NO,NO,NO,NO,NO,NO,-33.03274,-71.570162
ZV212,1202,Centro,D,C,ONGRID,NO,NO,NO,NO,NO,NO,-33.039389,-71.5693889
ESTVA019,1203,Centro,B1,nan,ONGRID,SI,NO,NO,NO,NO,NO,-33.042701,-71.564819
VR043,1204,Centro,D,C,ONGRID,NO,NO,NO,NO,NO,NO,-32.679425,-71.427015
VR026,1205,Centro,D,C,ONGRID,NO,NO,NO,NO,NO,NO,-33.350222,-71.646916
VA122,1206,Centro,C,C,ONGRID,NO,SI,NO,NO,NO,NO,-32.870888,-70.813944
ZV151,1207,Centro,D,C,ONGRID,NO,NO,NO,NO,NO,NO,-33.063917000000004,-71.4342499
VR248,1208,Centro,D,C,ONGRID,NO,NO,NO,NO,NO,NO,-33.328893,-71.586788
VA982,1209,Centro,D,C,ONGRID,NO,NO,NO,NO,NO,NO,-33.359056,-71.662833
ZV018,1210,Centro,D,C,ONGRID,NO,NO,NO,NO,NO,NO,-33.370167,-71.668503
ESTVA020,1211,Centro,B1,nan,ONGRID,NO,SI,NO,NO,NO,NO,-33.380633,-71.670123
FN395,1213,Centro,C,C,ONGRID,NO,NO,NO,NO,NO,NO,-32.352806,-70.791167
ZV263,1214,Centro,D,C,ONGRID,NO,NO,NO,NO,NO,NO,-33.0442736,-71.6043762
VR273,1215,Centro,D,C,ONGRID,NO,NO,NO,NO,NO,NO,-33.051673,-71.615948
VA380,1216,Centro,D,C,ONGRID,NO,NO,NO,NO,NO,NO,-33.037231,-71.526778
VR001,1217,Centro,D,C,ONGRID,NO,NO,NO,NO,NO,NO,-33.031673,-71.58428
VR014,1218,Centro,B2,C,ONGRID,NO,NO,NO,NO,NO,NO,-33.047719,-71.537734
FN408,1219,Centro,C,C,ONGRID,NO,NO,NO,NO,NO,NO,-32.397667,-71.099833
RV254,1220,Centro,D,C,ONGRID,NO,NO,NO,NO,NO,NO,-32.963192,-71.544897
ZV020,1221,Centro,D,C,ONGRID,NO,NO,NO,NO,NO,NO,-33.303032,-71.412546
VR685,1222,Centro,D,C,ONGRID,NO,NO,NO,NO,NO,NO,-32.987056,-71.502056
ZV122,1223,Centro,D,C,ONGRID,NO,NO,NO,NO,NO,NO,-33.001333,-71.267556
VA357,1224,Centro,D,C,ONGRID,NO,NO,NO,NO,NO,NO,-33.047262,-71.607925
VR831,1225,Centro,D,C,ONGRID,NO,NO,NO,NO,NO,NO,-33.018889,-71.559167
VA750,1226,Centro,D,C,ONGRID,NO,NO,NO,NO,NO,NO,-33.070561,-71.576781
ZV022,1228,Centro,D,C,ONGRID,NO,NO,NO,NO,NO,NO,-33.377222,-71.6611111
VR398,1229,Centro,D,C,ONGRID,NO,NO,NO,NO,NO,NO,-33.050636,-71.606335
VA997,1230,Centro,D,C,ONGRID,NO,NO,NO,NO,NO,NO,-33.022243,-71.551717
VA764,1231,Centro,D,C,ONGRID,NO,NO,NO,NO,NO,NO,-33.016967,-71.557336
ZV121,1232,Centro,D,C,ONGRID,NO,NO,NO,NO,NO,NO,-33.005583,-71.243694
ZV025,1233,Centro,D,C,ONGRID,NO,NO,NO,NO,NO,NO,-32.972028,-71.537722
VA921,1234,Centro,C,C,ONGRID,NO,SI,NO,NO,NO,NO,-33.590369,-71.607086
FN403,1236,Centro,C,C,ONGRID,NO,NO,NO,NO,NO,NO,-32.718167,-70.766361
VR548,1237,Centro,D,C,ONGRID,NO,NO,NO,NO,NO,NO,-33.039908,-71.41485
VR545,1238,Centro,D,C,ONGRID,NO,NO,NO,NO,NO,NO,-33.05742,-71.4017
ZV143,1239,Centro,D,C,ONGRID,NO,NO,NO,NO,NO,NO,-33.0417501,-71.3874442
VR270,1240,Centro,D,C,ONGRID,NO,NO,NO,NO,NO,NO,-33.048617,-71.626782
RV532,1241,Centro,D,C,ONGRID,NO,NO,NO,NO,NO,NO,-32.933917,-71.549722
VA542,1242,Centro,D,C,ONGRID,NO,NO,NO,NO,NO,NO,-32.944517,-71.538266
VA723,1243,Centro,C,C,ONGRID,NO,NO,NO,NO,NO,NO,-32.795301,-70.716045
ESTVA021,1244,Centro,B1,nan,ONGRID,SI,SI,NO,NO,NO,NO,-32.425806,-71.066162
VA771,1245,Centro,B2,C,ONGRID,NO,SI,NO,NO,NO,NO,-32.421389,-71.094366
VR486,1246,Centro,D,C,ONGRID,NO,NO,NO,NO,NO,NO,-32.43125,-71.062444
RV274,1247,Centro,D,C,ONGRID,NO,NO,NO,NO,NO,NO,-33.0080556,-71.5486111
VR027,1248,Centro,D,C,ONGRID,NO,NO,NO,NO,NO,NO,-32.581067,-71.452853
ZV030,1250,Centro,D,C,ONGRID,NO,NO,NO,NO,NO,NO,-33.036444,-71.630917
VA543,1251,Centro,D,C,ONGRID,NO,NO,NO,NO,NO,NO,-33.021944,-71.633056
RV455,1252,Centro,D,C,ONGRID,NO,NO,NO,NO,NO,NO,-32.712778,-71.493056
VA544,1253,Centro,D,C,ONGRID,NO,NO,NO,NO,NO,NO,-33.031667,-71.590833
VR375,1254,Centro,D,C,ONGRID,NO,NO,NO,NO,NO,NO,-32.98185,-71.548219
VR010,1255,Centro,D,C,ONGRID,NO,SI,NO,NO,NO,NO,-32.972589,-71.500363
VA942,1256,Centro,B2,C,ONGRID,NO,NO,NO,NO,NO,NO,-33.085283,-71.616505
VR265,1257,Centro,D,C,ONGRID,NO,NO,NO,NO,NO,NO,-33.075005,-71.637894
ZV214,1258,Centro,D,C,ONGRID,NO,NO,NO,NO,NO,NO,-33.066278,-71.5899172
ESTVA026,1259,Centro,B2,C,ONGRID,NO,NO,NO,NO,NO,NO,-32.935089,-70.282583
FN435,1260,Centro,C,C,ONGRID,NO,NO,NO,NO,NO,NO,-32.735583,-71.453305
ZV500,1261,Centro,D,C,ONGRID,NO,NO,NO,NO,NO,NO,-32.667675,-70.553181
VR682,1262,Centro,D,C,ONGRID,NO,NO,NO,NO,NO,NO,-33.031119,-71.503861
VA897,1264,Centro,C,C,ONGRID,NO,SI,NO,NO,NO,NO,-33.546278,-71.603692
RV425,1265,Centro,D,C,ONGRID,NO,NO,NO,NO,NO,NO,-33.528167,-71.592333
VA109,1266,Centro,B2,C,ONGRID,NO,SI,NO,NO,NO,NO,-33.264361,-71.413333
VA604,1267,Centro,C,C,ONGRID,NO,SI,NO,NO,NO,NO,-33.31275,-71.411444
VR739,1268,Centro,B1,C,ONGRID,NO,NO,NO,NO,NO,NO,-33.325667,-71.41175
VA856,1269,Centro,C,C,ONGRID,NO,NO,NO,NO,NO,NO,-33.019056,-71.5602759
RV450,1270,Centro,C,C,ONGRID,NO,NO,NO,NO,NO,NO,-33.5816791,-71.6141318
RV300,1271,Centro,C,C,ONGRID,NO,NO,NO,NO,NO,NO,-32.9272219,-70.6811108
VR254,1272,Centro,C,C,ONGRID,NO,NO,NO,NO,NO,NO,-32.576786,-71.260582
VR257,1273,Centro,C,C,ONGRID,NO,NO,NO,NO,NO,NO,-32.777385,-70.958018
VA885,1274,Centro,B2,C,ONGRID,NO,NO,NO,NO,NO,NO,-33.024877,-71.568911
VR693,1275,Centro,D,C,ONGRID,NO,NO,NO,NO,NO,NO,-33.05915,-71.3824
VA774,1276,Centro,B2,C,ONGRID,NO,SI,NO,NO,NO,NO,-32.933636,-70.652843
VA685,1277,Centro,B2,C,ONGRID,NO,NO,NO,NO,NO,NO,-33.04305,-71.600258
RV520,1278,Centro,D,C,ONGRID,NO,NO,NO,NO,NO,NO,-33.022278,-71.566917
VR287,1279,Centro,C,C,ONGRID,NO,NO,NO,NO,NO,NO,-33.03945,-71.627615
RV542,1280,Centro,D,C,ONGRID,NO,NO,NO,NO,NO,NO,-33.041444,-71.578
VR237,1281,Centro,D,C,ONGRID,NO,NO,NO,NO,NO,NO,-32.768635,-70.768678
VR288,1282,Centro,D,C,ONGRID,NO,NO,NO,NO,NO,NO,-33.051556,-71.633889
VA922,1283,Centro,C,C,ONGRID,NO,NO,NO,NO,NO,NO,-32.862804,-70.612561
VA524,1284,Centro,D,C,ONGRID,NO,NO,NO,NO,NO,NO,-33.0495,-71.5765
VA538,1285,Centro,D,C,ONGRID,NO,NO,NO,NO,NO,NO,-33.055,-71.616111
VA486,1286,Centro,B2,C,ONGRID,NO,NO,NO,NO,NO,NO,-33.039444,-71.591389
VA952,1287,Centro,B2,C,ONGRID,NO,SI,NO,NO,NO,NO,-32.947603,-71.348619
VR565,1288,Centro,C,C,ONGRID,NO,NO,NO,NO,NO,NO,-32.815021,-70.966189
FN418,1289,Centro,C,C,ONGRID,NO,NO,NO,NO,NO,NO,-32.182806,-70.801139
RV445,1290,Centro,D,C,ONGRID,NO,NO,NO,NO,NO,NO,-33.046969,-71.621847
VR253,1291,Centro,C,C,ONGRID,NO,NO,NO,NO,NO,NO,-32.226283,-70.84522
ZV268,1292,Centro,D,C,ONGRID,NO,NO,NO,NO,NO,NO,-33.048351,-71.435988
ZV269,1293,Centro,D,C,ONGRID,NO,NO,NO,NO,NO,NO,-32.7899936,-71.1836172
ZV034,1294,Centro,D,C,ONGRID,NO,NO,NO,NO,NO,NO,-32.984306,-71.534611
ZV270,1295,Centro,D,C,ONGRID,NO,NO,NO,NO,NO,NO,-32.8461111,-70.5861112
ZV274,1296,Centro,D,C,ONGRID,NO,NO,NO,NO,NO,NO,-33.0450848,-71.6117299
RV892,1297,Centro,D,C,ONGRID,NO,NO,NO,NO,NO,NO,-33.028611,-71.578889
ONUVA003,1298,Centro,B2,C,ONGRID,NO,SI,NO,NO,NO,NO,-32.814472,-71.193333
VA752,1299,Centro,B2,C,ONGRID,NO,NO,NO,NO,NO,NO,-32.956337,-71.544436
VR008,1300,Centro,D,C,ONGRID,NO,NO,NO,NO,NO,NO,-32.956167,-71.547528
ONUVA001,1301,Centro,B2,nan,ONGRID,NO,NO,NO,NO,NO,NO,-33.035824,-71.528419
VR261,1302,Centro,C,C,ONGRID,NO,NO,NO,NO,NO,NO,-33.169335,-71.130481
VA958,1303,Centro,B2,C,ONGRID,NO,SI,NO,NO,NO,NO,-32.893051,-71.491381
ESTVA003,1305,Centro,B1,nan,ONGRID,NO,SI,SI,SI,NO,NO,-32.929947,-71.518606
VR007,1307,Centro,D,C,ONGRID,NO,NO,NO,NO,NO,NO,-32.933081,-71.5264
ZV069,1308,Centro,D,C,ONGRID,NO,NO,NO,NO,NO,NO,-32.9205,-71.523306
ZV300,1309,Centro,D,C,ONGRID,NO,NO,NO,NO,NO,NO,-33.047964,-71.604536
ZV077,1310,Centro,D,C,ONGRID,NO,NO,NO,NO,NO,NO,-33.574281,-71.5363531
VR041,1312,Centro,D,C,ONGRID,NO,NO,NO,NO,NO,NO,-32.930692,-71.550167
VR354,1313,Centro,D,C,ONGRID,NO,NO,NO,NO,NO,NO,-33.859997,-71.636805
VA381,1314,Centro,B2,C,ONGRID,NO,SI,NO,NO,NO,NO,-33.575502,-71.492424
ZV259,1315,Centro,D,C,ONGRID,NO,NO,NO,NO,NO,NO,-33.555407,-71.569242
VA939,1316,Centro,B2,C,ONGRID,NO,NO,NO,NO,NO,NO,-32.492583,-71.29775
VA329,1317,Centro,C,C,ONGRID,NO,NO,NO,NO,NO,NO,-33.055681,-71.100519
VR272,1318,Centro,B2,C,ONGRID,NO,NO,NO,NO,NO,NO,-33.05525,-71.62605
VR005,1319,Centro,B2,C+,ONGRID,NO,SI,NO,SI,NO,NO,-33.129831,-71.559919
ZV163,1320,Centro,D,C,ONGRID,NO,NO,NO,NO,NO,NO,-33.584942,-71.608842
ZV023,1321,Centro,D,C,ONGRID,NO,NO,NO,NO,NO,NO,-33.426389,-71.686667
ZV134,1322,Centro,D,C,ONGRID,NO,NO,NO,NO,NO,NO,-32.885421,-71.2473008
ESTVA039,1324,Centro,B2,nan,ONGRID,NO,NO,NO,NO,NO,NO,-33.043172,-71.517716
VR285,1325,Centro,D,C,ONGRID,NO,NO,NO,NO,NO,NO,-33.022056,-71.514806
VA768,1326,Centro,B2,C,ONGRID,NO,NO,NO,NO,NO,NO,-33.056459,-71.604696
VR701,1327,Centro,D,C,ONGRID,NO,NO,NO,NO,NO,NO,-32.887523,-71.260085
VR247,1328,Centro,D,C,ONGRID,NO,NO,NO,NO,NO,NO,-33.206394,-71.585951
ESTVA030,1329,Centro,B2,nan,ONGRID,NO,NO,NO,NO,NO,NO,-33.06843,-71.414808
FN398,1330,Centro,C,C,ONGRID,NO,NO,NO,NO,NO,NO,-33.028528,-71.239111
FN410,1331,Centro,C,C,ONGRID,NO,NO,NO,NO,NO,NO,-32.477278,-71.181055
VR292,1332,Centro,C,C,ONGRID,NO,NO,NO,NO,NO,NO,-33.773332,-71.627357
FN411,1333,Centro,C,C,ONGRID,NO,NO,NO,NO,NO,NO,-32.312472,-71.215722
FN432,1334,Centro,C,C,ONGRID,NO,NO,NO,NO,NO,NO,-32.793472,-70.621
VR255,1335,Centro,C,C,ONGRID,NO,SI,NO,NO,NO,NO,-32.69336,-71.21922
VA123,1336,Centro,D,C,ONGRID,NO,SI,NO,NO,NO,NO,-32.680778,-71.241278
FN402,1337,Centro,C,C,ONGRID,NO,NO,NO,NO,NO,NO,-32.743111,-70.952528
FN427,1338,Centro,C,C,ONGRID,NO,NO,NO,NO,NO,NO,-32.871361,-70.948778
VA772,1339,Centro,B2,C,ONGRID,NO,SI,NO,NO,NO,NO,-33.391551,-71.618707
VA761,1340,Centro,C,C,ONGRID,NO,SI,NO,NO,NO,NO,-33.3961,-71.7003
RV522,1341,Centro,D,C,ONGRID,NO,NO,NO,NO,NO,NO,-33.382778,-71.686944
VR034,1342,Centro,B2,C,ONGRID,NO,NO,NO,NO,NO,NO,-33.3992,-71.6743
VR023,1343,Centro,B1,B+,ONGRID,SI,NO,NO,NO,NO,NO,-33.408814,-71.678578
FN420,1344,Centro,C,C,ONGRID,NO,NO,NO,NO,NO,NO,-32.826917,-71.020889
ZV373,1345,Centro,D,C,ONGRID,NO,NO,NO,NO,NO,NO,-32.7141389,-71.3660556
VA184,1346,Centro,B2,C,ONGRID,NO,SI,NO,NO,NO,NO,-32.707454,-70.734876
FN744,1347,Centro,C,C,ONGRID,NO,NO,NO,NO,NO,NO,-32.222767,-70.809413
VR042,1348,Centro,C,C,ONGRID,NO,NO,NO,NO,NO,NO,-33.467052,-71.640234
VA758,1349,Centro,C,C,ONGRID,NO,NO,NO,NO,NO,NO,-33.448889,-71.662414
FN430,1350,Centro,C,C,ONGRID,NO,NO,NO,NO,NO,NO,-32.559444,-70.695055
VR659,1351,Centro,D,C,ONGRID,NO,NO,NO,NO,NO,NO,-33.059273,-71.636381
VR584,1352,Centro,D,C,ONGRID,NO,NO,NO,NO,NO,NO,-33.398278,-71.649973
FN419,1353,Centro,C,C,ONGRID,NO,NO,NO,NO,NO,NO,-32.213167,-70.821889
VA748,1354,Centro,C,C,ONGRID,NO,NO,NO,NO,NO,NO,-33.228745,-71.410272
VR508,1355,Centro,D,C,ONGRID,NO,NO,NO,NO,NO,NO,-33.500003,-71.553735
RV856,1356,Centro,D,C,ONGRID,NO,NO,NO,NO,NO,NO,-33.472569,-71.600343
VR555,1357,Centro,C,C,ONGRID,NO,NO,NO,NO,NO,NO,-33.448001,-71.631362
VR276,1358,Centro,D,C,ONGRID,NO,NO,NO,NO,NO,NO,-33.046556,-71.584167
ZV226,1359,Centro,D,C,ONGRID,NO,NO,NO,NO,NO,NO,-33.0077778,-71.5455554
VR839,1360,Centro,D,C,ONGRID,NO,NO,NO,NO,NO,NO,-32.838417,-70.597667
ZV276,1361,Centro,D,C,ONGRID,NO,NO,NO,NO,NO,NO,-33.0475623,-71.6181862
RV247,1362,Centro,D,C,ONGRID,NO,NO,NO,NO,NO,NO,-33.0254574,-71.5528041
VR706,1363,Centro,D,C,ONGRID,NO,NO,NO,NO,NO,NO,-33.6125,-71.616797
VA546,1365,Centro,D,C,ONGRID,NO,NO,NO,NO,NO,NO,-33.037115,-71.540009
ZV116,1366,Centro,D,C,ONGRID,NO,NO,NO,NO,NO,NO,-32.795692,-71.20594
ZV141,1367,Centro,D,C,ONGRID,NO,NO,NO,NO,NO,NO,-33.057444,-71.3604441
ZV064,1368,Centro,D,C,ONGRID,NO,NO,NO,NO,NO,NO,-33.049556,-71.462667
VA063,1369,Centro,B2,C,ONGRID,NO,NO,NO,NO,NO,NO,-33.549339,-71.575661
VA607,1370,Centro,B2,C,ONGRID,NO,NO,NO,NO,NO,NO,-32.999914,-71.511094
VR011,1371,Centro,D,C,ONGRID,NO,NO,NO,NO,NO,NO,-32.988519,-71.530136
VR284,1372,Centro,D,C,ONGRID,NO,NO,NO,NO,NO,NO,-32.998064,-71.518165
VR267,1373,Centro,D,C,ONGRID,NO,NO,NO,NO,NO,NO,-33.025,-71.640667
VA875,1374,Centro,C,C,ONGRID,NO,NO,NO,NO,NO,NO,-33.037231,-71.556222
RV117,1375,Centro,D,C,ONGRID,NO,NO,NO,NO,NO,NO,-33.027,-71.535778
VR564,1376,Centro,C,C,ONGRID,NO,NO,NO,NO,NO,NO,-32.80528,-71.13678
ESTVA025,1377,Centro,B2,nan,ONGRID,NO,SI,NO,NO,NO,NO,-32.834056,-70.603263
VR274,1378,Centro,D,C,ONGRID,NO,NO,NO,NO,NO,NO,-33.050284,-71.611781
ZV280,1379,Centro,C,C,ONGRID,NO,NO,NO,NO,NO,NO,-33.0288889,-71.5391665
ZV281,1380,Centro,C,C,ONGRID,NO,NO,NO,NO,NO,NO,-33.047487,-71.619588
ZV005,1381,Centro,C,C,ONGRID,NO,NO,NO,NO,NO,NO,-33.029703,-71.5418499
VR520,1382,Centro,D,C,ONGRID,NO,NO,NO,NO,NO,NO,-32.9977856,-71.5439992
VR519,1383,Centro,C,C,ONGRID,NO,NO,NO,NO,NO,NO,-32.9975078,-71.5448326
VA485,1385,Centro,D,C,ONGRID,NO,NO,NO,NO,NO,NO,-33.022659,-71.558635
VA307,1388,Centro,C,C,ONGRID,NO,NO,NO,NO,NO,NO,-32.980319,-71.529919
VR009,1389,Centro,D,C,ONGRID,NO,NO,NO,NO,NO,NO,-32.979917,-71.538817
VR674,1390,Centro,D,C,ONGRID,NO,NO,NO,NO,NO,NO,-33.068194,-71.597195
VR691,1391,Centro,D,C,ONGRID,NO,NO,NO,NO,NO,NO,-33.051972,-71.409667
VR664,1392,Centro,D,C,ONGRID,NO,NO,NO,NO,NO,NO,-33.045611,-71.634111
ZV285,1393,Centro,D,C,ONGRID,NO,NO,NO,NO,NO,NO,-33.0354094,-71.5235037
VA549,1394,Centro,C,C,ONGRID,NO,NO,NO,NO,NO,NO,-32.791522,-71.188442
ESTVA001,1395,Centro,B2,nan,ONGRID,NO,SI,NO,NO,NO,NO,-32.792494,-71.202896
VA948,1396,Centro,B2,C,ONGRID,NO,NO,NO,NO,NO,NO,-32.778766,-71.193542
VR497,1397,Centro,D,C,ONGRID,NO,NO,NO,NO,NO,NO,-32.784,-71.216639
VR334,1398,Centro,D,C,ONGRID,NO,NO,NO,NO,NO,NO,-32.906329,-71.110448
FN412,1399,Centro,C,C,ONGRID,NO,NO,NO,NO,NO,NO,-32.363694,-71.154472
VA195,1400,Centro,C,C,ONGRID,NO,SI,NO,NO,NO,NO,-32.824015,-71.221347
VR243,1401,Centro,D,C,ONGRID,NO,NO,NO,NO,NO,NO,-32.9256,-70.8051
FN422,1402,Centro,C,C,ONGRID,NO,NO,NO,NO,NO,NO,-33.065222,-71.068833
VR511,1403,Centro,C,C,ONGRID,NO,SI,NO,NO,NO,NO,-32.744128,-71.4776
VR236,1404,Centro,C,C,ONGRID,NO,NO,NO,NO,NO,NO,-32.4167,-71.2281
VR671,1405,Centro,D,C,ONGRID,NO,NO,NO,NO,NO,NO,-32.453444,-71.240583
FN401,1406,Centro,C,C,ONGRID,NO,NO,NO,NO,NO,NO,-32.884715,-71.208231
FN434,1407,Centro,C,C,ONGRID,NO,NO,NO,NO,NO,NO,-33.239889,-71.448095
VR250,1408,Centro,B2,C,ONGRID,NO,NO,NO,NO,NO,NO,-33.102393,-71.574223
FN406,1409,Centro,C,C,ONGRID,NO,NO,NO,NO,NO,NO,-33.354583,-71.321806
VR616,1410,Centro,D,C,ONGRID,NO,NO,NO,NO,NO,NO,-33.138889,-71.564583
ZV074,1411,Centro,D,C,ONGRID,NO,NO,NO,NO,NO,NO,-33.691749,-71.650035
VR029,1412,Centro,C,C,ONGRID,NO,NO,NO,NO,NO,NO,-33.1161,-71.6829
FN437,1413,Centro,C,C,OFFGRID,NO,NO,NO,NO,NO,SI,-33.113593,-71.709391
FN438,1414,Centro,C,C,OFFGRID,NO,NO,NO,NO,NO,SI,-33.124306,-71.687195
VA993,1415,Centro,C,C,ONGRID,NO,NO,NO,NO,NO,NO,-33.421395,-71.431782
ZV261,1416,Centro,D,C,ONGRID,NO,NO,NO,NO,NO,NO,-33.698152,-71.653577
FN433,1417,Centro,C,C,ONGRID,NO,NO,NO,NO,NO,NO,-32.736111,-70.630667
VA067,1418,Centro,C,C,ONGRID,NO,NO,NO,NO,NO,NO,-33.18969,-71.50953
VA751,1419,Centro,B2,C,ONGRID,NO,NO,NO,NO,NO,NO,-33.103444,-71.555889
VA814,1420,Centro,D,C,ONGRID,NO,NO,NO,NO,NO,NO,-32.861028,-70.854472
FN431,1421,Centro,C,C,ONGRID,NO,NO,NO,NO,NO,NO,-32.68918,-70.729954
VA892,1422,Centro,C,C,ONGRID,NO,NO,NO,NO,NO,NO,-33.496333,-71.623861
VR559,1423,Centro,D,C,ONGRID,NO,NO,NO,NO,NO,NO,-33.471081,-71.627456
VR677,1424,Centro,C,C,ONGRID,NO,NO,NO,NO,NO,NO,-33.030807,-71.543728
FN428,1425,Centro,C,C,ONGRID,NO,NO,NO,NO,NO,NO,-32.8549,-70.9921
FN424,1426,Centro,C,C,ONGRID,NO,NO,NO,NO,NO,NO,-33.02675,-71.056333
VA755,1427,Centro,C,C,ONGRID,NO,NO,NO,NO,NO,NO,-33.049608,-71.520894
VA532,1428,Centro,D,C,ONGRID,NO,NO,NO,NO,NO,NO,-32.992997,-71.545556
RV519,1429,Centro,D,C,ONGRID,NO,NO,NO,NO,NO,NO,-33.034722,-71.545833
VR275,1430,Centro,D,C,ONGRID,NO,NO,NO,NO,NO,NO,-33.039992,-71.603472
ZV169,1431,Centro,D,C,ONGRID,NO,NO,NO,NO,NO,NO,-33.413056,-71.6944169
VR280,1432,Centro,D,C,ONGRID,NO,NO,NO,NO,NO,NO,-33.036117,-71.643172
VA577,1433,Centro,B2,C,ONGRID,NO,SI,NO,NO,NO,NO,-33.00986,-71.27502
ESTVA006,1434,Centro,B2,nan,ONGRID,NO,SI,NO,NO,NO,NO,-32.985032,-71.275447
VR245,1435,Centro,B2,C,ONGRID,NO,SI,NO,NO,NO,NO,-32.97258,-71.25356
VR573,1436,Centro,B2,C,ONGRID,NO,NO,NO,NO,NO,NO,-32.982739,-71.273839
VA753,1437,Centro,D,C,ONGRID,NO,NO,NO,NO,NO,NO,-33.032197,-71.517614
ESTVA052,1438,Centro,B2,C,ONGRID,NO,SI,NO,NO,NO,NO,-32.823775,-70.949327
VR252,1439,Centro,C,C,ONGRID,NO,NO,NO,NO,NO,NO,-32.837188,-70.964111
RV857,1440,Centro,D,C,ONGRID,NO,NO,NO,NO,NO,NO,-33.074056,-71.220083
VA823,1441,Centro,B1,A+,ONGRID,NO,SI,NO,SI,NO,NO,-33.614671,-71.607475
VR707,1442,Centro,D,C,ONGRID,NO,NO,NO,NO,NO,NO,-33.619722,-71.611519
FN394,1443,Centro,C,C,ONGRID,NO,NO,NO,NO,NO,NO,-32.746111,-70.580389
VR574,1444,Centro,C,C,ONGRID,NO,NO,NO,NO,NO,NO,-32.574375,-70.727264
ZV287,1445,Centro,D,C,ONGRID,NO,NO,NO,NO,NO,NO,-33.579592,-71.608716
ZV302,1446,Centro,D,C,ONGRID,NO,NO,NO,NO,NO,NO,-33.045856,-71.622039
VA120,1447,Centro,B2,C,ONGRID,NO,NO,NO,NO,NO,NO,-32.393087,-71.240931
FN413,1448,Centro,C,C,ONGRID,NO,NO,NO,NO,NO,NO,-32.323667,-71.296944
FN414,1449,Centro,C,C,ONGRID,NO,NO,NO,NO,NO,NO,-32.357944,-71.332
FN415,1450,Centro,C,C,ONGRID,NO,NO,NO,NO,NO,NO,-32.378722,-71.375389
RV128,1451,Centro,D,C,ONGRID,NO,NO,NO,NO,NO,NO,-32.963556,-71.520111
VA686,1452,Centro,B2,C,ONGRID,NO,NO,NO,NO,NO,NO,-32.833917,-70.597028
RV013,1453,Centro,D,C,ONGRID,NO,NO,NO,NO,NO,NO,-32.847972,-70.6095
VR239,1454,Centro,C,C,ONGRID,NO,NO,NO,NO,NO,NO,-32.82831,-70.486753
VR698,1455,Centro,D,C,ONGRID,NO,NO,NO,NO,NO,NO,-32.831472,-70.616278
VR538,1456,Centro,D,C,ONGRID,NO,NO,NO,NO,NO,NO,-32.839678,-70.609103
VR575,1457,Centro,D,C,ONGRID,NO,NO,NO,NO,NO,NO,-32.817526,-70.620616
VR697,1458,Centro,D,C,ONGRID,NO,NO,NO,NO,NO,NO,-32.852611,-70.588917
FN421,1459,Centro,C,C,ONGRID,NO,NO,NO,NO,NO,NO,-32.827722,-71.072917
VA786,1460,Centro,D,C,ONGRID,NO,NO,NO,NO,NO,NO,-32.859751,-70.483944
FN425,1461,Centro,C,C,ONGRID,NO,NO,NO,NO,NO,NO,-32.692639,-70.926722
FN429,1462,Centro,C,C,ONGRID,NO,NO,NO,NO,NO,NO,-32.857611,-70.91825
VR256,1463,Centro,C,C,ONGRID,NO,NO,NO,NO,NO,NO,-32.361787,-71.401602
RV127,1464,Centro,B2,C,ONGRID,NO,NO,NO,NO,NO,NO,-32.954409,-71.537579
FN436,1465,Centro,C,C,ONGRID,NO,NO,NO,NO,NO,NO,-33.154861,-71.332417
VA746,1466,Centro,C,C,ONGRID,NO,NO,NO,NO,NO,NO,-32.865333,-70.394889
ZV038,1467,Centro,D,C,ONGRID,NO,NO,NO,NO,NO,NO,-32.965528,-71.545806
FN392,1468,Centro,C,C,ONGRID,NO,NO,NO,NO,NO,NO,-32.826111,-70.653889
VA763,1470,Centro,C,C,ONGRID,NO,NO,NO,NO,NO,NO,-32.6245,-71.4294
VR298,1471,Centro,C,C,ONGRID,NO,NO,NO,NO,NO,NO,-32.639767,-71.428487
ZV230,1472,Centro,C,C,ONGRID,NO,NO,NO,NO,NO,NO,-32.8359,-70.604
RV833,1473,Centro,C,C,ONGRID,NO,NO,NO,NO,NO,NO,-33.0469445,-71.4411112
ZV234,1475,Centro,C,C,ONGRID,NO,NO,NO,NO,NO,NO,-33.0429,-71.605
VA816,1476,Centro,C,C,ONGRID,NO,NO,NO,NO,NO,NO,-32.852038,-71.489416
FN721,1477,Centro,C,C,ONGRID,NO,NO,NO,NO,NO,NO,-32.313583,-71.068028
FN399,1478,Centro,C,C,ONGRID,NO,NO,NO,NO,NO,NO,-32.92875,-71.372167
VA742,1479,Centro,B2,C,ONGRID,NO,NO,NO,NO,NO,NO,-32.661568,-71.402997
RV000,1481,Centro,D,C,ONGRID,NO,NO,NO,NO,NO,NO,-33.02584,-71.582891
RV478,1482,Centro,D,C,ONGRID,NO,NO,NO,NO,NO,NO,-32.983889,-71.5333331
RV470,1486,Centro,C,C,ONGRID,NO,NO,NO,NO,NO,NO,-33.0092001,-71.5473
VR460,1487,Centro,D,C,ONGRID,NO,NO,NO,NO,NO,NO,-33.033211,-71.533054
VA972,1488,Centro,D,C,ONGRID,NO,NO,NO,NO,NO,NO,-33.028671,-71.543226
VR461,1489,Centro,D,C,ONGRID,NO,NO,NO,NO,NO,NO,-33.024968,-71.561463
VR462,1490,Centro,D,C,ONGRID,NO,NO,NO,NO,NO,NO,-33.026197,-71.552433
VA345,1491,Centro,D,C,ONGRID,NO,NO,NO,NO,NO,NO,-32.661052,-71.177695
VA142,1492,Centro,C,C,ONGRID,NO,NO,NO,NO,NO,NO,-32.984684,-70.247629
VA570,1493,Centro,C,C,ONGRID,NO,NO,NO,NO,NO,NO,-33.093019,-70.255687
VA571,1494,Centro,D,C,ONGRID,NO,NO,NO,NO,NO,NO,-33.159722,-70.2575
VA534,1495,Centro,B2,C,ONGRID,NO,NO,NO,NO,NO,NO,-33.027056,-71.525198
VA638,1496,Centro,D,C,ONGRID,NO,NO,NO,NO,NO,NO,-33.023247,-71.509176
RV518,1497,Centro,D,C,ONGRID,NO,NO,NO,NO,NO,NO,-33.020639,-71.521278
VA540,1498,Centro,B2,C,ONGRID,NO,NO,NO,NO,NO,NO,-33.031944,-71.648889
VR264,1499,Centro,C,C,ONGRID,NO,NO,NO,NO,NO,NO,-33.321444,-71.638917
VR676,1500,Centro,D,C,ONGRID,NO,NO,NO,NO,NO,NO,-33.028567,-71.56343
VA062,1501,Centro,B2,C,ONGRID,NO,SI,NO,NO,NO,NO,-33.087631,-71.323133
VA531,1502,Centro,D,C,ONGRID,NO,NO,NO,NO,NO,NO,-33.00853,-71.550877
RV533,1503,Centro,D,C,ONGRID,NO,NO,NO,NO,NO,NO,-33.014667,-71.556306
ESTVA015,1504,Centro,B1,nan,ONGRID,NO,SI,SI,SI,NO,NO,-33.579622,-71.612537
VR251,1505,Centro,C,C,ONGRID,NO,NO,NO,NO,NO,NO,-32.8375,-71.1034
VR246,1506,Centro,B2,C,ONGRID,NO,NO,NO,NO,NO,NO,-33.004439,-71.151749
VA762,1507,Centro,B1,B+,ONGRID,SI,SI,NO,NO,NO,NO,-32.98394,-71.19386
ZV236,1508,Centro,D,C,ONGRID,NO,NO,NO,NO,NO,NO,-32.7907341,-71.1923871
ZV237,1509,Centro,D,C,ONGRID,NO,NO,NO,NO,NO,NO,-32.7565,-70.7028001
ZV238,1510,Centro,D,C,ONGRID,NO,NO,NO,NO,NO,NO,-32.9983334,-71.5136112
FN754,1511,Centro,C,C,ONGRID,NO,NO,NO,NO,NO,NO,-32.381778,-70.84725
FN404,1512,Centro,C,C,ONGRID,NO,NO,NO,NO,NO,NO,-32.768861,-70.834611
VR238,1513,Centro,C,C,ONGRID,NO,NO,NO,NO,NO,NO,-32.841263,-70.689486
VA790,1514,Centro,B2,C,ONGRID,NO,NO,NO,NO,NO,NO,-32.509934,-71.451603
VA092,1515,Centro,B2,C,ONGRID,NO,NO,NO,NO,NO,NO,-33.046847,-71.615428
VR341,1516,Centro,C,C,ONGRID,NO,NO,NO,NO,NO,NO,-33.640282,-71.393454
VR363,1517,Centro,D,C,ONGRID,NO,NO,NO,NO,NO,NO,-32.626556,-71.22625
VR702,1518,Centro,C,C,ONGRID,NO,NO,NO,NO,NO,NO,-32.903625,-71.258983
VR547,1519,Centro,B2,C,ONGRID,NO,SI,NO,NO,NO,NO,-33.04858,-71.34042
VA720,1520,Centro,C,C,ONGRID,NO,SI,NO,NO,NO,NO,-33.164444,-71.542822
VA981,1521,Centro,C,C,ONGRID,NO,NO,NO,NO,NO,NO,-32.901977,-70.238933
VA979,1522,Centro,C,C,ONGRID,NO,NO,NO,NO,NO,NO,-32.246769,-70.936022
CO757,1523,Norte,B2,C,ONGRID,NO,NO,NO,NO,NO,NO,-32.161944,-71.494722
VA533,1524,Centro,D,C,ONGRID,NO,NO,NO,NO,NO,NO,-32.864444,-70.146111
VA066,1525,Centro,C,C,ONGRID,NO,NO,NO,NO,NO,NO,-33.21867,-71.48061
VR675,1526,Centro,C,C,ONGRID,NO,NO,NO,NO,NO,NO,-33.068889,-71.582278
VA782,1528,Centro,D,C,ONGRID,NO,NO,NO,NO,NO,NO,-32.929811,-71.543639
VA784,1529,Centro,C,C,ONGRID,NO,NO,NO,NO,NO,NO,-33.028815,-71.639085
VA876,1530,Centro,B2,C,ONGRID,NO,NO,NO,NO,NO,NO,-33.039106,-71.645797
RV233,1531,Centro,D,C,ONGRID,NO,NO,NO,NO,NO,NO,-33.053889,-71.644722
ZV073,1532,Centro,D,C,ONGRID,NO,NO,NO,NO,NO,NO,-33.64126,-71.634558
ZV035,1533,Centro,D,C,ONGRID,NO,NO,NO,NO,NO,NO,-33.043833,-71.623944
VA924,1534,Centro,B2,C,ONGRID,NO,NO,NO,NO,NO,NO,-33.038851,-71.628461
VR661,1535,Centro,D,C,ONGRID,NO,NO,NO,NO,NO,NO,-33.033877,-71.531657
VA767,1536,Centro,D,C,ONGRID,NO,NO,NO,NO,NO,NO,-33.041258,-71.625058
VA322,1537,Centro,D,C,ONGRID,NO,NO,NO,NO,NO,NO,-32.983477,-71.545003
VA064,1538,Centro,C,C,ONGRID,NO,NO,NO,NO,NO,NO,-32.840686,-70.133367
VA057,1539,Centro,B2,C,ONGRID,NO,NO,NO,NO,NO,NO,-33.049886,-71.647544
VR660,1540,Centro,D,C,ONGRID,NO,NO,NO,NO,NO,NO,-33.0474,-71.652197
VA070,1541,Centro,B2,C,ONGRID,NO,NO,NO,NO,NO,NO,-32.910889,-70.325861
ZV146,1542,Centro,D,C,ONGRID,NO,NO,NO,NO,NO,NO,-33.034333,-71.3741667
VA977,1543,Centro,C,C,ONGRID,NO,NO,NO,NO,NO,NO,-32.737369,-71.402581
VR352,1544,Centro,D,C,ONGRID,NO,NO,NO,NO,NO,NO,-33.91194,-71.723755
VR054,1545,Centro,C,C,ONGRID,NO,SI,NO,NO,NO,NO,-32.837528,-70.545613
VR000,1546,Centro,D,C,ONGRID,NO,NO,NO,NO,NO,NO,-33.034415,-71.630174
VA321,1547,Centro,C,C,ONGRID,NO,SI,NO,NO,NO,NO,-32.631961,-70.705908
RV544,1548,Centro,C,C,ONGRID,NO,NO,NO,NO,NO,NO,-33.052583,-71.317111
FN416,1549,Centro,C,C,ONGRID,NO,NO,NO,NO,NO,NO,-32.473972,-71.258306
SWQUB01,1550,Centro,A,nan,ONGRID,NO,NO,NO,NO,SI,NO,-32.883599,-71.251092
VA317,1551,Centro,C,C,ONGRID,NO,NO,NO,NO,NO,NO,-32.886558,-71.251817
VR258,1552,Centro,C,C,ONGRID,NO,NO,NO,NO,NO,NO,-32.89414,-71.25247
VR333,1553,Centro,D,C,ONGRID,NO,NO,NO,NO,NO,NO,-32.868347,-71.273705
VR700,1554,Centro,D,C,ONGRID,NO,NO,NO,NO,NO,NO,-32.876667,-71.253222
ESTVA046,1555,Centro,B1,C,ONGRID,SI,NO,NO,SI,NO,NO,-33.049523,-71.426889
VA879,1556,Centro,D,C,ONGRID,NO,NO,NO,NO,NO,NO,-33.047165,-71.441337
VR543,1557,Centro,D,C,ONGRID,NO,NO,NO,NO,NO,NO,-33.071892,-71.430133
VR544,1558,Centro,D,C,ONGRID,NO,NO,NO,NO,NO,NO,-33.030974,-71.435959
VR690,1559,Centro,D,C,ONGRID,NO,NO,NO,NO,NO,NO,-33.034732,-71.44594
VR541,1560,Centro,B2,C,ONGRID,NO,NO,NO,NO,NO,NO,-33.061283,-71.446722
VA488,1561,Centro,D,C,ONGRID,NO,NO,NO,NO,NO,NO,-33.0373,-71.456083
VR542,1562,Centro,D,C,ONGRID,NO,NO,NO,NO,NO,NO,-33.042509,-71.472052
VA835,1563,Centro,C,C,ONGRID,NO,NO,NO,NO,NO,NO,-32.446683,-71.32953
VA108,1564,Centro,D,C,ONGRID,NO,NO,NO,NO,NO,NO,-33.0272,-71.5505
VA854,1565,Centro,C,C,ONGRID,NO,NO,NO,NO,NO,NO,-33.206053,-71.662747
VR249,1566,Centro,C,C,ONGRID,NO,NO,NO,NO,NO,NO,-33.191246,-71.687412
VA954,1567,Centro,B2,C,ONGRID,NO,NO,NO,NO,NO,NO,-32.772159,-71.535504
ESTVA031,1568,Centro,B2,nan,ONGRID,NO,SI,NO,NO,NO,NO,-32.780614,-71.527224
VA946,1569,Centro,D,C,ONGRID,NO,NO,NO,NO,NO,NO,-32.821677,-71.48038
VR551,1570,Centro,B2,C,ONGRID,NO,NO,NO,NO,NO,NO,-32.791836,-71.539806
ESTVA047,1571,Centro,B2,nan,ONGRID,NO,NO,NO,NO,NO,NO,-33.2939087,-70.6564678
VA395,1572,Centro,C,C,ONGRID,NO,NO,NO,NO,NO,NO,-33.929592,-71.735619
VR244,1573,Centro,D,C,ONGRID,NO,NO,NO,NO,NO,NO,-33.773611,-71.564577
ZB076,1574,Sur,D,C,ONGRID,NO,NO,NO,NO,NO,NO,-36.792159,-73.071638
VA783,1575,Centro,C,C,ONGRID,NO,NO,NO,NO,NO,NO,-32.972222,-71.521944
VR015,1576,Centro,B2,C,ONGRID,NO,NO,NO,NO,NO,NO,-32.997787,-71.485385
VA965,1577,Centro,B1,C,ONGRID,NO,SI,NO,SI,NO,NO,-32.96721,-71.543286
ONUVA002,1578,Centro,B2,nan,ONGRID,NO,NO,NO,NO,NO,NO,-32.970198,-71.540001
VA058,1579,Centro,D,C,ONGRID,NO,NO,NO,NO,NO,NO,-32.971244,-71.544025
VR286,1580,Centro,C,C,ONGRID,NO,NO,NO,SI,NO,NO,-32.96475,-71.535917
ZA157,6277,Norte,D,C,ONGRID,NO,NO,NO,NO,NO,,-22.313924,-68.861996
ZV076,1581,Centro,D,C,ONGRID,NO,NO,NO,NO,NO,NO,-32.969833,-71.54483
VR242,1582,Centro,B2,C,ONGRID,NO,NO,NO,NO,NO,NO,-32.87603,-70.67003
VR378,1583,Centro,C,C,ONGRID,NO,NO,NO,NO,NO,NO,-32.664158,-70.691597
VR680,1584,Centro,D,C,ONGRID,NO,NO,NO,NO,NO,NO,-33.069556,-71.534389
VR282,1585,Centro,D,C,ONGRID,NO,NO,NO,NO,NO,NO,-33.013361,-71.550083
RV388,1586,Centro,B2,C,ONGRID,NO,NO,NO,NO,NO,NO,-33.641388,-78.832792
VR374,1587,Centro,D,C,ONGRID,NO,NO,NO,NO,NO,NO,-33.645772,-71.611656
VR540,1588,Centro,D,C,ONGRID,NO,NO,NO,NO,NO,NO,-33.662319,-71.620708
ESTVA045,1589,Centro,B2,nan,ONGRID,NO,NO,NO,NO,NO,NO,-33.3039087,-70.6564678
VA819,1590,Centro,C,C,ONGRID,NO,SI,NO,NO,NO,NO,-32.918556,-71.481389
RP362,1591,Centro,D,nan,ONGRID,NO,NO,NO,NO,NO,NO,-33.564778,-71.562361
RP363,1592,Centro,D,nan,ONGRID,NO,NO,NO,NO,NO,NO,-32.921722,-71.28375
FN396,1593,Centro,C,C,ONGRID,NO,NO,NO,NO,NO,NO,-32.285583,-71.465778
VR557,1594,Centro,D,C,ONGRID,NO,NO,NO,NO,NO,NO,-33.727222,-71.584021
VR296,1595,Centro,D,C,ONGRID,NO,NO,NO,NO,NO,NO,-33.691256,-71.588264
VR552,1596,Centro,B2,C,ONGRID,NO,NO,NO,NO,NO,NO,-32.795083,-71.496278
VR588,1597,Centro,D,C,ONGRID,NO,NO,NO,NO,NO,NO,-33.79861,-71.61208
ZV016,1598,Centro,D,C,ONGRID,NO,NO,NO,NO,NO,NO,-32.889806,-70.521917
VR516,1599,Centro,C,C,ONGRID,NO,NO,NO,NO,NO,NO,-32.402292,-70.926547
VA855,1600,Centro,B2,C,ONGRID,NO,NO,NO,NO,NO,NO,-32.275858,-71.0234
ZV015,1601,Centro,D,C,OFFGRID,NO,NO,NO,NO,NO,NO,-32.5659,-70.843299
VR263,1602,Centro,C,C,ONGRID,NO,SI,NO,NO,NO,NO,-33.35845,-71.399682
RPL006,5744752,Austral,B2,nan,ONGRID,NO,NO,NO,NO,NO,NO,-33.444411,-70.655925
RV252,1603,Centro,D,C,ONGRID,NO,NO,NO,NO,NO,NO,-32.596404,-71.382036
VR570,1604,Centro,D,C,ONGRID,NO,NO,NO,NO,NO,NO,-32.873622,-71.453158
VR583,1606,Centro,D,C,ONGRID,NO,NO,NO,NO,NO,NO,-33.424724,-71.659572
VR556,1607,Centro,C,C,ONGRID,NO,NO,NO,NO,NO,NO,-33.429972,-71.637139
VA060,1608,Centro,C,C,ONGRID,NO,NO,NO,NO,NO,NO,-32.783994,-71.15164
VA747,1609,Centro,B2,C,ONGRID,NO,NO,NO,NO,NO,NO,-33.413539,-71.482836
ZV014,1610,Centro,D,C,ONGRID,NO,NO,NO,NO,NO,NO,-32.479417,-71.113139
VR558,1611,Centro,B2,C,ONGRID,NO,NO,NO,NO,NO,NO,-33.5175,-71.5943
VA975,1612,Centro,C,C,ONGRID,NO,NO,NO,NO,NO,NO,-33.65265,-71.50375
VA852,1613,Centro,C,C,ONGRID,NO,NO,NO,NO,NO,NO,-32.811134,-70.857016
VA749,1614,Centro,D,C,ONGRID,NO,NO,NO,NO,NO,NO,-33.183908,-71.360061
VR259,1615,Centro,C,C,ONGRID,NO,SI,NO,NO,NO,NO,-33.111676,-71.362049
VR585,1616,Centro,B1,C,ONGRID,NO,NO,NO,NO,NO,NO,-32.587083,-71.426722
VR561,1617,Centro,C,C,ONGRID,NO,NO,NO,NO,NO,NO,-33.464171,-71.448729
VR560,1618,Centro,D,C,ONGRID,NO,NO,NO,NO,NO,NO,-33.386117,-71.418726
VR582,1619,Centro,D,C,ONGRID,NO,NO,NO,NO,NO,NO,-33.337503,-71.610956
RV524,1620,Centro,D,C,ONGRID,NO,NO,NO,NO,NO,NO,-32.764167,-71.3
RV099,1621,Centro,B2,C,ONGRID,NO,NO,NO,NO,NO,NO,-32.460017,-71.354254
VR580,1622,Centro,D,C,ONGRID,NO,NO,NO,NO,NO,NO,-33.203338,-71.61623
VR550,1624,Centro,C,C,ONGRID,NO,NO,NO,NO,NO,NO,-33.568333,-71.622778
VR586,1625,Centro,D,C,ONGRID,NO,NO,NO,NO,NO,NO,-32.695556,-70.604306
VR260,1626,Centro,D,C,ONGRID,NO,NO,NO,NO,NO,NO,-33.039178,-71.3076
VR577,1627,Centro,D,C,ONGRID,NO,NO,NO,NO,NO,NO,-33.243059,-71.650677
VR572,1628,Centro,D,C,ONGRID,NO,NO,NO,NO,NO,NO,-32.797002,-71.42906
VR044,1629,Centro,D,C,ONGRID,NO,NO,NO,NO,NO,NO,-32.50364,-71.463548
VR045,1630,Centro,D,C,ONGRID,NO,NO,NO,NO,NO,NO,-32.519458,-71.458705
RV894,1632,Centro,D,C,ONGRID,NO,NO,NO,NO,NO,NO,-33.362222,-71.658889
SWLLO,1633,Centro,A,nan,ONGRID,NO,SI,NO,NO,SI,NO,-33.592281,-71.605512
VR482,1634,Centro,D,C,ONGRID,NO,NO,NO,NO,NO,NO,-33.599981,-71.614901
VR335,1635,Centro,D,C,ONGRID,NO,NO,NO,NO,NO,NO,-33.600128,-71.594917
VR710,1636,Centro,D,C,ONGRID,NO,NO,NO,NO,NO,NO,-33.587222,-71.598889
VR703,1637,Centro,D,C,ONGRID,NO,NO,NO,NO,NO,NO,-33.571039,-71.600397
VR704,1638,Centro,D,C,ONGRID,NO,NO,NO,NO,NO,NO,-33.599564,-71.607383
ESTAT003,21,Norte,A,nan,OFFGRID,NO,NO,NO,NO,SI,,-27.369939,-70.335712
VR705,1639,Centro,B2,C,ONGRID,NO,NO,NO,NO,NO,NO,-33.607535,-71.617763
VR709,1640,Centro,C,C,ONGRID,NO,NO,NO,NO,NO,NO,-33.625,-71.598463
RV007,1641,Centro,D,C,ONGRID,NO,NO,NO,NO,NO,NO,-33.593928,-71.612462
VR587,1642,Centro,C,C,ONGRID,NO,NO,NO,NO,NO,NO,-32.8,-70.5823
VR536,1643,Centro,C,C,ONGRID,NO,NO,NO,NO,NO,NO,-32.741194,-70.730972
VR535,1644,Centro,D,C,ONGRID,NO,NO,NO,NO,NO,NO,-32.737917,-70.717333
VR537,1645,Centro,D,C,ONGRID,NO,NO,NO,NO,NO,NO,-32.757139,-70.715458
VR711,1646,Centro,D,C,ONGRID,NO,NO,NO,NO,NO,NO,-32.73697,-70.726175
ZV062,1647,Centro,D,C,ONGRID,NO,NO,NO,NO,NO,NO,-32.751278,-70.726278
VR612,1648,Centro,D,C,ONGRID,NO,NO,NO,NO,NO,NO,-32.758028,-70.47575
ESTVA032,1649,Centro,B2,nan,ONGRID,NO,SI,NO,NO,NO,NO,-33.62502,-71.601691
RV528,1650,Centro,C,C,ONGRID,NO,NO,NO,NO,NO,NO,-33.639528,-71.556305
FN409,1651,Centro,C,C,ONGRID,NO,NO,NO,NO,NO,NO,-32.435222,-70.995972
ZV142,1652,Centro,D,C,ONGRID,NO,NO,NO,NO,NO,NO,-33.047694,-71.3723889
FN400,1653,Centro,C,C,ONGRID,NO,NO,NO,NO,NO,NO,-32.919528,-71.271333
ZV171,1654,Centro,D,C,ONGRID,NO,NO,NO,NO,NO,NO,-33.528528,-71.5995562
VR509,1655,Centro,C,C,ONGRID,NO,NO,NO,NO,NO,NO,-33.523181,-71.533306
FN417,1656,Centro,C,C,ONGRID,NO,NO,NO,NO,NO,NO,-32.344667,-71.180222
VA759,1657,Centro,B2,C,ONGRID,NO,NO,NO,NO,NO,NO,-33.645504,-71.628589
VA902,1659,Centro,D,C,ONGRID,NO,NO,NO,NO,NO,NO,-33.0212221,-71.5679719
VA765,1660,Centro,B2,C,ONGRID,NO,NO,NO,NO,NO,NO,-33.014896,-71.54064
VR281,1661,Centro,D,C,ONGRID,NO,NO,NO,NO,NO,NO,-33.020278,-71.540806
VR683,1662,Centro,D,C,ONGRID,NO,NO,NO,NO,NO,NO,-33.007028,-71.527917
VR684,1663,Centro,C,C,ONGRID,NO,NO,NO,NO,NO,NO,-33.014069,-71.522275
VR499,1664,Centro,B1,C,ONGRID,NO,NO,NO,SI,NO,NO,-33.055438,-71.595903
ZV050,1665,Centro,D,C,ONGRID,NO,NO,NO,NO,NO,NO,-32.8330555,-70.598889
ZV048,1666,Centro,D,C,ONGRID,NO,NO,NO,NO,NO,NO,-32.87987,-71.246803
ZV049,1668,Centro,D,C,ONGRID,NO,NO,NO,NO,NO,NO,-32.751389,-70.7227779
ZV046,1669,Centro,C,C,ONGRID,NO,NO,NO,NO,NO,NO,-33.046667,-71.6180552
VA938,1671,Centro,C,C,ONGRID,NO,NO,NO,NO,NO,NO,-32.912511,-71.434547
VR024,1672,Centro,C,C,ONGRID,NO,NO,NO,NO,NO,NO,-32.6728,-71.4409
ZV248,1673,Centro,D,C,ONGRID,NO,NO,NO,NO,NO,NO,-33.0477,-71.6085201
VR268,1675,Centro,D,C,ONGRID,NO,NO,NO,NO,NO,NO,-33.030839,-71.6423379
VR734,1677,Centro,C,C,ONGRID,NO,NO,NO,NO,NO,NO,-32.765204,-70.706523
VR554,1678,Centro,D,C,ONGRID,NO,NO,NO,NO,NO,NO,-32.964444,-71.289722
VR549,1679,Centro,D,C,ONGRID,NO,NO,NO,NO,NO,NO,-33.066953,-71.47872
RV167,1681,Centro,D,C,ONGRID,NO,NO,NO,NO,NO,NO,-33.0297609,-71.6531558
RM496,1682,Centro,D,C,ONGRID,NO,NO,NO,NO,NO,NO,-33.385833,-71.271944
VR365,1683,Centro,C,C,ONGRID,NO,NO,NO,NO,NO,NO,-33.2858,-71.638633
RV895,1684,Centro,D,C,ONGRID,NO,NO,NO,NO,NO,NO,-33.283333,-71.577778
ZV199,1685,Centro,D,C,ONGRID,NO,NO,NO,NO,NO,NO,-33.0712244,-71.5501537
RV977,1686,Centro,D,C,ONGRID,NO,NO,NO,NO,NO,NO,-33.034489,-71.5963219
FN397,1687,Centro,C,C,ONGRID,NO,NO,NO,NO,NO,NO,-32.439389,-71.197861
ZV132,1688,Centro,D,C,ONGRID,NO,NO,NO,NO,NO,NO,-32.856833,-71.232528
VR980,1689,Centro,D,C,ONGRID,NO,NO,NO,NO,NO,NO,-32.729694,-71.489222
VR546,1690,Centro,D,C,ONGRID,NO,NO,NO,NO,NO,NO,-33.066638,-71.365722
VR694,1691,Centro,D,C,ONGRID,NO,NO,NO,NO,NO,NO,-33.060331,-71.347561
VR695,1692,Centro,D,C,ONGRID,NO,NO,NO,NO,NO,NO,-33.041886,-71.353501
VA966,1693,Centro,D,C,ONGRID,NO,NO,NO,NO,NO,NO,-33.051282,-71.368271
RV092,1694,Centro,D,C,ONGRID,NO,NO,NO,NO,NO,NO,-33.060556,-71.415833
RV080,1695,Centro,D,C,ONGRID,NO,NO,NO,NO,NO,NO,-33.062094,-71.392611
VR013,1696,Centro,C,C,ONGRID,NO,NO,NO,NO,NO,NO,-33.035456,-71.500383
VA545,1697,Centro,B2,C,ONGRID,NO,NO,NO,NO,NO,NO,-33.030278,-71.477778
VR279,1698,Centro,D,C,ONGRID,NO,NO,NO,NO,NO,NO,-33.031178,-71.555986
ESTVA041,1700,Centro,B1,nan,ONGRID,NO,SI,NO,SI,NO,NO,-33.02339,-71.554753
ESTVA022,1701,Centro,B2,nan,ONGRID,NO,NO,NO,NO,NO,NO,-33.359703,-71.343857
VR283,1702,Centro,D,C,ONGRID,NO,NO,NO,NO,NO,NO,-33.007833,-71.540914
VR673,1703,Centro,D,C,ONGRID,NO,NO,NO,NO,NO,NO,-33.060806,-71.593528
VR670,1704,Centro,D,C,ONGRID,NO,NO,NO,NO,NO,NO,-33.046792,-71.594671
VA978,1705,Centro,B2,C,ONGRID,NO,NO,NO,NO,NO,NO,-32.561616,-71.448668
ONURM048,1706,Metropolitano,B1,nan,ONGRID,NO,NO,NO,NO,NO,NO,-33.512857,-70.660776
ONURM054,1707,Metropolitano,B1,nan,ONGRID,NO,NO,NO,NO,NO,NO,-33.451793,-70.634172
SA040,1708,Metropolitano,D,C,ONGRID,NO,NO,NO,NO,NO,NO,-33.422139,-70.609331
ZM268,1709,Metropolitano,D,C,ONGRID,NO,NO,NO,NO,NO,NO,-33.4221028,-70.608636
SA144,1710,Metropolitano,D,C,ONGRID,NO,NO,NO,NO,NO,NO,-33.436958,-70.649671
SA373,1711,Metropolitano,B1,C,ONGRID,NO,NO,SI,SI,NO,NO,-33.543851,-70.77824
SA174,1712,Metropolitano,D,C,ONGRID,NO,NO,NO,NO,NO,NO,-33.516833,-70.753083
ONURM030,1713,Metropolitano,B1,nan,ONGRID,NO,SI,NO,NO,NO,NO,-33.417708,-70.553456
SA563,1714,Metropolitano,D,C,ONGRID,NO,NO,NO,NO,NO,NO,-33.457733,-70.687167
ZM868,1715,Metropolitano,D,C,ONGRID,NO,NO,NO,NO,NO,NO,-33.510028,-70.75175
RS358,1716,Metropolitano,D,C,ONGRID,NO,NO,NO,NO,NO,NO,-33.528994,-70.695142
RS043,1717,Metropolitano,D,C,ONGRID,NO,NO,NO,NO,NO,NO,-33.460389,-70.672308
SA245,1718,Metropolitano,D,C,ONGRID,NO,NO,NO,NO,NO,NO,-33.4803,-70.51674
SA263,1719,Metropolitano,D,C,ONGRID,NO,NO,NO,NO,NO,NO,-33.455139,-70.548139
SA007,1720,Metropolitano,B1,C,ONGRID,NO,SI,NO,NO,NO,NO,-33.441096,-70.82883
AS660,1721,Metropolitano,B2,C,ONGRID,NO,NO,NO,NO,NO,NO,-33.396948,-70.79557
RS063,1723,Metropolitano,D,C,ONGRID,NO,NO,NO,NO,NO,NO,-33.494639,-70.598333
SA100,1725,Metropolitano,D,C,ONGRID,NO,NO,NO,NO,NO,NO,-33.439806,-70.644583
RM717,1726,Metropolitano,D,C,ONGRID,NO,NO,NO,NO,NO,NO,-33.444417,-70.6805
SA280,1727,Metropolitano,D,C,ONGRID,NO,NO,NO,NO,NO,NO,-33.440298,-70.65119
SA797,1728,Metropolitano,D,C,ONGRID,NO,NO,NO,NO,NO,NO,-33.440915,-70.650554
RM729,1729,Metropolitano,D,C,ONGRID,NO,NO,NO,NO,NO,NO,-33.447167,-70.662583
RM731,1731,Metropolitano,D,C,ONGRID,NO,NO,NO,NO,NO,NO,-33.444722,-70.657222
SA434,1732,Metropolitano,D,C,ONGRID,NO,NO,NO,NO,NO,NO,-33.4483,-70.632333
RS134,1733,Metropolitano,C,C,ONGRID,NO,NO,NO,NO,NO,NO,-33.726583,-70.731194
RM615,1734,Metropolitano,D,C,ONGRID,NO,NO,NO,NO,NO,NO,-33.4368,-70.7536
RM428,1735,Metropolitano,D,C,ONGRID,NO,NO,NO,NO,NO,NO,-33.355361,-70.533833
RS065,1736,Metropolitano,D,C,ONGRID,NO,NO,NO,NO,NO,NO,-33.414347,-70.6752
SA904,1737,Metropolitano,C,C,ONGRID,NO,SI,NO,NO,NO,NO,-33.490436,-70.632111
RM628,1738,Metropolitano,D,C,ONGRID,NO,NO,NO,NO,NO,NO,-33.524361,-70.787778
SA666,1740,Metropolitano,C,C,ONGRID,NO,NO,NO,NO,NO,NO,-33.416775,-70.604375
ESTRM069,1741,Metropolitano,B2,nan,ONGRID,NO,NO,NO,NO,NO,NO,-33.415508,-70.589605
RM804,1742,Metropolitano,D,C,ONGRID,NO,NO,NO,NO,NO,NO,-33.417661,-70.58987
ONURM020,1743,Metropolitano,B1,nan,ONGRID,NO,NO,NO,NO,NO,NO,-33.418108,-70.588859
SA311,1744,Metropolitano,D,C,ONGRID,NO,NO,NO,NO,NO,NO,-33.450798,-70.531829
ZA109,99,Norte,D,C,OFFGRID,NO,NO,NO,NO,NO,,-23.4093056,-70.5596111
ONURM061,1745,Metropolitano,B1,nan,ONGRID,NO,NO,NO,NO,NO,NO,-33.437611,-70.615758
SA936,1746,Metropolitano,B2,C,ONGRID,NO,NO,NO,NO,NO,NO,-33.527982,-70.769344
ONURM044,1747,Metropolitano,B1,nan,ONGRID,NO,SI,NO,NO,NO,NO,-33.451534,-70.664619
SA194,1748,Metropolitano,D,C,ONGRID,NO,NO,NO,NO,NO,NO,-33.402741,-70.578499
RS113,1749,Metropolitano,D,C,ONGRID,NO,NO,NO,NO,NO,NO,-33.401411,-70.573963
ZM374,1750,Metropolitano,D,C,ONGRID,NO,NO,NO,NO,NO,NO,-33.4071416,-70.5719639
SA625,1751,Metropolitano,D,C,ONGRID,NO,NO,NO,NO,NO,NO,-33.443436,-70.650583
RM730,1752,Metropolitano,D,C,ONGRID,NO,NO,NO,NO,NO,NO,-33.447222,-70.656667
ONURM095,1753,Metropolitano,B1,nan,ONGRID,NO,NO,NO,NO,NO,NO,-33.348044,-70.670386
ESTRM017,1754,Metropolitano,B2,nan,ONGRID,NO,SI,NO,NO,NO,NO,-33.390883,-70.546201
SA080,1755,Metropolitano,C,C,ONGRID,NO,NO,NO,NO,NO,NO,-33.390858,-70.5459219
SA340,1756,Metropolitano,D,C,ONGRID,NO,NO,NO,NO,NO,NO,-33.522556,-70.538889
RM834,1757,Metropolitano,D,C,ONGRID,NO,NO,NO,NO,NO,NO,-33.364066,-70.54213
RM880,1758,Metropolitano,D,C,ONGRID,NO,NO,NO,NO,NO,NO,-33.443778,-70.521639
RM881,1759,Metropolitano,D,C,ONGRID,NO,NO,NO,NO,NO,NO,-33.451569,-70.522167
RS071,1760,Metropolitano,D,C,ONGRID,NO,NO,NO,NO,NO,NO,-33.540289,-70.647539
RS246,1761,Metropolitano,B2,C,ONGRID,NO,NO,NO,NO,NO,NO,-33.382194,-70.797972
AM479,1762,Metropolitano,D,C,ONGRID,NO,NO,NO,NO,NO,NO,-33.393233,-70.6147891
ESTAT027,122,Norte,B2,nan,ONGRID,NO,NO,NO,NO,NO,,-33.0439087,-70.6564678
ONURM008,1763,Metropolitano,B1,nan,ONGRID,NO,NO,NO,NO,NO,NO,-33.383285,-70.641016
SA136,1764,Metropolitano,D,C,ONGRID,NO,NO,NO,NO,NO,NO,-33.434479,-70.657156
SA581,1765,Metropolitano,D,C,ONGRID,NO,NO,NO,NO,NO,NO,-33.441145,-70.656846
RS037,1766,Metropolitano,D,C,ONGRID,NO,NO,NO,NO,NO,NO,-33.439111,-70.656111
ZM218,1767,Metropolitano,D,C,ONGRID,NO,NO,NO,NO,NO,NO,-33.415,-70.6051944
ONURM057,1768,Metropolitano,B1,nan,ONGRID,NO,NO,NO,NO,NO,NO,-33.446592,-70.638568
RS073,1769,Metropolitano,D,C,ONGRID,NO,NO,NO,NO,NO,NO,-33.525019,-70.675638
SA397,1770,Metropolitano,C,C,ONGRID,NO,SI,NO,NO,NO,NO,-33.557131,-70.630358
SA633,1771,Metropolitano,C,C,ONGRID,NO,NO,NO,NO,NO,NO,-33.428611,-70.642944
RS051,1772,Metropolitano,D,C,ONGRID,NO,NO,NO,NO,NO,NO,-33.4515,-70.638056
SA794,1773,Metropolitano,C,C,ONGRID,NO,SI,NO,NO,NO,NO,-33.430581,-70.617886
RM866,1774,Metropolitano,D,C,ONGRID,NO,NO,NO,NO,NO,NO,-33.414583,-70.583306
ZM238,1775,Metropolitano,D,C,ONGRID,NO,NO,NO,NO,NO,NO,-33.4160278,-70.5929724
ZM253,1776,Metropolitano,D,C,ONGRID,NO,NO,NO,NO,NO,NO,-33.4159139,-70.5922168
ONURM036,1777,Metropolitano,B1,nan,ONGRID,NO,NO,NO,NO,NO,NO,-33.408094,-70.548215
SA041,1778,Metropolitano,D,C,ONGRID,NO,NO,NO,NO,NO,NO,-33.410261,-70.571403
RM102,1779,Metropolitano,D,C,ONGRID,NO,NO,NO,NO,NO,NO,-33.469092,-70.521503
ZM786,1780,Metropolitano,D,C,ONGRID,NO,NO,NO,NO,NO,NO,-33.395055,-70.69475
ONURM116,1782,Metropolitano,B1,nan,ONGRID,NO,SI,NO,NO,NO,NO,-33.557664,-70.585717
RS010,1783,Metropolitano,D,C,ONGRID,NO,NO,NO,NO,NO,NO,-33.439292,-70.573439
SA294,1784,Metropolitano,B2,C,ONGRID,NO,NO,NO,NO,NO,NO,-33.407028,-70.795028
SA442,1785,Metropolitano,D,C,ONGRID,NO,NO,NO,NO,NO,NO,-33.414625,-70.592314
RM626,1786,Metropolitano,D,C,ONGRID,NO,NO,NO,NO,NO,NO,-33.499501,-70.775449
RS058,1787,Metropolitano,D,C,ONGRID,NO,NO,NO,NO,NO,NO,-33.408778,-70.692528
ZM928,1788,Metropolitano,D,C,ONGRID,NO,NO,NO,NO,NO,NO,-33.4146,-70.6052002
ONURM019,1789,Metropolitano,B1,nan,ONGRID,NO,NO,NO,NO,NO,NO,-33.418174,-70.596917
RS061,1790,Metropolitano,D,C,ONGRID,NO,NO,NO,NO,NO,NO,-33.400528,-70.699
ZM007,1791,Metropolitano,D,C,ONGRID,NO,NO,NO,NO,NO,NO,-33.511806,-70.670544
RS302,1792,Metropolitano,D,C,ONGRID,NO,NO,NO,NO,NO,NO,-33.539797,-70.799617
RM632,1793,Metropolitano,C,C,ONGRID,NO,NO,NO,NO,NO,NO,-33.55775,-70.822667
RM619,1794,Metropolitano,D,C,OFFGRID,NO,NO,NO,NO,NO,NO,-33.482806,-70.730639
ESTVA044,155,Centro,B2,nan,ONGRID,NO,NO,NO,NO,NO,,-33.0739087,-70.6564678
ZM009,1795,Metropolitano,D,C,ONGRID,NO,NO,NO,NO,NO,NO,-33.534828,-70.670883
ZM627,1796,Metropolitano,D,C,ONGRID,NO,NO,NO,NO,NO,NO,-33.30307,-70.6828
ZM630,1797,Metropolitano,D,C,ONGRID,NO,NO,NO,NO,NO,NO,-33.30425,-70.67668
SA111,1798,Metropolitano,C,C,ONGRID,NO,NO,NO,NO,NO,NO,-33.438858,-70.606236
ZM881,1799,Metropolitano,D,C,ONGRID,NO,NO,NO,NO,NO,NO,-33.436028,-70.597
SA229,1800,Metropolitano,D,C,ONGRID,NO,NO,NO,NO,NO,NO,-33.496973,-70.682579
RM479,1801,Metropolitano,D,C,ONGRID,NO,NO,NO,NO,NO,NO,-33.325559,-70.544031
SA422,1802,Metropolitano,C,C,ONGRID,NO,NO,NO,NO,NO,NO,-33.439481,-70.600544
SA209,1803,Metropolitano,C,C,ONGRID,NO,NO,NO,NO,NO,NO,-33.45289,-70.726218
RS085,1804,Metropolitano,D,C,ONGRID,NO,NO,NO,NO,NO,NO,-33.396306,-70.664194
ZM508,1805,Metropolitano,D,C,ONGRID,NO,NO,NO,NO,NO,NO,-33.352792,-70.518636
RM135,1806,Metropolitano,D,C,ONGRID,NO,NO,NO,NO,NO,NO,-33.420983,-70.541836
ZM765,1807,Metropolitano,D,C,ONGRID,NO,NO,NO,NO,NO,NO,-33.441111,-70.630555
SA843,1808,Metropolitano,D,C,ONGRID,NO,NO,NO,NO,NO,NO,-33.464278,-70.592667
SA833,1809,Metropolitano,D,C,ONGRID,NO,NO,NO,NO,NO,NO,-33.452528,-70.608611
SA829,1810,Metropolitano,D,C,ONGRID,NO,NO,NO,NO,NO,NO,-33.458354,-70.618677
SA614,1811,Metropolitano,D,C,ONGRID,NO,NO,NO,NO,NO,NO,-33.491633,-70.672072
SA803,1812,Metropolitano,B1,C+,ONGRID,NO,NO,NO,NO,NO,NO,-33.49463,-70.66282
SA718,1813,Metropolitano,D,C,ONGRID,NO,NO,NO,NO,NO,NO,-33.586561,-70.705094
SA292,1814,Metropolitano,D,C,ONGRID,NO,NO,NO,NO,NO,NO,-33.576102,-70.701788
SA647,1815,Metropolitano,D,C,ONGRID,NO,NO,NO,NO,NO,NO,-33.400771,-70.553772
SA427,1816,Metropolitano,D,C,ONGRID,NO,NO,NO,NO,NO,NO,-33.500397,-70.5792
SA208,1817,Metropolitano,C,C,ONGRID,NO,NO,NO,NO,NO,NO,-33.587533,-70.643217
SA462,1818,Metropolitano,C,C,ONGRID,NO,SI,NO,NO,NO,NO,-33.498256,-70.716261
RS538,187,Metropolitano,D,C,ONGRID,NO,NO,NO,NO,NO,,-33.488417,-70.619083
SA699,1819,Metropolitano,D,C,ONGRID,NO,NO,NO,NO,NO,NO,-33.491856,-70.722081
SA781,1820,Metropolitano,D,C,ONGRID,NO,NO,NO,NO,NO,NO,-33.422624,-70.605549
SA019,1821,Metropolitano,D,C,ONGRID,NO,NO,NO,NO,NO,NO,-33.496889,-70.623028
ZM502,1822,Metropolitano,D,C,ONGRID,NO,NO,NO,NO,NO,NO,-33.347697,-70.477692
SA043,191,Metropolitano,B1,B+,ONGRID,NO,SI,NO,NO,NO,,-33.613919,-70.6753469
ESTRM004,191,Metropolitano,B1,B+,ONGRID,NO,SI,NO,NO,NO,,-33.613919,-70.6753469
SA459,1823,Metropolitano,D,C,ONGRID,NO,NO,NO,NO,NO,NO,-33.495089,-70.608981
AM004,193,Metropolitano,C,C,ONGRID,NO,NO,NO,NO,NO,,-33.4497799,-70.6360799
SA113,1824,Metropolitano,C,C,ONGRID,NO,NO,NO,NO,NO,NO,-33.454894,-70.626642
SA907,1825,Metropolitano,D,C,ONGRID,NO,NO,NO,NO,NO,NO,-33.441381,-70.585306
SA036,1826,Metropolitano,C,C,ONGRID,NO,SI,NO,NO,NO,NO,-33.454778,-70.701808
SA416,1827,Metropolitano,B1,C+,ONGRID,NO,NO,SI,SI,NO,NO,-33.3828,-70.5494
SA868,1829,Metropolitano,D,C,ONGRID,NO,NO,NO,NO,NO,NO,-33.414544,-70.531375
RM665,200,Metropolitano,D,C,ONGRID,NO,NO,NO,NO,NO,,-33.4052994,-70.5764628
SA419,1830,Metropolitano,B1,C+,ONGRID,NO,NO,SI,SI,NO,NO,-33.446631,-70.586834
SA919,1831,Metropolitano,D,C,ONGRID,NO,NO,NO,NO,NO,NO,-33.445025,-70.551269
SA923,1832,Metropolitano,D,C,ONGRID,NO,NO,NO,NO,NO,NO,-33.425222,-70.616278
SA480,1833,Metropolitano,C,C,ONGRID,NO,NO,NO,NO,NO,NO,-33.436685,-70.745639
SA451,1834,Metropolitano,C,C,ONGRID,NO,NO,NO,NO,NO,NO,-33.539917,-70.614333
ZM904,1835,Metropolitano,D,C,ONGRID,NO,NO,NO,NO,NO,NO,-33.537194,-70.619722
RM306,1837,Metropolitano,D,C,ONGRID,NO,NO,NO,NO,NO,NO,-33.444687,-70.646045
SA384,1838,Metropolitano,D,C,ONGRID,NO,NO,NO,NO,NO,NO,-33.547478,-70.585697
SA042,1839,Metropolitano,C,C,ONGRID,NO,SI,NO,NO,NO,NO,-33.548575,-70.657397
ZM083,1840,Metropolitano,D,C,ONGRID,NO,NO,NO,NO,NO,NO,-33.521276,-70.60175
ONURM038,1842,Metropolitano,B1,nan,ONGRID,NO,SI,NO,NO,NO,NO,-33.416755,-70.542729
SA212,1843,Metropolitano,D,C,ONGRID,NO,NO,NO,NO,NO,NO,-33.531747,-70.643083
SA839,1844,Metropolitano,D,C,ONGRID,NO,NO,NO,NO,NO,NO,-33.582792,-70.594814
SA196,1845,Metropolitano,D,C,ONGRID,NO,NO,NO,NO,NO,NO,-33.472053,-70.757419
SA586,1846,Metropolitano,D,C,ONGRID,NO,NO,NO,NO,NO,NO,-33.559319,-70.584303
ONURM102,1847,Metropolitano,B1,nan,ONGRID,NO,SI,NO,NO,NO,NO,-33.436728,-70.5735
ONURM067,1848,Metropolitano,B1,nan,ONGRID,NO,NO,NO,NO,NO,NO,-33.476297,-70.740418
SA560,1849,Metropolitano,D,C,ONGRID,NO,NO,NO,NO,NO,NO,-33.395914,-70.645481
RM953,1850,Metropolitano,D,C,ONGRID,NO,NO,NO,NO,NO,NO,-33.541028,-70.562944
RM627,1851,Metropolitano,D,C,ONGRID,NO,NO,NO,NO,NO,NO,-33.520028,-70.769278
SA445,221,Metropolitano,C,C,ONGRID,NO,NO,NO,NO,NO,,-33.3979611,-70.7199689
ONURM005,1852,Metropolitano,B1,nan,ONGRID,NO,NO,NO,NO,NO,NO,-33.382295,-70.752158
RM527,223,Metropolitano,D,C,ONGRID,NO,NO,NO,NO,NO,,-33.440314,-70.6510249
ONURM006,1853,Metropolitano,B1,nan,ONGRID,NO,NO,NO,NO,NO,NO,-33.373718,-70.723192
AM539,1854,Metropolitano,D,C,ONGRID,NO,NO,NO,NO,NO,NO,-33.454847,-70.620228
ZM373,1855,Metropolitano,D,C,ONGRID,NO,NO,NO,NO,NO,NO,-33.4075528,-70.5727584
RM745,1856,Metropolitano,C,C,ONGRID,NO,NO,NO,NO,NO,NO,-33.569222,-70.604278
RM935,1857,Metropolitano,D,C,ONGRID,NO,NO,NO,NO,NO,NO,-33.530758,-70.544653
RS335,1858,Metropolitano,D,C,ONGRID,NO,NO,NO,NO,NO,NO,-33.640917,-70.627222
ZM068,1859,Metropolitano,D,C,ONGRID,NO,NO,NO,NO,NO,NO,-33.608333,-70.574722
SA915,1860,Metropolitano,D,C,ONGRID,NO,NO,NO,NO,NO,NO,-33.4411311,-70.6534121
SA643,231,Metropolitano,D,C,ONGRID,NO,NO,NO,NO,NO,,-33.422521,-70.6092426
SA173,1861,Metropolitano,D,C,ONGRID,NO,NO,NO,NO,NO,NO,-33.440917,-70.648194
AM181,1865,Metropolitano,D,C,ONGRID,NO,NO,NO,NO,NO,NO,-33.4437526,-70.6523807
RS462,1866,Metropolitano,D,C,ONGRID,NO,NO,NO,NO,NO,NO,-33.4430754,-70.6556343
AM103,1868,Metropolitano,D,C,ONGRID,NO,NO,NO,NO,NO,NO,-33.442978,-70.6510919
ZM320,1869,Metropolitano,D,C,ONGRID,NO,NO,NO,NO,NO,NO,-33.440272,-70.6480222
RS508,1871,Metropolitano,D,C,ONGRID,NO,NO,NO,NO,NO,NO,-33.439694,-70.6472219
SA139,1872,Metropolitano,D,C,ONGRID,NO,NO,NO,NO,NO,NO,-33.44232,-70.652163
RS260,1873,Metropolitano,D,C,ONGRID,NO,NO,NO,NO,NO,NO,-33.440972,-70.65178
RM899,1874,Metropolitano,D,C,ONGRID,NO,NO,NO,NO,NO,NO,-33.44059,-70.635295
RM912,1875,Metropolitano,D,C,ONGRID,NO,NO,NO,NO,NO,NO,-33.583,-70.549722
ZM617,1876,Metropolitano,D,C,ONGRID,NO,NO,NO,NO,NO,NO,-33.535889,-70.695361
ZM558,1877,Metropolitano,D,C,ONGRID,NO,NO,NO,NO,NO,NO,-33.467304,-70.630756
ZM689,1878,Metropolitano,D,C,ONGRID,NO,NO,NO,NO,NO,NO,-33.534054,-70.656038
SA547,1879,Metropolitano,D,C,ONGRID,NO,NO,NO,NO,NO,NO,-33.454409,-70.540441
ZM812,1880,Metropolitano,D,C,ONGRID,NO,NO,NO,NO,NO,NO,-33.453194,-70.791305
ZM462,1881,Metropolitano,D,C,ONGRID,NO,NO,NO,NO,NO,NO,-33.48142,-70.614149
ZM633,1882,Metropolitano,D,C,ONGRID,NO,NO,NO,NO,NO,NO,-33.412915,-70.518084
SA180,1883,Metropolitano,D,C,ONGRID,NO,NO,NO,NO,NO,NO,-33.48285,-70.64572
RM317,1884,Metropolitano,D,C,ONGRID,NO,NO,NO,NO,NO,NO,-33.436131,-70.683969
FN697,1885,Metropolitano,B2,C,ONGRID,NO,NO,NO,NO,NO,NO,-33.228389,-70.839222
SA002,1886,Metropolitano,C,C,ONGRID,NO,SI,NO,NO,NO,NO,-33.235389,-70.800492
RM786,1887,Metropolitano,D,C,ONGRID,NO,NO,NO,NO,NO,NO,-33.425,-70.593333
RM366,1888,Metropolitano,D,C,ONGRID,NO,NO,NO,NO,NO,NO,-33.4147222,-70.5908333
ESTRM045,1889,Metropolitano,B2,nan,ONGRID,NO,NO,NO,NO,NO,NO,-33.895091,-71.456378
SA837,1890,Metropolitano,B2,C,ONGRID,NO,SI,NO,NO,NO,NO,-33.432524,-70.647639
SA585,1891,Metropolitano,D,C,ONGRID,NO,NO,NO,NO,NO,NO,-33.5191868,-70.5998005
SA119,1892,Metropolitano,D,C,ONGRID,NO,NO,NO,NO,NO,NO,-33.417408,-70.582567
ZU085,267,Centro,D,C,ONGRID,NO,NO,NO,NO,NO,,-35.423468,-71.6537452
RM798,1893,Metropolitano,D,C,ONGRID,NO,NO,NO,NO,NO,NO,-33.412778,-70.601111
ZM338,1894,Metropolitano,D,C,ONGRID,NO,NO,NO,NO,NO,NO,-33.515806,-70.639333
RM962,1895,Metropolitano,D,C,ONGRID,NO,NO,NO,NO,NO,NO,-33.518999,-70.668817
ONURM047,1896,Metropolitano,B1,nan,ONGRID,NO,NO,NO,NO,NO,NO,-33.438028,-70.626752
AM230,1897,Metropolitano,D,C,ONGRID,NO,NO,NO,NO,NO,NO,-33.40739,-70.57116
ZM323,1898,Metropolitano,D,C,ONGRID,NO,NO,NO,NO,NO,NO,-33.441152,-70.6409049
SA671,1899,Metropolitano,D,C,ONGRID,NO,NO,NO,NO,NO,NO,-33.441965,-70.644801
ZM514,1900,Metropolitano,D,C,ONGRID,NO,NO,NO,NO,NO,NO,-33.326503,-70.513864
RM492,1901,Metropolitano,C,C,ONGRID,NO,NO,NO,NO,NO,NO,-33.367246,-70.497014
ZM394,1902,Metropolitano,D,C,ONGRID,NO,NO,NO,NO,NO,NO,-33.440292,-70.655522
RM110,1903,Metropolitano,D,C,ONGRID,NO,NO,NO,NO,NO,NO,-33.480522,-70.605529
ZU096,282,Centro,D,C,ONGRID,NO,NO,NO,NO,NO,,-35.846879,-71.5945929
RM870,1904,Metropolitano,C,C,ONGRID,NO,NO,NO,NO,NO,NO,-33.4557,-70.556293
ONURM123,1905,Metropolitano,B1,nan,ONGRID,NO,NO,NO,NO,NO,NO,-33.454199,-70.557492
SA396,1906,Metropolitano,C,C,ONGRID,NO,NO,NO,NO,NO,NO,-33.559453,-71.179552
RS429,1907,Metropolitano,D,C,ONGRID,NO,NO,NO,NO,NO,NO,-33.571019,-70.680322
RS025,1908,Metropolitano,D,C,ONGRID,NO,NO,NO,NO,NO,NO,-33.445278,-70.633194
ESTRM003,1909,Metropolitano,B1,B+,ONGRID,SI,SI,NO,SI,NO,NO,-33.363972,-70.695667
ZU015,300,Centro,D,C,ONGRID,NO,NO,NO,NO,NO,,-35.330393,-72.4120251
ZU013,301,Centro,D,C,ONGRID,NO,NO,NO,NO,NO,,-35.8477778,-71.5963889
ONURM001,1910,Metropolitano,B1,nan,ONGRID,NO,NO,NO,NO,NO,NO,-33.439295,-70.664639
ZM157,1911,Metropolitano,D,C,ONGRID,NO,NO,NO,NO,NO,NO,-33.444722,-70.663889
RS135,1912,Metropolitano,C,C,ONGRID,NO,NO,NO,NO,NO,NO,-33.73476,-70.683392
ESTRM060,1914,Metropolitano,B2,nan,ONGRID,NO,NO,NO,NO,NO,NO,-33.447858,-70.848076
ESTRM061,1915,Metropolitano,B2,nan,ONGRID,NO,NO,NO,NO,NO,NO,-33.447858,-70.848076
SA020,1916,Metropolitano,B2,C,ONGRID,NO,SI,NO,NO,NO,NO,-33.404939,-70.648314
SA028,1917,Metropolitano,B2,C,ONGRID,NO,NO,NO,NO,NO,NO,-33.591042,-70.496442
SA017,1918,Metropolitano,B2,C,ONGRID,NO,SI,NO,NO,NO,NO,-33.509686,-70.908583
SA032,1919,Metropolitano,D,C,ONGRID,NO,NO,NO,NO,NO,NO,-33.423983,-70.72004
SA779,1920,Metropolitano,B2,C,ONGRID,NO,NO,NO,NO,NO,NO,-33.831667,-71.510687
RS273,1922,Metropolitano,D,C,ONGRID,NO,NO,NO,NO,NO,NO,-33.444306,-70.6558331
RS141,1923,Metropolitano,C,C,ONGRID,NO,SI,NO,NO,NO,NO,-33.276233,-70.762758
ZM315,1924,Metropolitano,D,C,ONGRID,NO,NO,NO,NO,NO,NO,-33.419928,-70.603947
RS138,1925,Metropolitano,D,C,ONGRID,NO,NO,NO,NO,NO,NO,-33.613806,-70.816028
SA603,1926,Metropolitano,C,C,ONGRID,NO,NO,NO,NO,NO,NO,-33.628461,-70.764472
ONURM083,1927,Metropolitano,B1,nan,ONGRID,NO,SI,NO,NO,NO,NO,-33.494135,-70.599882
RS932,1928,Metropolitano,D,C,ONGRID,NO,NO,NO,NO,NO,NO,-33.405556,-70.719167
RM309,1929,Metropolitano,D,C,ONGRID,NO,NO,NO,NO,NO,NO,-33.450155,-70.641605
RM303,1930,Metropolitano,D,C,ONGRID,NO,NO,NO,NO,NO,NO,-33.431583,-70.672639
RS281,1931,Metropolitano,D,C,ONGRID,NO,NO,NO,NO,NO,NO,-33.336781,-70.711033
RM163,1932,Metropolitano,D,C,ONGRID,NO,NO,NO,NO,NO,NO,-33.400639,-70.593528
RM713,1933,Metropolitano,D,C,ONGRID,NO,NO,NO,NO,NO,NO,-33.428333,-70.676861
RS883,1934,Metropolitano,D,C,ONGRID,NO,NO,NO,NO,NO,NO,-34.026361,-71.101806
RM653,1935,Metropolitano,D,C,ONGRID,NO,NO,NO,NO,NO,NO,-33.597083,-70.653944
ONURM017,1936,Metropolitano,B1,nan,ONGRID,NO,NO,NO,NO,NO,NO,-33.357675,-70.729272
SA689,1937,Metropolitano,D,C,ONGRID,NO,NO,NO,NO,NO,NO,-33.466685,-70.745639
RS507,1938,Metropolitano,B1,C+,ONGRID,NO,NO,SI,SI,NO,NO,-33.470194,-70.748889
SA273,1939,Metropolitano,D,C,ONGRID,NO,NO,NO,NO,NO,NO,-33.432114,-70.6139
RS268,1940,Metropolitano,D,C,ONGRID,NO,NO,NO,NO,NO,NO,-33.537167,-70.76975
RS307,1941,Metropolitano,C,C,ONGRID,NO,NO,NO,NO,NO,NO,-33.482056,-70.791889
ZM495,1942,Metropolitano,D,C,ONGRID,NO,NO,NO,NO,NO,NO,-33.366556,-70.567389
RM624,1943,Metropolitano,C,C,ONGRID,NO,SI,NO,NO,NO,NO,-33.463073,-70.765085
RS324,1944,Metropolitano,D,C,ONGRID,NO,NO,NO,NO,NO,NO,-33.614405,-70.721412
SA325,1945,Metropolitano,D,C,ONGRID,NO,NO,NO,NO,NO,NO,-33.333193,-70.55937
SA301,1946,Metropolitano,D,C,ONGRID,NO,NO,NO,NO,NO,NO,-33.342028,-70.497806
ZM207,1947,Metropolitano,D,C,ONGRID,NO,NO,NO,NO,NO,NO,-33.436889,-70.727556
ZM491,1948,Metropolitano,D,C,ONGRID,NO,NO,NO,NO,NO,NO,-33.3765,-70.56575
RM836,1949,Metropolitano,D,C,ONGRID,NO,NO,NO,NO,NO,NO,-33.338333,-70.492778
ZM516,1950,Metropolitano,D,C,ONGRID,NO,NO,NO,NO,NO,NO,-33.338478,-70.505645
SA650,1951,Metropolitano,D,C,ONGRID,NO,NO,NO,NO,NO,NO,-33.405797,-70.560442
SA824,1952,Metropolitano,D,C,ONGRID,NO,NO,NO,NO,NO,NO,-33.399944,-70.507222
RM623,1953,Metropolitano,D,C,ONGRID,NO,NO,NO,NO,NO,NO,-33.480472,-70.765472
RM654,1954,Metropolitano,D,C,ONGRID,NO,NO,NO,NO,NO,NO,-33.609556,-70.658694
RM952,1955,Metropolitano,C,C,ONGRID,NO,NO,NO,NO,NO,NO,-33.627068,-70.638203
SA525,1956,Metropolitano,D,C,ONGRID,NO,NO,NO,NO,NO,NO,-33.371588,-70.511525
ONURM007,1957,Metropolitano,B1,nan,ONGRID,NO,NO,NO,NO,NO,NO,-33.3842,-70.611496
ZM211,1958,Metropolitano,D,C,ONGRID,NO,NO,NO,NO,NO,NO,-33.341028,-70.466222
SA300,1959,Metropolitano,D,C,ONGRID,NO,NO,NO,NO,NO,NO,-33.339167,-70.511667
SA539,1960,Metropolitano,B1,C,ONGRID,NO,SI,SI,SI,NO,NO,-33.333108,-70.744256
SA610,1961,Metropolitano,D,C,ONGRID,NO,NO,NO,NO,NO,NO,-33.414786,-70.588972
RM903,1962,Metropolitano,C,C,ONGRID,NO,NO,NO,NO,NO,NO,-33.380347,-70.622403
SA463,1963,Metropolitano,C,C,ONGRID,NO,NO,NO,NO,NO,NO,-33.505296,-70.787205
RM884,1964,Metropolitano,D,C,ONGRID,NO,NO,NO,NO,NO,NO,-33.483981,-70.527778
ZM738,1965,Metropolitano,D,C,ONGRID,NO,NO,NO,NO,NO,NO,-33.395903,-70.505139
ONURM064,1966,Metropolitano,B1,nan,ONGRID,NO,NO,NO,NO,NO,NO,-33.395111,-70.51254
SA374,1967,Metropolitano,C,C,ONGRID,NO,SI,NO,NO,NO,NO,-33.542144,-70.746031
RS140,1968,Metropolitano,C,C,ONGRID,NO,NO,NO,NO,NO,NO,-33.737333,-70.864361
RS557,1969,Metropolitano,D,C,ONGRID,NO,NO,NO,NO,NO,NO,-33.595989,-70.843028
RS084,1970,Metropolitano,D,C,ONGRID,NO,NO,NO,NO,NO,NO,-33.537248,-70.716497
RM631,1971,Metropolitano,B1,C,ONGRID,NO,NO,SI,SI,NO,NO,-33.543476,-70.789205
ZM517,1972,Metropolitano,D,C,ONGRID,NO,NO,NO,NO,NO,NO,-33.345025,-70.506829
RM500,1973,Metropolitano,D,C,ONGRID,NO,NO,NO,NO,NO,NO,-33.4792,-70.5506
ZM311,1975,Metropolitano,D,C,ONGRID,NO,NO,NO,NO,NO,NO,-33.42755,-70.626275
SA403,1976,Metropolitano,D,C,ONGRID,NO,NO,NO,NO,NO,NO,-33.616894,-70.602761
RM906,1977,Metropolitano,D,C,ONGRID,NO,NO,NO,NO,NO,NO,-33.616111,-70.610778
RM932,1978,Metropolitano,D,C,ONGRID,NO,NO,NO,NO,NO,NO,-33.493647,-70.542597
RS383,1979,Metropolitano,D,C,ONGRID,NO,NO,NO,NO,NO,NO,-33.5825,-70.611556
RM812,1980,Metropolitano,D,C,ONGRID,NO,NO,NO,NO,NO,NO,-33.396922,-70.587356
ONURM068,1981,Metropolitano,B1,nan,ONGRID,NO,NO,NO,NO,NO,NO,-33.393681,-70.58914
SA582,1982,Metropolitano,D,C,ONGRID,NO,NO,NO,NO,NO,NO,-33.372464,-70.519326
RS277,1983,Metropolitano,D,C,ONGRID,NO,NO,NO,NO,NO,NO,-33.337378,-70.726467
SA190,1984,Metropolitano,B2,C,ONGRID,NO,SI,NO,NO,NO,NO,-33.565278,-70.672528
RS002,1985,Metropolitano,D,C,ONGRID,NO,NO,NO,NO,NO,NO,-33.45406,-70.599809
SA018,1986,Metropolitano,D,C,ONGRID,NO,NO,NO,NO,NO,NO,-33.506863,-70.669663
ONURM011,1987,Metropolitano,B1,nan,ONGRID,NO,NO,NO,NO,NO,NO,-33.36866,-70.710953
SA077,1988,Metropolitano,D,C,ONGRID,NO,NO,NO,NO,NO,NO,-33.372688,-70.684001
RM959,1989,Metropolitano,C,C,ONGRID,NO,SI,NO,NO,NO,NO,-33.507175,-70.689003
AM544,1990,Metropolitano,D,C,ONGRID,NO,NO,NO,NO,NO,NO,-33.413087,-70.604138
RS003,1991,Metropolitano,D,C,ONGRID,NO,NO,NO,NO,NO,NO,-33.451056,-70.587969
SA264,1992,Metropolitano,D,C,ONGRID,NO,NO,NO,NO,NO,NO,-33.42742,-70.603803
ZM426,1993,Metropolitano,D,C,ONGRID,NO,NO,NO,NO,NO,NO,-33.4836111,-70.7005555
RM622,1994,Metropolitano,D,C,ONGRID,NO,NO,NO,NO,NO,NO,-33.4965,-70.75115
RM742,1995,Metropolitano,D,C,ONGRID,NO,NO,NO,NO,NO,NO,-33.466,-70.622639
RM737,1996,Metropolitano,C,C,ONGRID,NO,NO,NO,NO,NO,NO,-33.477517,-70.688331
SA657,1997,Metropolitano,D,C,ONGRID,NO,NO,NO,NO,NO,NO,-33.485297,-70.6566
SA644,1998,Metropolitano,D,C,ONGRID,NO,NO,NO,NO,NO,NO,-33.435391,-70.633739
RM947,1999,Metropolitano,D,C,ONGRID,NO,NO,NO,NO,NO,NO,-33.441708,-70.613004
SA788,2000,Metropolitano,D,C,ONGRID,NO,NO,NO,NO,NO,NO,-33.424556,-70.608306
SA700,2001,Metropolitano,D,C,ONGRID,NO,NO,NO,NO,NO,NO,-33.416778,-70.597944
ZM427,2002,Metropolitano,D,C,ONGRID,NO,NO,NO,NO,NO,NO,-33.6390834,-70.7087498
RS056,2003,Metropolitano,C,C,ONGRID,NO,SI,NO,NO,NO,NO,-33.426888,-70.686221
SA676,2005,Metropolitano,C,C,ONGRID,NO,NO,NO,NO,NO,NO,-33.52127,-70.706635
RS998,2006,Metropolitano,D,C,ONGRID,NO,NO,NO,NO,NO,NO,-33.3833612,-70.5881945
RM518,2007,Metropolitano,C,C,ONGRID,NO,NO,NO,NO,NO,NO,-33.02,-70.687833
RS153,2008,Metropolitano,D,C,ONGRID,NO,NO,NO,NO,NO,NO,-33.03169,-70.693681
SA421,2009,Metropolitano,D,C,ONGRID,NO,NO,NO,NO,NO,NO,-33.60969,-70.526277
SA138,2010,Metropolitano,D,C,ONGRID,NO,NO,NO,NO,NO,NO,-33.437463,-70.654061
RM723,2011,Metropolitano,D,C,ONGRID,NO,NO,NO,NO,NO,NO,-33.437997,-70.671358
TA709,425,Norte,C,C,ONGRID,NO,NO,NO,NO,NO,,-18.343777,-70.331981
RS147,2012,Metropolitano,D,C,ONGRID,NO,NO,NO,NO,NO,NO,-33.335576,-70.695912
ONURM015,2013,Metropolitano,B1,nan,ONGRID,NO,NO,NO,NO,NO,NO,-33.40695,-70.699744
SA931,2014,Metropolitano,D,C,ONGRID,NO,NO,NO,NO,NO,NO,-33.437797,-70.6440578
SA420,2015,Metropolitano,D,C,ONGRID,NO,NO,NO,NO,NO,NO,-33.409333,-70.655167
RM162,2016,Metropolitano,D,C,ONGRID,NO,NO,NO,NO,NO,NO,-33.415086,-70.639669
SA192,2017,Metropolitano,D,C,ONGRID,NO,NO,NO,NO,NO,NO,-33.531167,-70.662361
RM357,2019,Metropolitano,D,C,ONGRID,NO,NO,NO,NO,NO,NO,-33.15502,-70.828413
ONURM134,2020,Metropolitano,B1,nan,ONGRID,NO,NO,NO,NO,NO,NO,-33.513808,-70.654245
TA629,434,Norte,D,C,ONGRID,NO,NO,NO,NO,NO,,-18.478733,-70.3195099
RM964,2021,Metropolitano,C,C,ONGRID,NO,SI,NO,NO,NO,NO,-33.555574,-70.66786
SA170,2022,Metropolitano,D,C,ONGRID,NO,NO,NO,NO,NO,NO,-33.4419001,-70.6502001
ZM932,2023,Metropolitano,D,C,ONGRID,NO,NO,NO,NO,NO,NO,-33.4744,-70.5555
ZM982,2024,Metropolitano,D,C,ONGRID,NO,NO,NO,NO,NO,NO,-33.398308,-70.5865101
ZM988,2026,Metropolitano,D,C,ONGRID,NO,NO,NO,NO,NO,NO,-33.439191,-70.6397799
ZM573,2027,Metropolitano,D,C,ONGRID,NO,NO,NO,NO,NO,NO,-33.349556,-70.305944
AM124,2028,Metropolitano,D,C,ONGRID,NO,NO,NO,NO,NO,NO,-33.444996,-70.6473968
ZM111,2029,Metropolitano,D,C,ONGRID,NO,NO,NO,NO,NO,NO,-33.476688,-70.661785
TA047,448,Norte,D,C,ONGRID,NO,NO,NO,NO,NO,,-18.475678,-70.2989539
RM650,2031,Metropolitano,D,C,ONGRID,NO,NO,NO,NO,NO,NO,-33.6047,-70.7131
TA083,454,Norte,D,C,ONGRID,NO,NO,NO,NO,NO,,-18.482017,-70.2941
RM898,2032,Metropolitano,D,C,ONGRID,NO,NO,NO,NO,NO,NO,-33.432244,-70.63535
SA575,2033,Metropolitano,B2,C,ONGRID,NO,NO,NO,NO,NO,NO,-33.370797,-70.530716
SA033,2034,Metropolitano,B1,B+,ONGRID,SI,NO,NO,NO,NO,NO,-33.398825,-70.537042
RM649,2035,Metropolitano,D,C,ONGRID,NO,NO,NO,NO,NO,NO,-33.594083,-70.714694
SA013,2036,Metropolitano,B2,C,ONGRID,NO,SI,NO,NO,NO,NO,-33.37125,-70.481722
SA709,2037,Metropolitano,D,C,ONGRID,NO,NO,NO,NO,NO,NO,-33.404139,-70.56575
RM594,2038,Metropolitano,C,C,ONGRID,NO,SI,NO,NO,NO,NO,-33.156194,-70.801722
SA769,2039,Metropolitano,B2,C,OFFGRID,NO,NO,NO,NO,NO,NO,-33.663344,-70.805186
RS245,2040,Metropolitano,C,C,ONGRID,NO,SI,NO,NO,NO,NO,-33.640289,-70.962044
ZM510,2041,Metropolitano,D,C,ONGRID,NO,NO,NO,NO,NO,NO,-33.357819,-70.542811
SA478,2042,Metropolitano,B2,C,ONGRID,NO,NO,NO,NO,NO,NO,-33.778627,-70.695923
ZM056,2043,Metropolitano,D,C,ONGRID,NO,NO,NO,NO,NO,NO,-33.334139,-70.533944
SA741,2044,Metropolitano,D,C,ONGRID,NO,NO,NO,NO,NO,NO,-33.755292,-70.81704
RS319,2045,Metropolitano,D,C,ONGRID,NO,NO,NO,NO,NO,NO,-33.639028,-70.673111
AM197,2047,Metropolitano,D,C,ONGRID,NO,NO,NO,NO,NO,NO,-33.47855,-70.6135299
RM000,5745440,Metropolitano,D,nan,ONGRID,NO,NO,NO,NO,NO,NO,-33.443723,-70.655237
TA056,484,Norte,C,C,ONGRID,NO,SI,NO,NO,NO,,-20.543981,-70.175681
ONURM045,2048,Metropolitano,B1,nan,ONGRID,NO,NO,NO,NO,NO,NO,-33.438342,-70.678905
SA669,2049,Metropolitano,C,C,ONGRID,NO,SI,NO,NO,NO,NO,-33.575106,-70.660939
SA025,2050,Metropolitano,B2,C,ONGRID,NO,NO,NO,NO,NO,NO,-33.905014,-70.710094
TA976,488,Norte,C,C,ONGRID,NO,NO,NO,NO,NO,,-20.269396,-70.096506
ZM906,2051,Metropolitano,D,C,ONGRID,NO,NO,NO,NO,NO,NO,-33.32125,-70.646111
ONURM130,2052,Metropolitano,B1,nan,ONGRID,NO,NO,NO,NO,NO,NO,-33.389766,-70.539471
SA271,2053,Metropolitano,D,C,ONGRID,NO,NO,NO,NO,NO,NO,-33.408389,-70.547214
ONURM040,2054,Metropolitano,B1,nan,ONGRID,NO,NO,NO,NO,NO,NO,-33.400818,-70.546003
SA143,2055,Metropolitano,B1,B+,ONGRID,SI,SI,NO,NO,NO,NO,-33.271806,-70.701389
ZM672,2056,Metropolitano,D,C,ONGRID,NO,NO,NO,NO,NO,NO,-33.28556,-70.70116
SA409,2057,Metropolitano,D,C,ONGRID,NO,NO,NO,NO,NO,NO,-33.291153,-70.656217
SA745,2058,Metropolitano,B1,C,ONGRID,NO,NO,SI,SI,NO,NO,-33.284528,-70.682917
ZM635,2059,Metropolitano,D,C,ONGRID,NO,NO,NO,NO,NO,NO,-33.28674,-70.6678
ZM691,2060,Metropolitano,D,C,ONGRID,NO,NO,NO,NO,NO,NO,-33.27162,-70.622576
SA210,2061,Metropolitano,D,C,ONGRID,NO,NO,NO,NO,NO,NO,-33.40635,-70.735289
RM658,2062,Metropolitano,B1,C,ONGRID,NO,NO,NO,SI,NO,NO,-33.624444,-70.693611
ZM978,2063,Metropolitano,D,C,ONGRID,NO,NO,NO,NO,NO,NO,-33.452575,-70.6781959
RM987,2064,Metropolitano,C,C,ONGRID,NO,SI,NO,NO,NO,NO,-33.453269,-70.615083
ZM004,2065,Metropolitano,D,C,ONGRID,NO,NO,NO,NO,NO,NO,-33.373818,-70.692114
RS480,2066,Metropolitano,D,C,ONGRID,NO,NO,NO,NO,NO,NO,-33.455556,-70.855556
RS479,2067,Metropolitano,B1,C,ONGRID,NO,NO,SI,SI,NO,NO,-33.449877,-70.851556
SA611,2068,Metropolitano,D,C,ONGRID,NO,NO,NO,NO,NO,NO,-33.50772,-70.6534
SA652,2069,Metropolitano,C,C,ONGRID,NO,NO,NO,NO,NO,NO,-33.390408,-70.620219
SA667,2071,Metropolitano,D,C,ONGRID,NO,NO,NO,NO,NO,NO,-33.522667,-70.746103
ONURM021,2072,Metropolitano,B1,nan,ONGRID,NO,NO,NO,NO,NO,NO,-33.394999,-70.659728
ONURM049,2073,Metropolitano,B1,nan,ONGRID,NO,NO,NO,NO,NO,NO,-33.394999,-70.659728
ONURM114,2075,Metropolitano,B1,nan,ONGRID,NO,NO,NO,NO,NO,NO,-33.426357,-70.688505
RM539,2076,Metropolitano,C,C,ONGRID,NO,NO,NO,NO,NO,NO,-33.355942,-70.5250918
AM001,2078,Metropolitano,C,C,ONGRID,NO,NO,NO,NO,NO,NO,-33.4344301,-70.6258199
RS248,2079,Metropolitano,C,C,ONGRID,NO,NO,NO,NO,NO,NO,-33.4273609,-70.6482501
RM373,2080,Metropolitano,C,C,ONGRID,NO,NO,NO,NO,NO,NO,-33.4211111,-70.6183333
AM005,2081,Metropolitano,C,C,ONGRID,NO,NO,NO,NO,NO,NO,-33.4591667,-70.7249999
AM006,2082,Metropolitano,C,C,ONGRID,NO,NO,NO,NO,NO,NO,-33.6674999,-71.2391666
AM007,2083,Metropolitano,C,C,ONGRID,NO,NO,NO,NO,NO,NO,-33.4383333,-70.6180557
RS483,2084,Metropolitano,C,C,ONGRID,NO,NO,NO,NO,NO,NO,-33.4325,-70.6283334
ZT047,535,Norte,D,C,ONGRID,NO,NO,NO,NO,NO,,-20.2138959,-70.1485351
AM227,2085,Metropolitano,C,C,ONGRID,NO,NO,NO,NO,NO,NO,-33.3825,-70.5352702
RS839,2086,Metropolitano,C,C,ONGRID,NO,NO,NO,NO,NO,NO,-33.400278,-70.5097221
RM872,2087,Metropolitano,D,C,ONGRID,NO,NO,NO,NO,NO,NO,-33.451689,-70.558046
SA558,2088,Metropolitano,D,C,ONGRID,NO,NO,NO,NO,NO,NO,-33.515156,-70.686845
SA673,2089,Metropolitano,D,C,ONGRID,NO,NO,NO,NO,NO,NO,-33.377186,-70.577664
RM130,2090,Metropolitano,D,C,ONGRID,NO,NO,NO,NO,NO,NO,-33.379528,-70.558083
SA253,2091,Metropolitano,D,C,ONGRID,NO,NO,NO,NO,NO,NO,-33.403083,-70.595915
SA260,2092,Metropolitano,D,C,ONGRID,NO,SI,NO,NO,NO,NO,-33.462136,-70.664636
SA659,2093,Metropolitano,D,C,ONGRID,NO,NO,NO,NO,NO,NO,-33.455817,-70.67295
RS078,2094,Metropolitano,D,C,ONGRID,NO,NO,NO,NO,NO,NO,-33.484186,-70.664802
ZM308,2095,Metropolitano,D,C,ONGRID,NO,NO,NO,NO,NO,NO,-33.3692,-70.559451
SA089,2096,Metropolitano,D,C,ONGRID,NO,NO,NO,NO,NO,NO,-33.428167,-70.593639
RM420,2097,Metropolitano,D,C,ONGRID,NO,NO,NO,NO,NO,NO,-33.441217,-70.6555469
ZM202,2098,Metropolitano,D,C,ONGRID,NO,NO,NO,NO,NO,NO,-33.6625182,-70.9249706
ESTRM029,2099,Metropolitano,A,nan,ONGRID,NO,NO,NO,NO,SI,NO,-33.444655,-70.656169
SA562,2100,Metropolitano,B1,B+,ONGRID,SI,SI,NO,NO,NO,NO,-33.605854,-70.546189
RS828,2101,Metropolitano,D,C,ONGRID,NO,NO,NO,NO,NO,NO,-34.095833,-71.182778
AM111,2103,Metropolitano,D,C,ONGRID,NO,NO,NO,NO,NO,NO,-33.064389,-70.775583
ZM335,2104,Metropolitano,D,C,ONGRID,NO,NO,NO,NO,NO,NO,-33.4124166,-70.5796833
ESTRM026,2105,Metropolitano,B2,nan,ONGRID,NO,SI,NO,NO,NO,NO,-33.201622,-70.674852
RS157,2106,Metropolitano,C,C,ONGRID,NO,SI,NO,NO,NO,NO,-33.306581,-70.700836
RS158,2107,Metropolitano,C,C,ONGRID,NO,NO,NO,NO,NO,NO,-33.261003,-70.624319
SA121,2108,Metropolitano,B1,B+,ONGRID,NO,NO,NO,SI,NO,NO,-33.202973,-70.675928
RS159,2109,Metropolitano,D,C,ONGRID,NO,NO,NO,NO,NO,NO,-33.241694,-70.669694
SA130,2110,Metropolitano,C,C,ONGRID,NO,NO,NO,NO,NO,NO,-33.832667,-70.806642
SA026,2111,Metropolitano,D,C,ONGRID,NO,SI,NO,NO,NO,NO,-33.423792,-70.578175
SA651,2112,Metropolitano,D,C,ONGRID,NO,NO,NO,NO,NO,NO,-33.415119,-70.561944
SA716,2113,Metropolitano,D,C,ONGRID,NO,NO,NO,NO,NO,NO,-33.356186,-70.510331
AM430,2114,Metropolitano,D,C,ONGRID,NO,NO,NO,NO,NO,NO,-33.30924,-70.7071201
SA137,2115,Metropolitano,D,C,ONGRID,NO,NO,NO,NO,NO,NO,-33.438919,-70.658703
ZM890,2116,Metropolitano,D,C,ONGRID,NO,NO,NO,NO,NO,NO,-33.605501,-70.577221
SA191,2117,Metropolitano,D,C,ONGRID,NO,NO,NO,NO,NO,NO,-33.380083,-70.6895
RM882,2118,Metropolitano,D,C,ONGRID,NO,NO,NO,NO,NO,NO,-33.458111,-70.541194
RM823,2119,Metropolitano,D,C,ONGRID,NO,NO,NO,NO,NO,NO,-33.41025,-70.556808
SA386,2120,Metropolitano,D,C,ONGRID,NO,NO,NO,NO,NO,NO,-33.417572,-70.5872859
RM166,2124,Metropolitano,D,C,ONGRID,NO,NO,NO,NO,NO,NO,-33.446417,-70.751278
SA622,2125,Metropolitano,C,C,ONGRID,NO,NO,NO,NO,NO,NO,-33.438336,-70.69545
AM403,2126,Metropolitano,D,C,ONGRID,NO,SI,NO,NO,NO,NO,-33.443908,-70.6567439
ESTRM018,2127,Metropolitano,B1,nan,ONGRID,SI,SI,NO,NO,NO,NO,-33.415546,-70.605553
AM578,2128,Metropolitano,D,C,ONGRID,NO,SI,NO,NO,NO,NO,-33.429559,-70.66038
RS550,2129,Metropolitano,D,C,ONGRID,NO,NO,NO,NO,NO,NO,-33.42975,-70.658722
RS057,2130,Metropolitano,D,C,ONGRID,NO,NO,NO,NO,NO,NO,-33.414917,-70.718833
SA114,2131,Metropolitano,C,C,ONGRID,NO,NO,NO,NO,NO,NO,-33.436222,-70.558111
SA825,2132,Metropolitano,C,C,ONGRID,NO,NO,NO,NO,NO,NO,-33.431111,-70.565722
SA148,2133,Metropolitano,C,C,ONGRID,NO,SI,NO,NO,NO,NO,-33.436075,-70.577666
RP491,596,Norte,D,nan,ONGRID,NO,NO,NO,NO,NO,,-22.489962,-68.923514
AM110,2134,Metropolitano,D,C,ONGRID,NO,NO,NO,NO,NO,NO,-33.316164,-70.574544
SA313,2135,Metropolitano,D,C,ONGRID,NO,NO,NO,NO,NO,NO,-33.6083609,-71.0375558
RM908,2136,Metropolitano,D,C,ONGRID,NO,NO,NO,NO,NO,NO,-33.593613,-70.603095
RM763,2137,Metropolitano,D,C,ONGRID,NO,NO,NO,NO,NO,NO,-33.417889,-70.570389
RM853,2138,Metropolitano,D,C,ONGRID,NO,NO,NO,NO,NO,NO,-33.420556,-70.573611
RM406,2139,Metropolitano,C,C,ONGRID,NO,NO,NO,NO,NO,NO,-33.612139,-70.792195
RM405,2140,Metropolitano,D,C,ONGRID,NO,NO,NO,NO,NO,NO,-33.578328,-70.774224
AN144,604,Norte,D,C,ONGRID,NO,NO,NO,NO,NO,,-23.648944,-70.400472
RS054,2141,Metropolitano,D,C,ONGRID,NO,NO,NO,NO,NO,NO,-33.439472,-70.705917
RS972,2142,Metropolitano,D,C,ONGRID,NO,NO,NO,NO,NO,NO,-33.424453,-70.6159861
RM646,2143,Metropolitano,C,C,ONGRID,NO,NO,NO,NO,NO,NO,-33.391997,-70.774928
RM312,2146,Metropolitano,C,C,ONGRID,NO,SI,NO,NO,NO,NO,-33.457242,-70.645539
SA807,2147,Metropolitano,C,C,ONGRID,NO,NO,NO,NO,NO,NO,-33.415182,-71.125387
RM591,2148,Metropolitano,D,C,ONGRID,NO,NO,NO,NO,NO,NO,-33.387417,-71.190611
RM592,2149,Metropolitano,C,C,ONGRID,NO,NO,NO,NO,NO,NO,-33.388623,-71.125656
RM809,2150,Metropolitano,D,C,ONGRID,NO,NO,NO,NO,NO,NO,-33.400278,-70.599056
ESTRM049,2151,Metropolitano,B2,nan,ONGRID,NO,NO,NO,NO,NO,NO,-33.444655,-70.656169
ESTRM051,2152,Metropolitano,B2,nan,ONGRID,NO,NO,NO,NO,NO,NO,-33.444655,-70.656169
AN769,621,Norte,D,C,ONGRID,NO,NO,NO,NO,NO,,-23.6745,-70.4079
ESTRM031,2153,Metropolitano,B2,nan,ONGRID,NO,NO,NO,NO,NO,NO,-33.444655,-70.656169
ESTRM030,2154,Metropolitano,B2,nan,ONGRID,NO,NO,NO,NO,NO,NO,-33.444655,-70.656169
ESTRM039,2155,Metropolitano,B2,nan,ONGRID,NO,NO,NO,NO,NO,NO,-33.444655,-70.656169
ESTRM032,2156,Metropolitano,B2,nan,ONGRID,NO,NO,NO,NO,NO,NO,-33.444655,-70.656169
ESTRM050,2157,Metropolitano,B2,nan,ONGRID,NO,NO,NO,NO,NO,NO,-33.444655,-70.656169
ESTRM072,2158,Metropolitano,B2,nan,ONGRID,NO,NO,NO,NO,NO,NO,-33.895091,-71.456378
RS366,2159,Metropolitano,D,C,ONGRID,NO,NO,NO,NO,NO,NO,-33.492972,-70.572778
RP18,5744753,Austral,C,nan,ONGRID,NO,NO,NO,NO,NO,NO,-33.44441,-70.655924
RS391,2160,Metropolitano,D,C,ONGRID,NO,NO,NO,NO,NO,NO,-33.537667,-70.544111
SA672,2161,Metropolitano,D,C,ONGRID,NO,NO,NO,NO,NO,NO,-33.412944,-70.576847
RM760,2162,Metropolitano,D,C,ONGRID,NO,NO,NO,NO,NO,NO,-33.415025,-70.575483
SA903,2163,Metropolitano,C,C,ONGRID,NO,SI,NO,NO,NO,NO,-33.483004,-70.695998
ZM474,2164,Metropolitano,D,C,ONGRID,NO,NO,NO,NO,NO,NO,-33.505797,-70.601792
SA912,2165,Metropolitano,B2,C,ONGRID,NO,SI,NO,NO,NO,NO,-33.510003,-70.624919
ZM600,2166,Metropolitano,D,C,ONGRID,NO,NO,NO,NO,NO,NO,-33.502278,-70.665028
SA404,2167,Metropolitano,D,C,ONGRID,NO,NO,NO,NO,NO,NO,-33.45515,-70.581992
ZM875,2168,Metropolitano,D,C,ONGRID,NO,NO,NO,NO,NO,NO,-33.445833,-70.606944
SA795,2169,Metropolitano,D,C,ONGRID,NO,NO,NO,NO,NO,NO,-33.444333,-70.617583
SA775,2170,Metropolitano,D,C,ONGRID,NO,NO,NO,NO,NO,NO,-33.442185,-70.63406
RM429,2173,Metropolitano,D,C,ONGRID,NO,NO,NO,NO,NO,NO,-33.473361,-70.628361
SA435,2174,Metropolitano,C,C,ONGRID,NO,NO,NO,NO,NO,NO,-33.5585,-70.565139
RS879,2175,Metropolitano,D,C,ONGRID,NO,NO,NO,NO,NO,NO,-33.610058,-70.870031
SA256,2176,Metropolitano,D,C,ONGRID,NO,SI,NO,NO,NO,NO,-33.453489,-70.634852
RS502,2177,Metropolitano,D,C,ONGRID,NO,NO,NO,NO,NO,NO,-33.4416866,-70.6589679
ZM990,2178,Metropolitano,D,C,ONGRID,NO,NO,NO,NO,NO,NO,-33.44956,-70.6743731
ONURM128,2179,Metropolitano,B1,nan,ONGRID,NO,NO,NO,NO,NO,NO,-33.418796,-70.565435
SA436,2180,Metropolitano,D,C,ONGRID,NO,NO,NO,NO,NO,NO,-33.416409,-70.66619
ZM835,2181,Metropolitano,D,C,ONGRID,NO,NO,NO,NO,NO,NO,-33.4125,-70.687389
AN201,667,Norte,A,B+,OFFGRID,NO,NO,NO,NO,SI,,-23.0562243,-69.5948173
RS334,2182,Metropolitano,C,C,ONGRID,NO,NO,NO,NO,NO,NO,-33.599444,-70.60975
ONURM031,2183,Metropolitano,B1,nan,ONGRID,NO,SI,NO,NO,NO,NO,-33.414795,-70.549534
RM801,2184,Metropolitano,D,C,ONGRID,NO,NO,NO,NO,NO,NO,-33.413611,-70.597417
RM973,2185,Metropolitano,D,C,ONGRID,NO,NO,NO,NO,NO,NO,-33.531644,-70.621847
ESTAN027,671,Norte,B2,nan,ONGRID,NO,NO,NO,NO,NO,,-22.2849278,-68.933075
RM478,2186,Metropolitano,B1,C+,ONGRID,NO,NO,SI,SI,NO,NO,-33.356971,-70.727438
ZM091,2187,Metropolitano,D,C,ONGRID,NO,NO,NO,NO,NO,NO,-33.45542,-70.611255
ZM393,2188,Metropolitano,D,C,ONGRID,NO,NO,NO,NO,NO,NO,-33.4001611,-70.5059251
ZM976,2189,Metropolitano,D,C,ONGRID,NO,NO,NO,NO,NO,NO,-33.3632289,-70.6777391
AN460,677,Norte,B2,C,ONGRID,NO,NO,NO,NO,NO,,-23.569627,-70.387742
ZM977,2190,Metropolitano,D,C,ONGRID,NO,NO,NO,NO,NO,NO,-33.598825,-70.705237
SA813,2191,Metropolitano,D,C,ONGRID,NO,NO,NO,NO,NO,NO,-33.414865,-70.594138
SA012,2192,Metropolitano,B2,C,ONGRID,NO,SI,NO,NO,NO,NO,-33.426896,-70.529937
AM137,2193,Metropolitano,D,C,ONGRID,NO,NO,NO,NO,NO,NO,-33.480171,-70.7531685
AN215,686,Norte,D,C,ONGRID,NO,NO,NO,NO,NO,,-24.223267,-69.055939
ZM205,2194,Metropolitano,D,C,ONGRID,NO,NO,NO,NO,NO,NO,-33.4436694,-70.6560833
RS186,2196,Metropolitano,D,C,ONGRID,NO,NO,NO,NO,NO,NO,-33.4444643,-70.6528566
AM167,2197,Metropolitano,D,C,ONGRID,NO,NO,NO,NO,NO,NO,-33.44333,-70.65106
AM435,2199,Metropolitano,D,C,ONGRID,NO,NO,NO,NO,NO,NO,-33.40961,-70.6020502
ZM498,2200,Metropolitano,D,C,ONGRID,NO,NO,NO,NO,NO,NO,-33.4986111,-70.6130557
ZM497,2201,Metropolitano,D,C,ONGRID,NO,NO,NO,NO,NO,NO,-33.4986111,-70.6130557
RM295,2206,Metropolitano,D,C,ONGRID,NO,NO,NO,NO,NO,NO,-33.405,-70.5738892
RM240,2208,Metropolitano,D,C,ONGRID,NO,NO,NO,NO,NO,NO,-33.4158329,-70.604722
AM176,2209,Metropolitano,D,C,ONGRID,NO,NO,NO,NO,NO,NO,-33.4365,-70.6472
ZA055,700,Norte,D,C,ONGRID,NO,NO,NO,NO,NO,,-23.6485914,-70.3965553
ESTRM070,2210,Metropolitano,B2,nan,ONGRID,NO,NO,NO,NO,NO,NO,-33.406962,-70.567266
AM166,2211,Metropolitano,D,C,ONGRID,NO,NO,NO,NO,NO,NO,-33.405856,-70.5751222
ZM309,2212,Metropolitano,D,C,ONGRID,NO,NO,NO,NO,NO,NO,-33.4040541,-70.5735501
RM067,2213,Metropolitano,D,C,ONGRID,NO,NO,NO,NO,NO,NO,-33.4040541,-70.5735501
ESTRM040,2214,Metropolitano,B2,nan,ONGRID,NO,NO,NO,NO,NO,NO,-33.444655,-70.656169
ESTRM048,2215,Metropolitano,B2,nan,ONGRID,NO,NO,NO,NO,NO,NO,-33.444655,-70.656169
AN123,707,Norte,D,C,ONGRID,NO,NO,NO,NO,NO,,-23.6667661,-70.4040297
AN063,713,Norte,D,C,ONGRID,NO,NO,NO,NO,NO,,-23.6498217,-70.4001402
ZM436,2216,Metropolitano,D,C,ONGRID,NO,NO,NO,NO,NO,NO,-33.4901661,-70.6994528
RS212,2217,Metropolitano,D,C,ONGRID,NO,NO,NO,NO,NO,NO,-33.442694,-70.6372358
RS182,2219,Metropolitano,D,C,ONGRID,NO,NO,NO,NO,NO,NO,-33.4139102,-70.592575
ZM249,2220,Metropolitano,D,C,ONGRID,NO,NO,NO,NO,NO,NO,-33.415665,-70.5918161
ZM993,2221,Metropolitano,D,C,ONGRID,NO,NO,NO,NO,NO,NO,-33.414722,-70.5925001
ZM256,2222,Metropolitano,D,C,ONGRID,NO,NO,NO,NO,NO,NO,-33.4158666,-70.5963556
ZM676,2223,Metropolitano,D,C,ONGRID,NO,NO,NO,NO,NO,NO,-33.280694,-70.634444
ONURM138,2224,Metropolitano,B1,nan,ONGRID,NO,NO,NO,NO,NO,NO,-33.439387,-70.597387
RS830,2225,Metropolitano,D,C,ONGRID,NO,NO,NO,NO,NO,NO,-33.413806,-70.598525
ZM232,2226,Metropolitano,D,C,ONGRID,NO,NO,NO,NO,NO,NO,-33.4143611,-70.5944444
ZM002,2229,Metropolitano,D,C,ONGRID,NO,NO,NO,NO,NO,NO,-33.405383,-70.5731692
ESTRM016,2230,Metropolitano,B2,nan,ONGRID,NO,NO,NO,NO,NO,NO,-33.414692,-70.604653
AN161,729,Norte,D,C,ONGRID,NO,NO,NO,NO,NO,,-23.511981,-70.4001226
ZM377,2232,Metropolitano,D,C,ONGRID,NO,NO,NO,NO,NO,NO,-33.4047222,-70.5722223
ZM376,2233,Metropolitano,D,C,ONGRID,NO,NO,NO,NO,NO,NO,-33.4044445,-70.5730554
ZM375,2235,Metropolitano,D,C,ONGRID,NO,NO,NO,NO,NO,NO,-33.4204222,-70.611061
AM209,2238,Metropolitano,D,C,ONGRID,NO,NO,NO,NO,NO,NO,-33.42122,-70.61237
AN555,737,Norte,D,C,ONGRID,NO,NO,NO,NO,NO,,-25.106389,-69.532806
AN940,739,Norte,D,C,ONGRID,NO,NO,NO,NO,NO,,-22.375194,-68.91875
ZM325,2239,Metropolitano,D,C,ONGRID,NO,NO,NO,NO,NO,NO,-33.4119167,-70.5779056
AM236,2241,Metropolitano,D,C,ONGRID,NO,NO,NO,NO,NO,NO,-33.36512,-70.51514
RS170,2242,Metropolitano,D,C,ONGRID,NO,NO,NO,NO,NO,NO,-33.4264095,-70.6245214
RS169,2243,Metropolitano,B2,C,ONGRID,NO,SI,NO,NO,NO,NO,-33.413111,-70.6038329
AM144,2244,Metropolitano,D,C,ONGRID,NO,NO,NO,NO,NO,NO,-33.3998408,-70.5770658
RS457,2245,Metropolitano,D,C,ONGRID,NO,NO,NO,NO,NO,NO,-33.4027994,-70.5778517
SA877,2246,Metropolitano,D,C,ONGRID,NO,NO,NO,NO,NO,NO,-33.459466,-70.580076
ONURM115,2247,Metropolitano,B1,nan,ONGRID,NO,SI,NO,NO,NO,NO,-33.605342,-70.573853
RM944,2248,Metropolitano,D,C,ONGRID,NO,NO,NO,NO,NO,NO,-33.4425,-70.595833
SA402,2249,Metropolitano,C,C,ONGRID,NO,NO,NO,NO,NO,NO,-33.335333,-70.483694
RM640,2250,Metropolitano,D,C,ONGRID,NO,NO,NO,NO,NO,NO,-33.577516,-70.80009
RS878,2251,Metropolitano,D,C,ONGRID,NO,NO,NO,NO,NO,NO,-33.392667,-70.668806
RS323,2252,Metropolitano,D,C,ONGRID,NO,NO,NO,NO,NO,NO,-33.633389,-70.736833
RS400,2253,Metropolitano,D,C,ONGRID,NO,NO,NO,NO,NO,NO,-33.300139,-70.665472
AN222,756,Norte,B2,C,ONGRID,NO,NO,NO,NO,NO,,-23.6475996,-70.3979179
SA126,2254,Metropolitano,C,C,ONGRID,NO,SI,NO,NO,NO,NO,-33.5766,-70.685206
RM788,2255,Metropolitano,D,C,ONGRID,NO,NO,NO,NO,NO,NO,-33.420577,-70.596464
RM943,2256,Metropolitano,D,C,ONGRID,NO,NO,NO,NO,NO,NO,-33.438722,-70.589972
SA697,2258,Metropolitano,C,C,ONGRID,NO,NO,NO,NO,NO,NO,-33.582917,-70.443778
ZM465,2259,Metropolitano,D,C,ONGRID,NO,NO,NO,NO,NO,NO,-33.511903,-70.762497
RM845,2260,Metropolitano,B1,C+,ONGRID,NO,NO,NO,SI,NO,NO,-33.403889,-70.549722
RM806,2261,Metropolitano,D,C,ONGRID,NO,NO,NO,NO,NO,NO,-33.405277,-70.590611
RM807,2262,Metropolitano,B1,C+,ONGRID,NO,NO,SI,SI,NO,NO,-33.403422,-70.592908
ZM572,2263,Metropolitano,D,C,ONGRID,NO,NO,NO,NO,NO,NO,-33.351695,-70.298235
ZM029,2264,Metropolitano,D,C,ONGRID,NO,NO,NO,NO,NO,NO,-33.391,-70.506639
RM639,2265,Metropolitano,D,C,ONGRID,NO,NO,NO,NO,NO,NO,-33.5919,-70.795192
RM641,2266,Metropolitano,C,C,ONGRID,NO,SI,NO,NO,NO,NO,-33.577765,-70.818872
SA899,2267,Metropolitano,B1,C+,ONGRID,NO,SI,SI,SI,NO,NO,-33.477778,-70.535083
SA199,2268,Metropolitano,D,C,ONGRID,NO,NO,NO,NO,NO,NO,-33.414458,-70.597347
ESTRM059,2269,Metropolitano,B2,nan,ONGRID,NO,NO,NO,NO,NO,NO,-33.414494,-70.592357
SA608,2270,Metropolitano,C,C,ONGRID,NO,SI,NO,NO,NO,NO,-33.332097,-70.725444
ONURM014,2271,Metropolitano,B1,nan,ONGRID,NO,NO,NO,NO,NO,NO,-33.328912,-70.712579
ZM927,2272,Metropolitano,D,C,ONGRID,NO,NO,NO,NO,NO,NO,-33.698558,-70.891467
ZM194,2273,Metropolitano,D,C,ONGRID,NO,NO,NO,NO,NO,NO,-33.497944,-70.592667
ONURM052,2274,Metropolitano,B1,nan,ONGRID,NO,NO,NO,NO,NO,NO,-33.488574,-70.651666
RM950,2275,Metropolitano,D,C,ONGRID,NO,NO,NO,NO,NO,NO,-33.396964,-70.675079
AN781,796,Norte,D,C,ONGRID,NO,NO,NO,NO,NO,,-22.4625,-68.9255557
AN856,797,Norte,D,C,ONGRID,NO,NO,NO,NO,NO,,-22.91103,-68.2000622
SA731,2276,Metropolitano,C,C,ONGRID,NO,NO,NO,NO,NO,NO,-33.598205,-70.393391
SA014,2277,Metropolitano,B2,C,ONGRID,NO,SI,NO,NO,NO,NO,-33.382679,-70.603571
SA131,2278,Metropolitano,C,C,ONGRID,NO,NO,NO,NO,NO,NO,-33.770692,-71.220115
RS283,2279,Metropolitano,D,C,ONGRID,NO,NO,NO,NO,NO,NO,-33.357239,-70.699325
SA606,2280,Metropolitano,C,C,ONGRID,NO,NO,NO,NO,NO,NO,-33.679028,-70.985917
FN707,2281,Metropolitano,C,C,ONGRID,NO,NO,NO,NO,NO,NO,-33.699747,-71.024428
SA708,2282,Metropolitano,D,C,ONGRID,NO,NO,NO,NO,NO,NO,-33.512222,-70.777028
RM904,2283,Metropolitano,D,C,ONGRID,NO,NO,NO,NO,NO,NO,-33.386528,-70.614278
RM905,2284,Metropolitano,D,C,ONGRID,NO,NO,NO,NO,NO,NO,-33.391965,-70.621743
ONURM127,2285,Metropolitano,B1,nan,ONGRID,NO,NO,NO,NO,NO,NO,-33.527046,-70.659362
ZM515,2286,Metropolitano,D,C,ONGRID,NO,NO,NO,NO,NO,NO,-33.332978,-70.506578
SA203,2287,Metropolitano,D,C,ONGRID,NO,NO,NO,NO,NO,NO,-33.543057,-70.685907
ZM484,2288,Metropolitano,D,C,ONGRID,NO,NO,NO,NO,NO,NO,-33.491417,-70.626278
SA369,2289,Metropolitano,C,C,ONGRID,NO,NO,NO,NO,NO,NO,-33.535611,-70.5665
ONURM110,2290,Metropolitano,B1,nan,ONGRID,NO,NO,NO,NO,NO,NO,-33.353321,-70.518197
SA039,2291,Metropolitano,B1,B+,ONGRID,SI,SI,NO,NO,NO,NO,-33.394982,-70.488608
SA536,2292,Metropolitano,D,C,ONGRID,NO,NO,NO,NO,NO,NO,-33.370971,-70.652027
RP932,828,Norte,C,nan,ONGRID,NO,SI,NO,NO,NO,,-27.467122,-70.26446
ONURM009,2293,Metropolitano,B1,nan,ONGRID,NO,NO,NO,NO,NO,NO,-33.373005,-70.650148
RM155,2294,Metropolitano,D,C,ONGRID,NO,NO,NO,NO,NO,NO,-33.471365,-70.667485
AT107,831,Norte,C,C,ONGRID,NO,NO,NO,NO,NO,,-26.2915,-70.6508
SA447,2295,Metropolitano,D,C,ONGRID,NO,NO,NO,NO,NO,NO,-33.421103,-70.640775
ESTAT020,833,Norte,B2,nan,ONGRID,NO,NO,NO,NO,NO,,-27.360778,-70.337478
ZM624,2296,Metropolitano,D,C,ONGRID,NO,NO,NO,NO,NO,NO,-33.30384,-70.6972
SA826,2297,Metropolitano,D,C,ONGRID,NO,NO,NO,NO,NO,NO,-33.460165,-70.561681
RM355,2298,Metropolitano,D,C,ONGRID,NO,NO,NO,NO,NO,NO,-33.430503,-70.594517
AT741,837,Norte,D,C,ONGRID,NO,NO,NO,NO,NO,,-27.3,-70.4286111
RS022,2299,Metropolitano,D,C,ONGRID,NO,NO,NO,NO,NO,NO,-33.440333,-70.617889
RS464,2300,Metropolitano,D,C,ONGRID,NO,NO,NO,NO,NO,NO,-33.434444,-70.582333
ONURM060,2301,Metropolitano,B1,nan,ONGRID,NO,NO,NO,NO,NO,NO,-33.433488,-70.622368
AT160,841,Norte,D,C,ONGRID,NO,NO,NO,NO,NO,,-27.534309,-70.3036328
SA076,2302,Metropolitano,D,C,ONGRID,NO,NO,NO,NO,NO,NO,-33.431367,-70.606947
ZM859,2303,Metropolitano,D,C,ONGRID,NO,NO,NO,NO,NO,NO,-33.428167,-70.599583
SA410,2304,Metropolitano,D,C,ONGRID,NO,NO,NO,NO,NO,NO,-33.565458,-70.588272
RS930,2305,Metropolitano,D,C,ONGRID,NO,NO,NO,NO,NO,NO,-33.517783,-70.7308358
RS336,2306,Metropolitano,D,C,ONGRID,NO,NO,NO,NO,NO,NO,-33.628975,-70.574706
AM537,2307,Metropolitano,D,C,ONGRID,NO,NO,NO,NO,NO,NO,-33.393911,-70.696597
AM483,2308,Metropolitano,D,C,ONGRID,NO,NO,NO,NO,NO,NO,-33.413695,-70.6093599
ESTRM009,2309,Metropolitano,B2,nan,ONGRID,NO,SI,NO,NO,NO,NO,-33.397495,-70.768768
ONURM109,2310,Metropolitano,B1,nan,ONGRID,NO,SI,NO,NO,NO,NO,-33.397495,-70.768768
ZM050,2311,Metropolitano,D,C,ONGRID,NO,NO,NO,NO,NO,NO,-33.539607,-70.575763
AM138,2314,Metropolitano,D,C,ONGRID,NO,NO,NO,NO,NO,NO,-33.533442,-70.7651691
SA083,2315,Metropolitano,D,C,ONGRID,NO,NO,NO,NO,NO,NO,-33.442463,-70.662395
ZM838,2316,Metropolitano,D,C,ONGRID,NO,NO,NO,NO,NO,NO,-33.433666,-70.637555
RM828,2317,Metropolitano,D,C,ONGRID,NO,NO,NO,NO,NO,NO,-33.377167,-70.558361
SA011,2318,Metropolitano,D,C,ONGRID,NO,NO,NO,NO,NO,NO,-33.413353,-70.580441
ZM696,2319,Metropolitano,D,C,ONGRID,NO,NO,NO,NO,NO,NO,-33.434444,-70.647222
ESTAT039,869,Norte,B2,nan,ONGRID,NO,NO,NO,NO,NO,,-33.2539087,-70.6564678
RS395,2320,Metropolitano,D,C,ONGRID,NO,NO,NO,NO,NO,NO,-33.187128,-70.647461
ZC044,872,Norte,D,C,ONGRID,NO,NO,NO,NO,NO,,-28.5770491,-70.7583482
SA362,2321,Metropolitano,D,C,ONGRID,NO,NO,NO,NO,NO,NO,-33.3837167,-70.6242028
ESTAT030,874,Norte,B2,nan,ONGRID,NO,NO,NO,NO,NO,,-27.826806,-70.108992
ZM333,2322,Metropolitano,D,C,ONGRID,NO,NO,NO,NO,NO,NO,-33.384694,-70.628278
ZB922,41164865,Sur,D,nan,ONGRID,NO,NO,NO,NO,NO,NO,-37.189,-73.198738
RP703,879,Norte,C,nan,ONGRID,NO,NO,NO,NO,NO,,-27.365972,-70.331132
AT782,881,Norte,D,C,ONGRID,NO,NO,NO,NO,NO,,-27.3661111,-70.3311113
ZM940,2323,Metropolitano,D,C,ONGRID,NO,NO,NO,NO,NO,NO,-33.4412,-70.5359999
ZM941,2324,Metropolitano,D,C,ONGRID,NO,NO,NO,NO,NO,NO,-33.4572223,-70.7055556
ZM942,2325,Metropolitano,D,C,ONGRID,NO,NO,NO,NO,NO,NO,-33.5986111,-70.5775
ONURM094,2326,Metropolitano,B1,nan,ONGRID,NO,NO,NO,NO,NO,NO,-33.455511,-70.669102
SA115,2327,Metropolitano,D,C,ONGRID,NO,NO,NO,NO,NO,NO,-33.453122,-70.683117
SA116,2328,Metropolitano,D,C,ONGRID,NO,SI,NO,NO,NO,NO,-33.434454,-70.681189
RM394,2329,Metropolitano,D,C,ONGRID,SI,NO,NO,NO,NO,NO,-33.415,-70.588611
RM452,2330,Metropolitano,D,C,ONGRID,SI,NO,NO,NO,NO,NO,-33.436486,-70.6442781
ESTAT005,894,Norte,B2,nan,ONGRID,NO,NO,NO,NO,NO,,-27.411553,-70.288073
RM436,2331,Metropolitano,D,C,ONGRID,NO,NO,NO,NO,NO,NO,-33.433225,-70.6518079
SA360,2332,Metropolitano,D,C,ONGRID,NO,NO,NO,NO,NO,NO,-33.414187,-70.6436885
AT023,897,Norte,D,C,ONGRID,NO,NO,NO,NO,NO,,-27.3767435,-70.3243692
RM434,2333,Metropolitano,D,C,ONGRID,NO,NO,NO,NO,NO,NO,-33.4225781,-70.6450137
RM449,2334,Metropolitano,D,C,ONGRID,SI,NO,NO,NO,NO,NO,-33.4391108,-70.6685666
RS820,2335,Metropolitano,D,C,ONGRID,NO,NO,NO,NO,NO,NO,-33.4446383,-70.7229227
ESTAT042,905,Norte,B2,nan,ONGRID,NO,NO,NO,NO,NO,,-27.489264,-69.140237
ESTAT034,906,Norte,B2,nan,ONGRID,NO,NO,NO,NO,NO,,-27.0667,-70.817814
ESTAT040,907,Norte,B2,nan,ONGRID,NO,NO,NO,NO,NO,,-27.065263,-70.808005
ESTAT041,908,Norte,B2,nan,ONGRID,NO,NO,NO,NO,NO,,-27.387327,-70.30941
RM359,2336,Metropolitano,D,C,ONGRID,NO,NO,NO,NO,NO,NO,-33.3967439,-70.6431161
RM383,2337,Metropolitano,D,C,ONGRID,SI,NO,NO,NO,NO,NO,-33.4559531,-70.7004086
SA367,2338,Metropolitano,D,C,ONGRID,NO,NO,NO,NO,NO,NO,-33.405576,-70.644244
RM393,2339,Metropolitano,D,C,ONGRID,NO,NO,NO,NO,NO,NO,-33.416778,-70.5956439
RM395,2340,Metropolitano,D,C,ONGRID,SI,NO,NO,NO,NO,NO,-33.4138889,-70.5847222
SA848,2341,Metropolitano,D,C,ONGRID,SI,NO,NO,NO,NO,NO,-33.4508527,-70.6789692
SA315,2342,Metropolitano,D,C,ONGRID,NO,NO,NO,NO,NO,NO,-33.4697432,-70.577298
RM524,2343,Metropolitano,D,C,ONGRID,NO,NO,NO,NO,NO,NO,-33.5377965,-70.663693
RM456,2344,Metropolitano,D,C,ONGRID,SI,NO,NO,NO,NO,NO,-33.452725,-70.6288921
RM025,2345,Metropolitano,D,C,ONGRID,NO,NO,NO,NO,NO,NO,-33.5375,-70.6641667
SA319,2346,Metropolitano,D,C,ONGRID,NO,NO,NO,NO,NO,NO,-33.600944,-70.577303
RM382,2347,Metropolitano,D,C,ONGRID,SI,NO,NO,NO,NO,NO,-33.4572223,-70.7050001
SA851,2348,Metropolitano,D,C,ONGRID,NO,NO,NO,NO,NO,NO,-33.4422223,-70.6583333
SA308,2349,Metropolitano,D,C,ONGRID,NO,NO,NO,NO,NO,NO,-33.4622435,-70.5736865
RS861,2350,Metropolitano,D,C,ONGRID,NO,NO,NO,NO,NO,NO,-33.5098952,-70.757154
RS860,2351,Metropolitano,D,C,ONGRID,NO,NO,NO,NO,NO,NO,-33.4969445,-70.7569445
RM380,2352,Metropolitano,D,C,ONGRID,SI,NO,NO,NO,NO,NO,-33.4519445,-70.7216667
RM381,2353,Metropolitano,D,C,ONGRID,SI,NO,NO,NO,NO,NO,-33.4572222,-70.7141668
RM454,2354,Metropolitano,D,C,ONGRID,SI,NO,NO,NO,NO,NO,-33.442908,-70.631842
RM435,2355,Metropolitano,D,C,ONGRID,NO,NO,NO,NO,NO,NO,-33.4295611,-70.6472719
RM451,2356,Metropolitano,D,C,ONGRID,SI,NO,NO,NO,NO,NO,-33.437603,-70.6505249
SA304,2357,Metropolitano,D,C,ONGRID,NO,NO,NO,NO,NO,NO,-33.4530769,-70.5706305
SA287,2358,Metropolitano,D,C,ONGRID,NO,NO,NO,NO,NO,NO,-33.4377501,-70.5739161
RM447,2359,Metropolitano,D,C,ONGRID,SI,NO,NO,NO,NO,NO,-33.440381,-70.680344
RM387,2360,Metropolitano,B1,C,ONGRID,SI,SI,NO,NO,NO,NO,-33.4476253,-70.666866
RM384,2361,Metropolitano,D,C,ONGRID,SI,NO,NO,NO,NO,NO,-33.4541857,-70.6923032
CO178,969,Norte,D,C,ONGRID,NO,NO,NO,NO,NO,,-29.9603,-71.3411
RM379,2362,Metropolitano,D,C,ONGRID,SI,NO,NO,NO,NO,NO,-33.4419444,-70.7225
RM455,2363,Metropolitano,D,C,ONGRID,SI,NO,NO,NO,NO,NO,-33.44695,-70.6301751
SA298,2364,Metropolitano,D,C,ONGRID,NO,NO,NO,NO,NO,NO,-33.445833,-70.5766669
SA454,2365,Metropolitano,B2,A+,ONGRID,NO,NO,NO,NO,NO,NO,-33.955556,-71.401222
RM386,2366,Metropolitano,D,C,ONGRID,SI,NO,NO,NO,NO,NO,-33.4494445,-70.6722221
LS337,984,Norte,D,C,ONGRID,NO,NO,NO,NO,NO,,-30.5900362,-71.2269799
ESTCQ028,989,Norte,B2,nan,ONGRID,NO,NO,NO,NO,NO,,-30.0319,-70.7081
RM361,2367,Metropolitano,D,C,ONGRID,NO,NO,NO,NO,NO,NO,-33.3797428,-70.6486878
RM360,2368,Metropolitano,D,C,ONGRID,NO,NO,NO,NO,NO,NO,-33.3908539,-70.6425768
SA862,2369,Metropolitano,D,C,ONGRID,NO,NO,NO,NO,NO,NO,-33.415289,-70.6052649
SA616,2370,Metropolitano,D,C,ONGRID,NO,NO,NO,NO,NO,NO,-33.393886,-70.558092
SA455,2371,Metropolitano,B2,C,ONGRID,NO,NO,NO,NO,NO,NO,-33.511439,-70.55745
SA557,2372,Metropolitano,D,C,ONGRID,NO,NO,NO,NO,NO,NO,-33.386687,-70.666467
SA159,2373,Metropolitano,D,C,ONGRID,NO,NO,NO,NO,NO,NO,-33.393722,-70.555194
RM158,2374,Metropolitano,D,C,ONGRID,NO,NO,NO,NO,NO,NO,-33.44432,-70.741012
ZM122,2375,Metropolitano,D,C,ONGRID,NO,NO,NO,NO,NO,NO,-33.595,-70.691944
RC419,1007,Norte,D,C,ONGRID,NO,NO,NO,NO,NO,,-29.936583,-71.236825
ZS104,1008,Norte,D,C,ONGRID,NO,NO,NO,NO,NO,,-29.967105,-71.3324491
SA609,2376,Metropolitano,D,C,ONGRID,NO,NO,NO,NO,NO,NO,-33.380531,-70.541816
SA411,2377,Metropolitano,D,C,ONGRID,NO,NO,NO,NO,NO,NO,-33.48045,-70.66295
RS034,2378,Metropolitano,D,C,ONGRID,NO,NO,NO,NO,NO,NO,-33.437282,-70.64972
RM900,2379,Metropolitano,D,C,ONGRID,NO,NO,NO,NO,NO,NO,-33.437166,-70.63986
RM924,2380,Metropolitano,D,C,ONGRID,NO,NO,NO,NO,NO,NO,-33.393752,-70.534973
RPL044,5744754,Centro,C,nan,OFFGRID,NO,NO,NO,NO,NO,NO,-33.444409,-70.655923
RS019,2381,Metropolitano,D,C,ONGRID,NO,NO,NO,NO,NO,NO,-33.437941,-70.632456
SA799,2382,Metropolitano,C,C,ONGRID,NO,NO,NO,NO,NO,NO,-33.474361,-70.601833
ZM719,2383,Metropolitano,D,C,ONGRID,NO,NO,NO,NO,NO,NO,-33.487611,-70.602
RM609,2384,Metropolitano,D,C,ONGRID,NO,NO,NO,NO,NO,NO,-33.454,-70.676278
ZM423,2385,Metropolitano,D,C,ONGRID,NO,NO,NO,NO,NO,NO,-33.4266472,-70.6208612
CO223,1031,Norte,D,C,ONGRID,NO,NO,NO,NO,NO,,-29.9106669,-71.2509998
SA376,2386,Metropolitano,C,C,ONGRID,NO,SI,NO,NO,NO,NO,-33.617833,-70.6287
SA423,2387,Metropolitano,D,C,ONGRID,NO,NO,NO,NO,NO,NO,-33.609322,-70.554316
SA730,2388,Metropolitano,D,C,ONGRID,NO,NO,NO,NO,NO,NO,-33.625611,-70.603444
ZM382,2389,Metropolitano,D,C,ONGRID,NO,NO,NO,NO,NO,NO,-33.458139,-70.661917
AM015,2390,Metropolitano,D,C,ONGRID,NO,NO,NO,NO,NO,NO,-33.443201,-70.6504209
AM014,2391,Metropolitano,D,C,ONGRID,NO,NO,NO,NO,NO,NO,-33.4217539,-70.6104104
ONURM120,2392,Metropolitano,B1,nan,ONGRID,NO,NO,NO,NO,NO,NO,-33.365046,-70.531657
RM818,2393,Metropolitano,D,C,ONGRID,NO,NO,NO,NO,NO,NO,-33.394855,-70.564054
AM406,2395,Metropolitano,D,C,ONGRID,NO,NO,NO,NO,NO,NO,-33.38074,-70.7441698
ONURM065,2396,Metropolitano,B1,nan,ONGRID,NO,SI,NO,NO,NO,NO,-33.42367,-70.541284
RS876,2397,Metropolitano,D,C,ONGRID,NO,NO,NO,NO,NO,NO,-33.197694,-70.676194
ONURM003,2398,Metropolitano,B1,nan,ONGRID,NO,NO,NO,NO,NO,NO,-33.41134,-70.65881
RM590,2399,Metropolitano,D,C,ONGRID,NO,NO,NO,NO,NO,NO,-33.406389,-70.506944
ONURM032,2400,Metropolitano,B1,nan,ONGRID,NO,SI,NO,NO,NO,NO,-33.374609,-70.516287
ZM064,2401,Metropolitano,D,C,ONGRID,NO,NO,NO,NO,NO,NO,-33.581222,-70.696611
RS133,2403,Metropolitano,D,C,ONGRID,NO,NO,NO,NO,NO,NO,-33.473611,-70.646944
ONURM042,2404,Metropolitano,B1,nan,ONGRID,NO,NO,NO,NO,NO,NO,-33.380446,-70.525968
RM923,2405,Metropolitano,D,C,ONGRID,NO,NO,NO,NO,NO,NO,-33.378728,-70.52835
ONURM111,2406,Metropolitano,B1,nan,ONGRID,NO,SI,NO,NO,NO,NO,-33.525115,-70.607236
SA804,2407,Metropolitano,C,C,ONGRID,NO,NO,NO,NO,NO,NO,-33.493081,-70.587944
AM109,2408,Metropolitano,D,C,ONGRID,NO,NO,NO,NO,NO,NO,-33.4462779,-70.6521391
ZM425,2409,Metropolitano,D,C,ONGRID,NO,NO,NO,NO,NO,NO,-33.4394916,-70.5697776
RS023,2410,Metropolitano,D,C,ONGRID,NO,NO,NO,NO,NO,NO,-33.440175,-70.6530938
ONURM013,2411,Metropolitano,B1,nan,ONGRID,NO,NO,NO,NO,NO,NO,-33.371521,-70.71642
SA926,2412,Metropolitano,D,C,ONGRID,NO,NO,NO,NO,NO,NO,-33.42379,-70.663951
ZM670,2413,Metropolitano,D,C,ONGRID,NO,NO,NO,NO,NO,NO,-33.433597,-70.707916
ESTRM001,2415,Metropolitano,B2,nan,ONGRID,NO,SI,NO,NO,NO,NO,-33.40324,-70.58014
RS055,2416,Metropolitano,D,C,ONGRID,NO,NO,NO,NO,NO,NO,-33.436389,-70.691667
RM004,2417,Metropolitano,D,C,ONGRID,NO,NO,NO,NO,NO,NO,-33.401637,-70.51416
ESTCQ027,1080,Norte,B2,nan,ONGRID,NO,NO,NO,NO,NO,,-31.781342,-70.968012
ONURM037,2418,Metropolitano,B1,nan,ONGRID,NO,NO,NO,NO,NO,NO,-33.402712,-70.524146
ONURM039,2419,Metropolitano,B1,nan,ONGRID,NO,SI,NO,NO,NO,NO,-33.407611,-70.537398
SA665,2420,Metropolitano,B1,C+,ONGRID,NO,NO,SI,SI,NO,NO,-33.455451,-70.74146
SA214,2421,Metropolitano,C,C,ONGRID,NO,NO,NO,NO,NO,NO,-33.560779,-70.645287
SA361,2422,Metropolitano,D,C,ONGRID,NO,NO,NO,NO,NO,NO,-33.468555,-70.633628
LS201,1087,Norte,D,C,ONGRID,NO,NO,NO,NO,NO,,-29.9553177,-71.341137
ESTRM041,2423,Metropolitano,B2,nan,ONGRID,NO,NO,NO,NO,NO,NO,-33.432678,-70.656464
RM984,2424,Metropolitano,D,C,ONGRID,NO,NO,NO,NO,NO,NO,-33.459639,-70.610639
ONURM093,2428,Metropolitano,B1,nan,ONGRID,NO,SI,NO,NO,NO,NO,-33.526344,-70.562113
RM819,2429,Metropolitano,C,C,ONGRID,NO,NO,NO,NO,NO,NO,-33.398108,-70.562917
ZM695,2430,Metropolitano,D,C,ONGRID,NO,NO,NO,NO,NO,NO,-33.529083,-70.596278
RM820,2431,Metropolitano,D,C,ONGRID,NO,NO,NO,NO,NO,NO,-33.402278,-70.56
RM636,2432,Metropolitano,D,C,ONGRID,NO,NO,NO,NO,NO,NO,-33.56312,-70.765052
ESTCQ012,1097,Norte,B2,nan,ONGRID,NO,NO,NO,NO,NO,,-29.938216,-71.261066
RM720,2433,Metropolitano,D,C,ONGRID,NO,NO,NO,NO,NO,NO,-33.451733,-70.669972
RM156,2434,Metropolitano,C,C,ONGRID,NO,SI,NO,NO,NO,NO,-33.461347,-70.695561
RM963,2435,Metropolitano,D,C,ONGRID,NO,NO,NO,NO,NO,NO,-33.551333,-70.674417
RS461,2436,Metropolitano,D,C,ONGRID,NO,NO,NO,NO,NO,NO,-33.568139,-70.684583
CO943,1111,Norte,C,C,ONGRID,NO,NO,NO,NO,NO,,-30.1147752,-70.4836004
ONURM070,2437,Metropolitano,B1,nan,ONGRID,NO,NO,NO,NO,NO,NO,-33.36832,-70.556341
SA056,2438,Metropolitano,B1,C,ONGRID,NO,SI,SI,SI,NO,NO,-33.4911,-70.645
RM886,2439,Metropolitano,D,C,ONGRID,NO,NO,NO,NO,NO,NO,-33.471472,-70.567694
RM983,2440,Metropolitano,D,C,ONGRID,NO,NO,NO,NO,NO,NO,-33.462806,-70.605889
RM979,2441,Metropolitano,D,C,ONGRID,NO,NO,NO,NO,NO,NO,-33.466561,-70.585433
ZM030,2443,Metropolitano,D,C,ONGRID,NO,NO,NO,NO,NO,NO,-33.399972,-70.654472
SA778,2444,Metropolitano,D,C,ONGRID,NO,NO,NO,NO,NO,NO,-33.423467,-70.610128
ZM620,2446,Metropolitano,D,C,ONGRID,NO,NO,NO,NO,NO,NO,-33.252833,-70.630306
SA715,2447,Metropolitano,C,C,OFFGRID,NO,NO,NO,NO,NO,NO,-33.610248,-70.355708
RS381,2448,Metropolitano,B2,C+,ONGRID,NO,NO,NO,NO,NO,NO,-33.56775,-70.55325
AM160,2449,Metropolitano,D,C,ONGRID,NO,NO,NO,NO,NO,NO,-33.498432,-70.6100749
RM803,2450,Metropolitano,D,C,ONGRID,NO,NO,NO,NO,NO,NO,-33.417806,-70.592611
ESTCQ030,1127,Norte,B2,nan,ONGRID,NO,NO,NO,NO,NO,,-31.783493,-70.96071
ESTCQ031,1128,Norte,B2,nan,ONGRID,NO,NO,NO,NO,NO,,-31.782493,-70.96071
ONURM121,2451,Metropolitano,B1,nan,ONGRID,NO,NO,NO,NO,NO,NO,-33.494377,-70.632283
RM613,2452,Metropolitano,D,C,ONGRID,NO,NO,NO,NO,NO,NO,-33.4325,-70.7375
RS136,2453,Metropolitano,D,C,ONGRID,NO,NO,NO,NO,NO,NO,-33.762859,-70.739418
RS407,2454,Metropolitano,D,C,ONGRID,NO,NO,NO,NO,NO,NO,-33.497144,-70.76125
ZS252,45244493,Norte,E,nan,ONGRID,NO,NO,NO,NO,NO,NO,-30.604762,-71.214851
SA918,2455,Metropolitano,D,C,ONGRID,NO,NO,NO,NO,NO,NO,-33.448266,-70.599338
SA149,2456,Metropolitano,D,C,ONGRID,NO,NO,NO,NO,NO,NO,-33.422783,-70.601344
RM854,2457,Metropolitano,D,C,ONGRID,NO,NO,NO,NO,NO,NO,-33.424428,-70.599609
RM868,2459,Metropolitano,D,C,ONGRID,NO,NO,NO,NO,NO,NO,-33.419,-70.561667
ONURM129,2460,Metropolitano,B1,nan,ONGRID,NO,NO,NO,NO,NO,NO,-33.421147,-70.562229
AM019,2461,Metropolitano,D,C,ONGRID,NO,NO,NO,NO,NO,NO,-33.3869326,-70.5680838
AM020,2462,Metropolitano,D,C,ONGRID,NO,NO,NO,NO,NO,NO,-33.5117888,-70.5916418
AM021,2463,Metropolitano,D,C,ONGRID,NO,NO,NO,NO,NO,NO,-33.5123727,-70.6561312
AM024,2464,Metropolitano,D,C,ONGRID,NO,NO,NO,NO,NO,NO,-33.56723,-70.5583249
AM022,2465,Metropolitano,D,C,ONGRID,NO,NO,NO,NO,NO,NO,-33.4533069,-70.6007178
AM030,2466,Metropolitano,D,C,ONGRID,NO,NO,NO,NO,NO,NO,-33.5165051,-70.7085645
AM032,2467,Metropolitano,D,C,ONGRID,NO,NO,NO,NO,NO,NO,-33.5992413,-70.5758152
AM026,2469,Metropolitano,D,C,ONGRID,NO,NO,NO,NO,NO,NO,-33.474433,-70.5995409
AM027,2470,Metropolitano,D,C,ONGRID,NO,NO,NO,NO,NO,NO,-33.4808333,-70.7469444
AM029,2472,Metropolitano,D,C,ONGRID,NO,NO,NO,NO,NO,NO,-33.680324,-71.2034327
AM034,2473,Metropolitano,D,C,ONGRID,NO,NO,NO,NO,NO,NO,-33.356267,-70.727669
AM036,2474,Metropolitano,D,C,ONGRID,NO,NO,NO,NO,NO,NO,-33.3934167,-70.6413445
RC270,1170,Norte,D,C,ONGRID,NO,NO,NO,NO,NO,,-29.951683,-71.3379938
AM038,2475,Metropolitano,D,C,ONGRID,NO,NO,NO,NO,NO,NO,-33.5448676,-70.5709418
AM040,2476,Metropolitano,D,C,ONGRID,NO,NO,NO,NO,NO,NO,-33.4718835,-70.7581281
AM042,2477,Metropolitano,D,C,ONGRID,NO,NO,NO,NO,NO,NO,-33.518916,-70.602
SA617,2479,Metropolitano,D,C,ONGRID,NO,NO,NO,NO,NO,NO,-33.405828,-70.668019
CO493,1185,Norte,D,C,ONGRID,NO,NO,NO,NO,NO,,-29.922798,-71.229582
ESTCQ022,1186,Norte,B2,nan,ONGRID,NO,NO,NO,NO,NO,,-29.919057,-71.24271
RC166,1187,Norte,D,C,ONGRID,NO,NO,NO,NO,NO,,-29.9017086,-71.2472429
ZM213,2480,Metropolitano,D,C,ONGRID,NO,NO,NO,NO,NO,NO,-33.4386111,-70.6516668
ZM212,2481,Metropolitano,D,C,ONGRID,NO,NO,NO,NO,NO,NO,-33.4416667,-70.6475002
RM855,2482,Metropolitano,D,C,ONGRID,NO,NO,NO,NO,NO,NO,-33.430942,-70.59815
RS835,2483,Metropolitano,C,C,ONGRID,NO,NO,NO,NO,NO,NO,-33.4430556,-70.6322222
SA235,2484,Metropolitano,C,C,ONGRID,NO,NO,NO,NO,NO,NO,-33.589825,-70.679333
FN700,2485,Metropolitano,C,C,ONGRID,NO,SI,NO,NO,NO,NO,-33.861778,-70.742028
SA583,2486,Metropolitano,C,C,ONGRID,NO,SI,NO,NO,NO,NO,-33.460775,-70.641836
SA439,2487,Metropolitano,C,C,ONGRID,NO,NO,NO,NO,NO,NO,-33.4580556,-70.6394444
RS814,2488,Metropolitano,C,C,ONGRID,NO,NO,NO,NO,NO,NO,-33.4161111,-70.6530557
SA588,2489,Metropolitano,C,C,ONGRID,NO,SI,NO,NO,NO,NO,-33.47977,-70.64004
VA048,1199,Centro,B1,C,ONGRID,NO,NO,NO,NO,NO,,-33.049167,-71.558889
RM305,2490,Metropolitano,C,C,ONGRID,NO,NO,NO,NO,NO,NO,-33.442442,-70.640772
AM485,2491,Metropolitano,D,C,ONGRID,NO,NO,NO,NO,NO,NO,-33.415859,-70.6039988
ZM307,2492,Metropolitano,D,C,ONGRID,NO,NO,NO,NO,NO,NO,-33.428888,-70.7850241
SA858,2493,Metropolitano,D,C,ONGRID,NO,NO,NO,NO,NO,NO,-33.404689,-70.586853
EV612,2494,Metropolitano,D,C,ONGRID,NO,NO,NO,NO,NO,NO,-33.412758,-70.6029311
VA760,1212,Centro,B1,C,ONGRID,NO,SI,NO,NO,NO,,-33.371583,-71.681667
RM055,2495,Metropolitano,D,C,ONGRID,NO,NO,NO,NO,NO,NO,-33.3997329,-70.57449
SA231,2496,Metropolitano,D,C,ONGRID,NO,NO,NO,NO,NO,NO,-33.4250209,-70.6117431
SA516,2497,Metropolitano,D,C,ONGRID,NO,NO,NO,NO,NO,NO,-33.4160409,-70.595387
RS250,2498,Metropolitano,D,C,ONGRID,NO,NO,NO,NO,NO,NO,-33.422361,-70.6209998
SA698,2499,Metropolitano,D,C,ONGRID,NO,NO,NO,NO,NO,NO,-33.447634,-70.571069
ONURM071,2500,Metropolitano,B1,nan,ONGRID,NO,NO,NO,NO,NO,NO,-33.381797,-70.537425
SA682,2501,Metropolitano,D,C,ONGRID,NO,NO,NO,NO,NO,NO,-33.423389,-70.739972
RS515,2502,Metropolitano,C,C,ONGRID,NO,NO,NO,NO,NO,NO,-33.827555,-70.642778
ONURM035,2504,Metropolitano,B1,nan,ONGRID,NO,NO,NO,NO,NO,NO,-33.440981,-70.664566
ESTRM015,2505,Metropolitano,B2,nan,ONGRID,NO,NO,NO,NO,NO,NO,-33.441165,-70.664884
ZM241,2506,Metropolitano,D,C,ONGRID,NO,NO,NO,NO,NO,NO,-33.4393333,-70.647611
VA967,1227,Centro,D,C,ONGRID,NO,NO,NO,NO,NO,,-33.0250074,-71.5531669
SA274,2507,Metropolitano,D,C,ONGRID,NO,NO,NO,NO,NO,NO,-33.439742,-70.656746
VA969,1235,Centro,D,C,ONGRID,NO,NO,NO,NO,NO,,-32.845831,-70.598343
SA282,2508,Metropolitano,D,C,ONGRID,NO,NO,NO,NO,NO,NO,-33.439757,-70.652986
ZM788,2509,Metropolitano,D,C,ONGRID,NO,NO,NO,NO,NO,NO,-33.58655,-70.653822
RS337,2510,Metropolitano,D,C,ONGRID,NO,NO,NO,NO,NO,NO,-33.655694,-70.574167
SA412,2511,Metropolitano,D,C,ONGRID,NO,NO,NO,NO,NO,NO,-33.473875,-70.585694
RM625,2513,Metropolitano,D,C,ONGRID,NO,NO,NO,NO,NO,NO,-33.491319,-70.777367
SA236,2514,Metropolitano,B2,C,ONGRID,NO,SI,NO,NO,NO,NO,-33.522465,-70.578779
SA621,2515,Metropolitano,D,C,ONGRID,NO,NO,NO,NO,NO,NO,-33.426687,-70.654245
ONURM107,2516,Metropolitano,B1,nan,ONGRID,NO,NO,NO,NO,NO,NO,-33.385883,-70.678274
AM117,2517,Metropolitano,D,C,ONGRID,NO,NO,NO,NO,NO,NO,-33.454189,-70.6218502
RS954,2518,Metropolitano,D,C,ONGRID,NO,NO,NO,NO,NO,NO,-33.4435689,-70.6543718
VA179,1249,Centro,D,C,ONGRID,NO,NO,NO,NO,NO,,-32.759192,-70.725342
RS382,2519,Metropolitano,C,C,ONGRID,NO,NO,NO,NO,NO,NO,-33.574694,-70.596639
ZM895,2520,Metropolitano,D,C,ONGRID,NO,NO,NO,NO,NO,NO,-33.455444,-70.597166
SA009,2521,Metropolitano,D,C,ONGRID,NO,NO,NO,NO,NO,NO,-33.455647,-70.592997
SA364,2522,Metropolitano,D,C,ONGRID,NO,NO,NO,NO,NO,NO,-33.453803,-70.605133
RM843,2523,Metropolitano,D,C,ONGRID,NO,NO,NO,NO,NO,NO,-33.397272,-70.549958
SA559,2524,Metropolitano,D,C,ONGRID,NO,NO,NO,NO,NO,NO,-33.481464,-70.622094
VR686,1263,Centro,C,C,ONGRID,NO,SI,NO,NO,NO,,-33.018132,-71.498677
RM802,2525,Metropolitano,D,C,ONGRID,NO,NO,NO,NO,NO,NO,-33.413611,-70.591667
ZM259,2526,Metropolitano,D,C,ONGRID,NO,NO,NO,NO,NO,NO,-33.4142805,-70.5941611
RM797,2527,Metropolitano,D,C,ONGRID,NO,NO,NO,NO,NO,NO,-33.414188,-70.603687
SA394,2528,Metropolitano,C,C,ONGRID,NO,NO,NO,NO,NO,NO,-33.747814,-70.893656
SA099,2529,Metropolitano,D,C,ONGRID,NO,NO,NO,NO,NO,NO,-33.485806,-70.595833
SA152,2530,Metropolitano,C,C,ONGRID,NO,SI,NO,NO,NO,NO,-33.419917,-70.654861
ONURM100,2531,Metropolitano,B1,nan,ONGRID,NO,NO,NO,NO,NO,NO,-33.55716,-70.787224
ONURM101,2532,Metropolitano,B1,nan,ONGRID,NO,NO,NO,NO,NO,NO,-33.482861,-70.754055
RS379,2533,Metropolitano,D,C,ONGRID,NO,NO,NO,NO,NO,NO,-33.534056,-70.553417
ONURM081,2534,Metropolitano,B1,nan,ONGRID,NO,SI,NO,NO,NO,NO,-33.455042,-70.566673
ONURM126,2535,Metropolitano,B1,nan,ONGRID,NO,SI,NO,NO,NO,NO,-33.44911,-70.567474
RM602,2536,Metropolitano,D,C,ONGRID,NO,NO,NO,NO,NO,NO,-33.362,-70.763
RS513,2537,Metropolitano,D,C,ONGRID,NO,NO,NO,NO,NO,NO,-33.384778,-70.579639
RS018,2538,Metropolitano,D,C,ONGRID,NO,NO,NO,NO,NO,NO,-33.444465,-70.6309
ONURM112,2539,Metropolitano,B1,nan,ONGRID,NO,NO,NO,NO,NO,NO,-33.452529,-70.543755
SA844,2541,Metropolitano,D,C,ONGRID,NO,NO,NO,NO,NO,NO,-33.435306,-70.59206
SA366,2542,Metropolitano,D,C,ONGRID,NO,NO,NO,NO,NO,NO,-33.462094,-70.584644
ZM093,2543,Metropolitano,D,C,ONGRID,NO,NO,NO,NO,NO,NO,-33.448472,-70.595194
RM324,2544,Metropolitano,D,C,ONGRID,NO,NO,NO,NO,NO,NO,-33.462346,-70.55424
SA091,2545,Metropolitano,D,C,ONGRID,NO,NO,NO,NO,NO,NO,-33.424969,-70.572662
SA690,2547,Metropolitano,D,C,ONGRID,NO,NO,NO,NO,NO,NO,-33.546667,-70.595611
RM784,2548,Metropolitano,D,C,ONGRID,NO,NO,NO,NO,NO,NO,-33.428083,-70.580361
RM160,2549,Metropolitano,C,C,ONGRID,NO,SI,NO,NO,NO,NO,-33.432778,-70.690522
RM648,2550,Metropolitano,D,C,ONGRID,NO,NO,NO,NO,NO,NO,-33.588297,-70.69575
RS008,2551,Metropolitano,D,C,ONGRID,NO,NO,NO,NO,NO,NO,-33.447722,-70.580578
RS537,2552,Metropolitano,D,C,ONGRID,NO,NO,NO,NO,NO,NO,-33.379444,-70.658611
SA867,2553,Metropolitano,D,C,ONGRID,NO,NO,NO,NO,NO,NO,-33.387376,-70.567326
RM795,2554,Metropolitano,D,C,ONGRID,NO,NO,NO,NO,NO,NO,-33.426944,-70.610278
ZM469,2555,Metropolitano,D,C,ONGRID,NO,NO,NO,NO,NO,NO,-33.374444,-70.6775
RM907,2556,Metropolitano,D,C,ONGRID,NO,NO,NO,NO,NO,NO,-33.638352,-70.610637
SA565,2557,Metropolitano,B2,B+,ONGRID,NO,NO,NO,NO,NO,NO,-33.427219,-70.700786
ZM081,2558,Metropolitano,D,C,ONGRID,NO,NO,NO,NO,NO,NO,-33.581889,-70.606611
VR006,1306,Centro,B1,C+,ONGRID,NO,SI,NO,SI,NO,,-32.92612,-71.512329
RM948,2559,Metropolitano,D,C,ONGRID,NO,NO,NO,NO,NO,NO,-33.446956,-70.618592
RM136,2560,Metropolitano,D,C,ONGRID,NO,NO,NO,NO,NO,NO,-33.428014,-70.540047
ZV286,1311,Centro,D,C,ONGRID,NO,NO,NO,NO,NO,,-32.832833,-70.596981
ZM332,2561,Metropolitano,D,C,ONGRID,NO,NO,NO,NO,NO,NO,-33.43,-70.5786109
AM066,2562,Metropolitano,D,C,ONGRID,NO,NO,NO,NO,NO,NO,-33.509869,-70.6078001
ZM385,2563,Metropolitano,D,C,ONGRID,NO,NO,NO,NO,NO,NO,-33.401887,-70.5145748
AM068,2564,Metropolitano,D,C,ONGRID,NO,NO,NO,NO,NO,NO,-33.480171,-70.7531685
AM072,2565,Metropolitano,D,C,ONGRID,NO,NO,NO,NO,NO,NO,-33.6116914,-70.5767037
ONURM002,2566,Metropolitano,B1,nan,ONGRID,NO,NO,NO,NO,NO,NO,-33.399925,-70.574455
RS961,2567,Metropolitano,D,C,ONGRID,NO,NO,NO,NO,NO,NO,-33.403611,-70.5758331
VR423,1323,Centro,D,C,ONGRID,NO,NO,NO,NO,NO,,-33.0442736,-71.6043762
RM028,2568,Metropolitano,D,C,ONGRID,NO,NO,NO,NO,NO,NO,-33.404106,-70.580476
AM140,2569,Metropolitano,D,C,ONGRID,NO,NO,NO,NO,NO,NO,-33.377358,-70.7488222
SA090,2570,Metropolitano,D,C,ONGRID,NO,NO,NO,NO,NO,NO,-33.442222,-70.651944
SA587,2571,Metropolitano,D,C,ONGRID,NO,NO,NO,NO,NO,NO,-33.370299,-70.579517
SA167,2572,Metropolitano,B2,C,ONGRID,NO,NO,NO,NO,NO,NO,-33.328511,-70.531439
ZM513,2573,Metropolitano,D,C,ONGRID,NO,NO,NO,NO,NO,NO,-33.326764,-70.519333
RS102,2574,Metropolitano,B1,C,ONGRID,NO,NO,NO,SI,NO,NO,-33.361028,-70.513806
RM837,2575,Metropolitano,D,C,ONGRID,NO,NO,NO,NO,NO,NO,-33.340422,-70.527875
SA432,2576,Metropolitano,B1,C,ONGRID,NO,SI,NO,NO,NO,NO,-33.296003,-70.733622
SA692,2577,Metropolitano,B1,C+,ONGRID,NO,NO,SI,SI,NO,NO,-33.490917,-70.771056
ONURM139,2578,Metropolitano,B1,nan,ONGRID,NO,NO,NO,NO,NO,NO,-33.485958,-70.784987
ONURM132,2579,Metropolitano,B1,nan,ONGRID,NO,NO,NO,NO,NO,NO,-33.460622,-70.796611
RM642,2580,Metropolitano,D,C,ONGRID,NO,NO,NO,NO,NO,NO,-33.462517,-70.791197
RM938,2581,Metropolitano,D,C,ONGRID,NO,NO,NO,NO,NO,NO,-33.557861,-70.5765
SA163,2582,Metropolitano,C,C,ONGRID,NO,SI,NO,NO,NO,NO,-33.515194,-70.632903
SA656,2583,Metropolitano,B1,B+,ONGRID,SI,SI,NO,NO,NO,NO,-33.527226,-70.627396
RM832,2584,Metropolitano,C,C,ONGRID,NO,NO,NO,NO,NO,NO,-33.387097,-70.543119
ZM504,2585,Metropolitano,D,C,ONGRID,NO,NO,NO,NO,NO,NO,-33.365977,-70.502413
RM300,2587,Metropolitano,D,C,ONGRID,NO,NO,NO,NO,NO,NO,-33.425833,-70.591944
RM637,2588,Metropolitano,D,C,ONGRID,NO,NO,NO,NO,NO,NO,-33.578061,-70.670753
RM838,2589,Metropolitano,D,C,ONGRID,NO,NO,NO,NO,NO,NO,-33.343194,-70.545278
RM490,2590,Metropolitano,D,C,ONGRID,NO,NO,NO,NO,NO,NO,-33.332778,-70.285444
VA932,1364,Centro,D,C,ONGRID,NO,NO,NO,NO,NO,,-33.029722,-71.5524998
SA578,2591,Metropolitano,D,C,ONGRID,NO,NO,NO,NO,NO,NO,-33.363983,-70.632219
ZM486,2592,Metropolitano,D,C,ONGRID,NO,NO,NO,NO,NO,NO,-33.367889,-70.633806
RM969,2593,Metropolitano,D,C,ONGRID,NO,NO,NO,NO,NO,NO,-33.562361,-70.619028
SA004,2594,Metropolitano,B1,B+,ONGRID,SI,SI,NO,NO,NO,NO,-33.467806,-70.539861
ZM511,2595,Metropolitano,D,C,ONGRID,NO,NO,NO,NO,NO,NO,-33.327439,-70.53852
RS144,2596,Metropolitano,D,C,ONGRID,NO,NO,NO,NO,NO,NO,-33.515566,-70.826621
RS421,2597,Metropolitano,D,C,ONGRID,NO,NO,NO,NO,NO,NO,-33.454178,-70.761081
SA684,2598,Metropolitano,D,C,ONGRID,NO,NO,NO,NO,NO,NO,-33.4497,-70.7704
ZM492,2599,Metropolitano,D,C,ONGRID,NO,NO,NO,NO,NO,NO,-33.367277,-70.577972
ZM326,2600,Metropolitano,D,C,ONGRID,NO,NO,NO,NO,NO,NO,-33.372303,-70.7104361
SA129,2601,Metropolitano,D,C,ONGRID,NO,NO,NO,NO,NO,NO,-33.857214,-70.934642
RM617,2602,Metropolitano,D,C,ONGRID,NO,NO,NO,NO,NO,NO,-33.46038,-70.751951
SA475,2603,Metropolitano,B2,C,ONGRID,NO,SI,NO,NO,NO,NO,-33.283181,-70.877683
RS143,2604,Metropolitano,B2,C,ONGRID,NO,SI,NO,NO,NO,NO,-33.31757,-70.85964
SA197,2605,Metropolitano,C,C,ONGRID,NO,NO,NO,NO,NO,NO,-33.281891,-70.890582
VR696,1386,Centro,D,C,ONGRID,NO,NO,NO,NO,NO,,-33.048917,-71.3850001
VR510,1387,Centro,C,C,ONGRID,NO,NO,NO,NO,NO,,-33.436028,-71.684194
SA187,2606,Metropolitano,D,C,ONGRID,NO,NO,NO,NO,NO,NO,-33.564481,-70.708391
RM954,2607,Metropolitano,D,C,ONGRID,NO,NO,NO,NO,NO,NO,-33.448389,-70.693083
RM785,2608,Metropolitano,D,C,ONGRID,NO,NO,NO,NO,NO,NO,-33.431688,-70.588686
RM876,2609,Metropolitano,D,C,ONGRID,NO,NO,NO,NO,NO,NO,-33.438972,-70.568278
SA132,2610,Metropolitano,B2,C,ONGRID,NO,NO,NO,NO,NO,NO,-33.889942,-71.421403
RM289,2611,Metropolitano,C,C,ONGRID,NO,NO,NO,NO,NO,NO,-33.238901,-71.201489
ONURM050,2612,Metropolitano,B1,nan,ONGRID,NO,NO,NO,NO,NO,NO,-33.376829,-70.527379
ONURM033,2613,Metropolitano,B1,nan,ONGRID,NO,SI,NO,NO,NO,NO,-33.387232,-70.538924
SA413,2614,Metropolitano,D,C,ONGRID,NO,NO,NO,NO,NO,NO,-33.46615,-70.5987
RM982,2615,Metropolitano,D,C,ONGRID,NO,NO,NO,NO,NO,NO,-33.469806,-70.606917
ONURM140,2616,Metropolitano,B1,nan,ONGRID,NO,NO,NO,NO,NO,NO,-33.339641,-70.711492
SA668,2617,Metropolitano,D,C,ONGRID,NO,NO,NO,NO,NO,NO,-33.3487,-70.516169
RM808,2618,Metropolitano,D,C,ONGRID,NO,NO,NO,NO,NO,NO,-33.400022,-70.586186
ZM102,2619,Metropolitano,D,C,ONGRID,NO,NO,NO,NO,NO,NO,-33.385472,-70.55225
SA744,2620,Metropolitano,D,C,ONGRID,NO,NO,NO,NO,NO,NO,-33.399194,-70.579694
ZM721,2621,Metropolitano,D,C,ONGRID,NO,NO,NO,NO,NO,NO,-33.503722,-70.627278
RM764,2622,Metropolitano,D,C,ONGRID,NO,NO,NO,NO,NO,NO,-33.411944,-70.573028
RS333,2623,Metropolitano,D,C,ONGRID,NO,NO,NO,NO,NO,NO,-33.590639,-70.580278
ONURM075,2624,Metropolitano,B1,nan,ONGRID,NO,NO,NO,NO,NO,NO,-33.403975,-70.593593
SA326,2625,Metropolitano,C,C,ONGRID,NO,NO,NO,NO,NO,NO,-33.350522,-70.550142
SA687,2626,Metropolitano,B1,C+,ONGRID,NO,NO,SI,SI,NO,NO,-33.520299,-70.54702
RM919,2627,Metropolitano,D,C,ONGRID,NO,NO,NO,NO,NO,NO,-33.556056,-70.537528
RM917,2628,Metropolitano,D,C,ONGRID,NO,NO,NO,NO,NO,NO,-33.565927,-70.538201
ZE585,67362302,Sur,B2,nan,ONGRID,NO,NO,NO,NO,NO,NO,-39.0936361,-72.6837916
RS062,2629,Metropolitano,D,C,ONGRID,NO,NO,NO,NO,NO,NO,-33.445669,-70.704228
SA359,2630,Metropolitano,D,C,ONGRID,NO,NO,NO,NO,NO,NO,-33.464626,-70.708574
RM958,2631,Metropolitano,D,C,ONGRID,NO,NO,NO,NO,NO,NO,-33.469018,-70.701146
RS411,2632,Metropolitano,D,C,ONGRID,NO,NO,NO,NO,NO,NO,-33.510046,-70.757778
RM607,2633,Metropolitano,D,C,ONGRID,NO,NO,NO,NO,NO,NO,-33.417944,-70.736944
RS372,2634,Metropolitano,D,C,ONGRID,NO,NO,NO,NO,NO,NO,-33.5047,-70.562126
RM830,2635,Metropolitano,D,C,ONGRID,NO,NO,NO,NO,NO,NO,-33.3878,-70.555647
SA800,2636,Metropolitano,D,C,ONGRID,NO,NO,NO,NO,NO,NO,-33.390797,-70.543773
RS142,2637,Metropolitano,D,C,ONGRID,NO,SI,NO,NO,NO,NO,-33.299661,-70.773475
SA893,2638,Metropolitano,C,C,ONGRID,NO,NO,NO,NO,NO,NO,-33.481222,-70.559194
SA703,2639,Metropolitano,D,C,ONGRID,NO,NO,NO,NO,NO,NO,-33.596803,-70.529956
RS352,2640,Metropolitano,D,C,ONGRID,NO,NO,NO,NO,NO,NO,-33.540435,-70.678776
SA894,2641,Metropolitano,B1,C+,ONGRID,NO,NO,SI,SI,NO,NO,-33.430289,-70.554753
RM849,2642,Metropolitano,D,C,ONGRID,NO,NO,NO,NO,NO,NO,-33.428417,-70.559583
ZV071,1469,Centro,D,C,ONGRID,NO,NO,NO,NO,NO,,-32.631417,-71.422722
RM852,2643,Metropolitano,D,C,ONGRID,NO,NO,NO,NO,NO,NO,-33.429722,-70.57722
RS042,2644,Metropolitano,D,C,ONGRID,NO,NO,NO,NO,NO,NO,-33.450297,-70.663855
ZV233,1474,Centro,C,C,ONGRID,NO,NO,NO,NO,NO,,-32.9705555,-71.5433332
VR480,1480,Centro,D,C,ONGRID,NO,NO,NO,NO,NO,,-33.0236183,-71.5628895
RM813,2645,Metropolitano,D,C,ONGRID,NO,NO,NO,NO,NO,NO,-33.391353,-70.5834
RS282,2646,Metropolitano,D,C,ONGRID,NO,NO,NO,NO,NO,NO,-33.343778,-70.699417
RV467,1483,Centro,D,C,ONGRID,NO,NO,NO,NO,NO,,-32.9216759,-71.5053841
VR481,1484,Centro,D,C,ONGRID,NO,NO,NO,NO,NO,,-33.0388946,-71.6290042
RV253,1485,Centro,D,C,ONGRID,NO,NO,NO,NO,NO,,-32.9883412,-71.546499
ONURM131,2647,Metropolitano,B1,nan,ONGRID,NO,NO,NO,NO,NO,NO,-33.500362,-70.654106
RM133,2648,Metropolitano,D,C,ONGRID,NO,NO,NO,NO,NO,NO,-33.416416,-70.534511
RS505,2649,Metropolitano,D,C,ONGRID,NO,NO,NO,NO,NO,NO,-33.4984,-70.6718
ONURM059,2650,Metropolitano,B1,nan,ONGRID,NO,NO,NO,NO,NO,NO,-33.495063,-70.652616
ZM290,2651,Metropolitano,D,C,ONGRID,NO,NO,NO,NO,NO,NO,-33.4459867,-70.6541928
ZM384,2652,Metropolitano,D,C,ONGRID,NO,NO,NO,NO,NO,NO,-33.4018809,-70.5158611
AM233,2653,Metropolitano,D,C,ONGRID,NO,NO,NO,NO,NO,NO,-33.481668,-70.62282
SA801,2654,Metropolitano,D,C,ONGRID,NO,NO,NO,NO,NO,NO,-33.4613,-70.633701
RS026,2655,Metropolitano,D,C,ONGRID,NO,NO,NO,NO,NO,NO,-33.447646,-70.641498
RS439,2656,Metropolitano,B1,C+,ONGRID,NO,NO,SI,SI,NO,NO,-33.405778,-70.638111
ONURM072,2658,Metropolitano,B1,nan,ONGRID,NO,NO,NO,NO,NO,NO,-33.37893,-70.545041
ONURM106,2659,Metropolitano,B1,nan,ONGRID,NO,SI,NO,NO,NO,NO,-33.542926,-70.588619
SA537,2660,Metropolitano,C,C,ONGRID,NO,NO,NO,NO,NO,NO,-33.246625,-70.696838
SA027,2661,Metropolitano,B1,B+,ONGRID,SI,SI,NO,NO,NO,NO,-33.360008,-70.497225
SA663,2662,Metropolitano,D,C,ONGRID,NO,SI,NO,NO,NO,NO,-33.3905,-70.760056
RM595,2663,Metropolitano,D,C,ONGRID,NO,NO,NO,NO,NO,NO,-33.377194,-70.768833
SA553,2664,Metropolitano,C,C,ONGRID,NO,NO,NO,NO,NO,NO,-33.376067,-70.725331
SA572,2665,Metropolitano,D,C,ONGRID,NO,NO,NO,NO,NO,NO,-33.368961,-70.559364
RM396,2666,Metropolitano,D,C,ONGRID,NO,NO,NO,NO,NO,NO,-33.36825,-70.554444
ONURM004,2667,Metropolitano,B1,nan,ONGRID,NO,NO,NO,NO,NO,NO,-33.374356,-70.75399
SA254,2668,Metropolitano,D,C,ONGRID,NO,NO,NO,NO,NO,NO,-33.547228,-70.701869
SA681,2669,Metropolitano,C,C,ONGRID,NO,SI,NO,NO,NO,NO,-33.416481,-70.704803
SA869,2670,Metropolitano,D,C,ONGRID,NO,SI,NO,NO,NO,NO,-33.376146,-70.751949
RS512,2671,Metropolitano,D,C,ONGRID,NO,NO,NO,NO,NO,NO,-33.390333,-70.526639
ONURM073,2672,Metropolitano,B1,nan,ONGRID,NO,NO,NO,NO,NO,NO,-33.384846,-70.556306
SA626,2673,Metropolitano,B2,C,ONGRID,NO,SI,NO,NO,NO,NO,-33.684556,-70.733017
RS145,2674,Metropolitano,C,C,ONGRID,NO,NO,NO,NO,NO,NO,-33.613588,-70.892441
RS096,2676,Metropolitano,D,C,ONGRID,NO,NO,NO,NO,NO,NO,-33.466125,-70.985651
SA110,2677,Metropolitano,B1,B+,ONGRID,SI,SI,NO,NO,NO,NO,-33.458333,-70.948667
ZM490,2678,Metropolitano,D,C,ONGRID,NO,NO,NO,NO,NO,NO,-33.37625,-70.58375
RM605,2679,Metropolitano,D,C,ONGRID,NO,NO,NO,NO,NO,NO,-33.373969,-70.698808
SA449,2680,Metropolitano,C,C,ONGRID,NO,NO,NO,NO,NO,NO,-33.488315,-70.683119
ZM023,2681,Metropolitano,D,C,ONGRID,NO,NO,NO,NO,NO,NO,-33.3655,-70.7066
AM074,2682,Metropolitano,D,C,ONGRID,NO,NO,NO,NO,NO,NO,-33.4427818,-70.6473929
AM076,2683,Metropolitano,D,C,ONGRID,NO,NO,NO,NO,NO,NO,-33.5109119,-70.7593749
AM077,2684,Metropolitano,D,C,ONGRID,NO,NO,NO,NO,NO,NO,-33.686111,-71.2141668
AM079,2686,Metropolitano,D,C,ONGRID,NO,NO,NO,NO,NO,NO,-33.5956011,-70.7063001
FN704,2688,Metropolitano,C,C,ONGRID,NO,NO,NO,NO,NO,NO,-33.967556,-71.4745
RM740,2689,Metropolitano,D,C,ONGRID,NO,NO,NO,NO,NO,NO,-33.3452,-70.5221
RM934,2690,Metropolitano,D,C,ONGRID,NO,NO,NO,NO,NO,NO,-33.526688,-70.528686
RM322,2691,Metropolitano,B2,C,ONGRID,NO,NO,NO,NO,NO,NO,-33.524778,-70.523417
ZM051,2692,Metropolitano,D,C,ONGRID,NO,NO,NO,NO,NO,NO,-33.590222,-70.783778
ZM453,2693,Metropolitano,D,C,ONGRID,NO,NO,NO,NO,NO,NO,-33.643333,-70.813333
RS299,2694,Metropolitano,D,C,ONGRID,NO,NO,NO,NO,NO,NO,-33.525105,-70.725964
RS473,2695,Metropolitano,D,C,ONGRID,NO,NO,NO,NO,NO,NO,-33.463909,-70.64869
RS047,2696,Metropolitano,D,C,ONGRID,NO,NO,NO,NO,NO,NO,-33.466965,-70.652676
ONURM023,2697,Metropolitano,B1,nan,ONGRID,NO,SI,NO,NO,NO,NO,-33.43172,-70.642096
SA842,2698,Metropolitano,D,C,ONGRID,NO,NO,NO,NO,NO,NO,-33.458354,-70.599521
RS005,2699,Metropolitano,D,C,ONGRID,NO,NO,NO,NO,NO,NO,-33.459389,-70.571719
RS339,2700,Metropolitano,D,C,ONGRID,NO,NO,NO,NO,NO,NO,-33.6155,-70.564194
ZM509,2701,Metropolitano,D,C,ONGRID,NO,NO,NO,NO,NO,NO,-33.359768,-70.520345
RM909,2702,Metropolitano,D,C,ONGRID,NO,NO,NO,NO,NO,NO,-33.595222,-70.590472
RS577,2703,Metropolitano,D,C,ONGRID,NO,NO,NO,NO,NO,NO,-33.722559,-70.770228
RS935,2704,Metropolitano,D,C,ONGRID,NO,NO,NO,NO,NO,NO,-33.444236,-70.729519
ZM770,2705,Metropolitano,D,C,ONGRID,NO,NO,NO,NO,NO,NO,-33.418889,-70.619722
RM865,2706,Metropolitano,D,C,ONGRID,NO,NO,NO,NO,NO,NO,-33.415,-70.608167
RM132,2707,Metropolitano,C,C,ONGRID,NO,NO,NO,NO,NO,NO,-33.4039,-70.5399
RM134,2708,Metropolitano,D,C,ONGRID,NO,NO,NO,NO,NO,NO,-33.413333,-70.548444
RM314,2709,Metropolitano,B2,C,ONGRID,NO,NO,NO,NO,NO,NO,-33.473861,-70.736389
RM161,2710,Metropolitano,D,C,ONGRID,NO,NO,NO,NO,NO,NO,-33.423117,-70.676822
SA619,2711,Metropolitano,D,C,ONGRID,NO,NO,NO,NO,NO,NO,-33.444831,-70.661197
RS403,2712,Metropolitano,D,C,ONGRID,NO,NO,NO,NO,NO,NO,-33.264056,-70.680694
RM974,2713,Metropolitano,D,C,ONGRID,NO,NO,NO,NO,NO,NO,-33.550944,-70.618333
RS012,2714,Metropolitano,D,C,ONGRID,NO,NO,NO,NO,NO,NO,-33.465672,-70.617989
ESTRM075,2715,Metropolitano,B2,nan,ONGRID,NO,NO,NO,NO,NO,NO,-33.532223,-70.266624
RM753,2716,Metropolitano,D,C,ONGRID,NO,NO,NO,NO,NO,NO,-33.411222,-70.588361
RM656,2717,Metropolitano,D,C,ONGRID,NO,SI,NO,NO,NO,NO,-33.649184,-70.667029
RS318,2718,Metropolitano,D,C,ONGRID,NO,NO,NO,NO,NO,NO,-33.620651,-70.682878
SA623,2719,Metropolitano,D,C,ONGRID,NO,NO,NO,NO,NO,NO,-33.475303,-70.606703
RS370,2720,Metropolitano,D,C,ONGRID,NO,NO,NO,NO,NO,NO,-33.507556,-70.555028
RM633,2721,Metropolitano,D,C,ONGRID,NO,NO,NO,NO,NO,NO,-33.544661,-70.761908
RS877,2722,Metropolitano,D,C,ONGRID,NO,NO,NO,NO,NO,NO,-33.596306,-70.666167
SA383,2723,Metropolitano,D,C,ONGRID,NO,NO,NO,NO,NO,NO,-33.489188,-70.550075
RM933,2724,Metropolitano,D,C,ONGRID,NO,NO,NO,NO,NO,NO,-33.496028,-70.531528
SA589,2725,Metropolitano,B1,C,ONGRID,NO,NO,SI,SI,NO,NO,-33.562972,-70.603083
ZM518,2726,Metropolitano,D,C,ONGRID,NO,NO,NO,NO,NO,NO,-33.350764,-70.541171
RM316,2727,Metropolitano,D,C,ONGRID,NO,NO,NO,NO,NO,NO,-33.457151,-70.722153
RS095,2728,Metropolitano,D,C,ONGRID,NO,NO,NO,NO,NO,NO,-33.567972,-70.573111
VR581,1605,Centro,D,C,ONGRID,NO,NO,NO,NO,NO,,-32.8930651,-71.5039945
RM426,2729,Metropolitano,D,C,ONGRID,NO,NO,NO,NO,NO,NO,-33.5312,-70.776392
RS373,2730,Metropolitano,D,C,ONGRID,NO,NO,NO,NO,NO,NO,-33.5391,-70.790511
RS556,2731,Metropolitano,D,C,ONGRID,NO,NO,NO,NO,NO,NO,-33.6525,-70.922572
ONURM069,2732,Metropolitano,B1,nan,ONGRID,NO,NO,NO,NO,NO,NO,-33.391102,-70.584929
RS052,2733,Metropolitano,D,C,ONGRID,NO,NO,NO,NO,NO,NO,-33.47958,-70.714015
VR579,1623,Centro,D,C,ONGRID,NO,NO,NO,NO,NO,,-33.1966723,-71.5570603
SA930,2734,Metropolitano,C,C,ONGRID,NO,NO,NO,NO,NO,NO,-33.588069,-70.573317
RM780,2735,Metropolitano,D,C,ONGRID,NO,NO,NO,NO,NO,NO,-33.395556,-70.579722
ZV303,1631,Centro,D,C,ONGRID,NO,NO,NO,NO,NO,,-33.024846,-71.569085
RS009,2736,Metropolitano,C,C,ONGRID,NO,NO,NO,NO,NO,NO,-33.444222,-70.579139
ZM193,2738,Metropolitano,D,C,ONGRID,NO,NO,NO,NO,NO,NO,-33.479969,-70.596978
ZM288,2739,Metropolitano,D,C,ONGRID,NO,NO,NO,NO,NO,NO,-33.4180555,-70.6045835
RS967,2740,Metropolitano,D,C,ONGRID,NO,NO,NO,NO,NO,NO,-33.387266,-70.539095
RS033,2742,Metropolitano,D,C,ONGRID,NO,NO,NO,NO,NO,NO,-33.439393,-70.647
RS504,2743,Metropolitano,D,C,ONGRID,NO,NO,NO,NO,NO,NO,-33.440694,-70.646528
ZM864,2744,Metropolitano,D,C,ONGRID,NO,NO,NO,NO,NO,NO,-33.444202,-70.720879
ZM903,2745,Metropolitano,D,C,ONGRID,NO,NO,NO,NO,NO,NO,-33.543667,-70.6355
RS939,2746,Metropolitano,D,C,ONGRID,NO,NO,NO,NO,NO,NO,-33.54,-70.665833
SA016,2747,Metropolitano,B1,B+,ONGRID,SI,SI,NO,NO,NO,NO,-33.499156,-70.569339
SA655,2748,Metropolitano,C,C,ONGRID,NO,SI,NO,NO,NO,NO,-33.5115,-70.576567
ONURM135,2749,Metropolitano,B1,nan,ONGRID,NO,SI,NO,NO,NO,NO,-33.462529,-70.598348
ONURM084,2750,Metropolitano,B1,nan,ONGRID,NO,SI,NO,NO,NO,NO,-33.476662,-70.598989
ZM245,2751,Metropolitano,D,C,ONGRID,NO,NO,NO,NO,NO,NO,-33.4138551,-70.593668
ONURM034,2752,Metropolitano,B1,nan,ONGRID,NO,NO,NO,NO,NO,NO,-33.553978,-70.792572
SA561,2753,Metropolitano,C,C,ONGRID,NO,NO,NO,NO,NO,NO,-33.475818,-70.672407
VR022,1658,Centro,D,C,ONGRID,NO,NO,NO,NO,NO,,-33.636615,-71.6280329
ZM198,2754,Metropolitano,D,C,ONGRID,NO,NO,NO,NO,NO,NO,-33.448528,-70.676056
SA266,2755,Metropolitano,D,C,ONGRID,NO,NO,NO,NO,NO,NO,-33.419408,-70.588778
SA183,2756,Metropolitano,C,C,ONGRID,NO,NO,NO,NO,NO,NO,-33.409782,-70.5674559
AM225,2757,Metropolitano,C,C,ONGRID,NO,NO,NO,NO,NO,NO,-33.4820391,-70.750683
SA503,2758,Metropolitano,C,C,ONGRID,NO,NO,NO,NO,NO,NO,-33.417778,-70.6061109
SA088,2759,Metropolitano,C,C,ONGRID,NO,NO,NO,NO,NO,NO,-33.4353,-70.65124
ZM391,2760,Metropolitano,C,C,ONGRID,NO,NO,NO,NO,NO,NO,-33.4389945,-70.654189
ZV047,1667,Centro,D,C,ONGRID,NO,NO,NO,NO,NO,,-33.5811111,-71.6127779
SA172,2761,Metropolitano,C,C,ONGRID,NO,NO,NO,NO,NO,NO,-33.423144,-70.6097361
ESTRM078,2762,Metropolitano,B2,nan,ONGRID,NO,NO,NO,NO,NO,NO,-33.452674,-70.682277
ZV045,1670,Centro,D,C,ONGRID,NO,NO,NO,NO,NO,,-33.022939,-71.5585882
ZM995,2763,Metropolitano,C,C,ONGRID,NO,NO,NO,NO,NO,NO,-33.452487,-70.5695782
RM433,2764,Metropolitano,C,C,ONGRID,NO,SI,NO,NO,NO,NO,-33.516972,-70.717306
ESTRM006,2765,Metropolitano,B2,nan,ONGRID,NO,NO,NO,NO,NO,NO,-33.61198,-70.575908
RS482,2766,Metropolitano,C,C,ONGRID,NO,SI,NO,NO,NO,NO,-33.6325,-70.7116669
ZV292,1676,Centro,D,C,ONGRID,NO,NO,NO,NO,NO,,-33.0463999,-71.6210169
VR501,1680,Centro,D,C,ONGRID,NO,NO,NO,NO,NO,,-32.5983505,-71.2464743
RS442,2769,Metropolitano,C,C,ONGRID,NO,NO,NO,NO,NO,NO,-33.357561,-70.5154388
ZM957,2770,Metropolitano,C,C,ONGRID,NO,NO,NO,NO,NO,NO,-33.51,-70.7577778
SA791,2771,Metropolitano,C,C+,ONGRID,NO,SI,NO,NO,NO,NO,-33.3706139,-70.50645
ONURM137,2772,Metropolitano,B1,nan,ONGRID,NO,SI,SI,SI,NO,NO,-33.37074,-70.50632
SA171,2773,Metropolitano,B1,C,ONGRID,NO,NO,SI,SI,NO,NO,-33.575242,-70.553283
AM157,2775,Metropolitano,C,C,ONGRID,NO,NO,NO,NO,NO,NO,-33.35673,-70.54015
SA029,2776,Metropolitano,D,C,ONGRID,NO,SI,NO,NO,NO,NO,-33.396414,-70.571939
SA591,2777,Metropolitano,D,C,ONGRID,NO,NO,NO,NO,NO,NO,-33.387522,-70.575629
ONURM027,2778,Metropolitano,B1,nan,ONGRID,NO,NO,NO,NO,NO,NO,-33.427093,-70.564063
RM895,2779,Metropolitano,D,C,ONGRID,NO,NO,NO,NO,NO,NO,-33.418354,-70.639244
SA125,2780,Metropolitano,D,C,ONGRID,NO,NO,NO,NO,NO,NO,-33.427463,-70.618225
ESTVA040,1699,Centro,B2,nan,ONGRID,NO,SI,NO,NO,NO,,-33.010338,-71.548551
ONURM046,2781,Metropolitano,B1,nan,ONGRID,NO,NO,NO,NO,NO,NO,-33.4292,-70.620206
RS558,2782,Metropolitano,D,C,ONGRID,NO,NO,NO,NO,NO,NO,-33.601925,-70.89214
RS295,2783,Metropolitano,D,C,ONGRID,NO,NO,NO,NO,NO,NO,-33.470658,-70.722094
SA528,2784,Metropolitano,D,C,ONGRID,NO,NO,NO,NO,NO,NO,-33.392244,-70.592019
SA021,2785,Metropolitano,C,C,ONGRID,NO,SI,NO,NO,NO,NO,-33.433296,-70.652672
RM319,2786,Metropolitano,D,C,ONGRID,NO,NO,NO,NO,NO,NO,-33.432625,-70.608389
RM320,2787,Metropolitano,D,C,ONGRID,NO,NO,NO,NO,NO,NO,-33.418222,-70.571694
RS027,2788,Metropolitano,D,C,ONGRID,NO,NO,NO,NO,NO,NO,-33.444825,-70.642162
RM894,2789,Metropolitano,D,C,ONGRID,NO,NO,NO,NO,NO,NO,-33.391984,-70.63434
ZM208,2790,Metropolitano,D,C,ONGRID,NO,NO,NO,NO,NO,NO,-33.609278,-70.898139
RS020,2791,Metropolitano,D,C,ONGRID,NO,NO,NO,NO,NO,NO,-33.438556,-70.628639
SA817,2792,Metropolitano,C,C,ONGRID,NO,NO,NO,NO,NO,NO,-33.519275,-71.110769
RM822,2793,Metropolitano,D,C,ONGRID,NO,NO,NO,NO,NO,NO,-33.411122,-70.565741
RM315,2794,Metropolitano,C,C,ONGRID,NO,SI,NO,NO,NO,NO,-33.508704,-70.702487
RS451,1722,Metropolitano,D,C,ONGRID,NO,NO,NO,NO,NO,,-33.405083,-70.5753669
RM065,1724,Metropolitano,D,C,ONGRID,NO,NO,NO,NO,NO,,-33.432417,-70.6571392
RM339,2795,Metropolitano,D,C,ONGRID,NO,NO,NO,NO,NO,NO,-33.419722,-70.5986111
RS369,2796,Metropolitano,D,C,ONGRID,NO,NO,NO,NO,NO,NO,-33.486351,-70.55911
RM988,2797,Metropolitano,D,C,ONGRID,NO,NO,NO,NO,NO,NO,-33.492973,-70.550035
RM321,2798,Metropolitano,D,C,ONGRID,NO,NO,NO,NO,NO,NO,-33.611306,-70.636947
RS032,1730,Metropolitano,D,C,ONGRID,NO,NO,NO,NO,NO,,-33.443583,-70.646306
RS294,2799,Metropolitano,D,C,ONGRID,NO,NO,NO,NO,NO,NO,-33.457536,-70.731569
SA158,2800,Metropolitano,D,C,ONGRID,NO,NO,NO,NO,NO,NO,-33.431956,-70.584333
RS086,2801,Metropolitano,D,C,ONGRID,NO,NO,NO,NO,NO,NO,-33.424722,-70.582889
RM783,1739,Metropolitano,D,C,ONGRID,NO,NO,NO,NO,NO,,-33.420278,-70.582
ONURM026,2802,Metropolitano,B1,nan,ONGRID,NO,NO,NO,NO,NO,NO,-33.42054,-70.571667
RM877,2804,Metropolitano,D,C,ONGRID,NO,NO,NO,NO,NO,NO,-33.438222,-70.557472
SA278,2805,Metropolitano,D,C,ONGRID,NO,NO,NO,NO,NO,NO,-33.441409,-70.650078
RM816,2806,Metropolitano,D,C,ONGRID,NO,NO,NO,NO,NO,NO,-33.380685,-70.567987
RM465,2810,Metropolitano,D,C,ONGRID,NO,NO,NO,NO,NO,NO,-33.458139,-70.706528
SA702,2811,Metropolitano,D,C,ONGRID,NO,NO,NO,NO,NO,NO,-33.443909,-70.652301
RM475,2814,Metropolitano,D,C,ONGRID,NO,NO,NO,NO,NO,NO,-33.408361,-70.568278
RM205,2821,Metropolitano,D,C,ONGRID,NO,NO,NO,NO,NO,NO,-33.192244,-70.672573
RM208,2822,Metropolitano,D,C,ONGRID,NO,NO,NO,NO,NO,NO,-33.445851,-70.763418
SA470,2823,Metropolitano,D,C,ONGRID,NO,NO,NO,NO,NO,NO,-33.424686,-70.546274
RS476,2824,Metropolitano,D,C,ONGRID,NO,NO,NO,NO,NO,NO,-33.432839,-70.614612
RM416,2825,Metropolitano,D,C,ONGRID,NO,NO,NO,NO,NO,NO,-33.3832222,-70.5921667
RS547,2826,Metropolitano,D,C,ONGRID,NO,NO,NO,NO,NO,NO,-33.406389,-70.6780558
RS858,2827,Metropolitano,D,C,ONGRID,NO,NO,NO,NO,NO,NO,-33.4527778,-70.7394445
RS859,2828,Metropolitano,D,C,ONGRID,NO,NO,NO,NO,NO,NO,-33.49,-70.7530554
RS491,2829,Metropolitano,D,C,ONGRID,NO,NO,NO,NO,NO,NO,-33.4116886,-70.5584066
RS490,2830,Metropolitano,D,C,ONGRID,SI,NO,NO,NO,NO,NO,-33.4093082,-70.5690605
RM515,2833,Metropolitano,D,C,ONGRID,NO,NO,NO,NO,NO,NO,-33.502616,-70.7561578
RM176,2835,Metropolitano,D,C,ONGRID,NO,NO,NO,NO,NO,NO,-33.439,-70.6461
RM228,2839,Metropolitano,D,C,ONGRID,NO,NO,NO,NO,NO,NO,-33.696403,-70.853984
SA998,2840,Metropolitano,C,C,ONGRID,NO,NO,NO,NO,NO,NO,-33.509797,-70.6084031
SA719,2841,Metropolitano,C,C,ONGRID,NO,NO,NO,NO,NO,NO,-33.3661112,-70.6777779
RM578,2842,Metropolitano,C,C,ONGRID,NO,NO,NO,NO,NO,NO,-33.595353,-70.7066061
RS494,2843,Metropolitano,D,C,ONGRID,NO,NO,NO,NO,NO,NO,-33.4447412,-70.709526
RS493,2844,Metropolitano,D,C,ONGRID,SI,NO,NO,NO,NO,NO,-33.4411303,-70.6931363
RS495,2845,Metropolitano,D,C,ONGRID,NO,NO,NO,NO,NO,NO,-33.4466854,-70.7181376
RS496,2846,Metropolitano,D,C,ONGRID,NO,NO,NO,NO,NO,NO,-33.447796,-70.742861
RM149,2850,Metropolitano,D,C,ONGRID,NO,NO,NO,NO,NO,NO,-33.436647,-70.6706
RS262,2851,Metropolitano,D,C,ONGRID,NO,NO,NO,NO,NO,NO,-33.4469643,-70.6534121
RM182,2852,Metropolitano,D,C,ONGRID,NO,NO,NO,NO,NO,NO,-33.433978,-70.626472
RM376,2853,Metropolitano,D,C,ONGRID,NO,NO,NO,NO,NO,NO,-33.413806,-70.5843061
RM229,2854,Metropolitano,D,C,ONGRID,NO,NO,NO,NO,NO,NO,-33.663068,-70.92982
RM227,2856,Metropolitano,D,C,ONGRID,NO,NO,NO,NO,NO,NO,-33.775014,-70.795095
SA471,2859,Metropolitano,C,C,ONGRID,NO,NO,NO,NO,NO,NO,-33.4025217,-70.5784072
ZM440,1781,Metropolitano,D,C,ONGRID,NO,NO,NO,NO,NO,,-33.4627319,-70.6612478
SA831,2860,Metropolitano,C,C,ONGRID,NO,NO,NO,NO,NO,NO,-33.3936331,-70.5731288
SA438,2862,Metropolitano,C,C,ONGRID,NO,NO,NO,NO,NO,NO,-33.4419811,-70.6413035
SA352,2863,Metropolitano,D,C,ONGRID,NO,NO,NO,NO,NO,NO,-33.4158547,-70.5936863
SA857,2864,Metropolitano,D,C,ONGRID,NO,NO,NO,NO,NO,NO,-33.3694676,-70.51257
SA738,2866,Metropolitano,D,C,ONGRID,NO,NO,NO,NO,NO,NO,-33.454123,-70.686617
SA494,2867,Metropolitano,D,C,ONGRID,NO,NO,NO,NO,NO,NO,-33.4306,-70.6573001
RM529,2868,Metropolitano,D,C,ONGRID,NO,NO,NO,NO,NO,NO,-33.4387,-70.6512578
RM530,2869,Metropolitano,D,C,ONGRID,NO,NO,NO,NO,NO,NO,-33.4422423,-70.6489675
RM531,2870,Metropolitano,D,C,ONGRID,NO,NO,NO,NO,NO,NO,-33.439061,-70.6493941
RM301,2872,Metropolitano,D,C,ONGRID,NO,NO,NO,NO,NO,NO,-33.418797,-70.567264
ONURM063,2874,Metropolitano,B1,nan,ONGRID,NO,NO,NO,NO,NO,NO,-33.359101,-70.685371
SA341,2875,Metropolitano,D,C,ONGRID,NO,NO,NO,NO,NO,NO,-33.679278,-71.212056
RM030,2876,Metropolitano,D,C,ONGRID,NO,NO,NO,NO,NO,NO,-33.68223,-71.196778
RM342,2877,Metropolitano,C,C,ONGRID,NO,NO,NO,NO,NO,NO,-33.663919,-71.269861
SA477,2878,Metropolitano,B2,C,ONGRID,NO,NO,NO,NO,NO,NO,-33.713003,-70.340856
SA407,2879,Metropolitano,D,C,ONGRID,NO,NO,NO,NO,NO,NO,-33.434311,-70.651767
SA103,2880,Metropolitano,D,C,ONGRID,NO,NO,NO,NO,NO,NO,-33.437527,-70.647296
ZM922,2881,Metropolitano,D,C,ONGRID,NO,NO,NO,NO,NO,NO,-33.683639,-71.225667
SA798,2882,Metropolitano,D,C,ONGRID,NO,NO,NO,NO,NO,NO,-33.439333,-70.649
SA281,2883,Metropolitano,D,C,ONGRID,NO,NO,NO,NO,NO,NO,-33.4322436,-70.5847975
SA275,2884,Metropolitano,D,C,ONGRID,NO,NO,NO,NO,NO,NO,-33.426667,-70.5911109
SA316,2885,Metropolitano,D,C,ONGRID,NO,NO,NO,NO,NO,NO,-33.6100198,-70.5759127
RM438,2886,Metropolitano,D,C,ONGRID,NO,NO,NO,NO,NO,NO,-33.4769194,-70.6504047
RM444,2887,Metropolitano,D,C,ONGRID,NO,NO,NO,NO,NO,NO,-33.5166888,-70.6584042
RM441,2888,Metropolitano,D,C,ONGRID,NO,NO,NO,NO,NO,NO,-33.488984,-70.651267
ZM196,2890,Metropolitano,D,C,ONGRID,NO,NO,NO,NO,NO,NO,-33.542583,-70.6305
SA267,2893,Metropolitano,D,C,ONGRID,NO,NO,NO,NO,NO,NO,-33.436898,-70.61964
RM318,2894,Metropolitano,D,C,ONGRID,NO,NO,NO,NO,NO,NO,-33.462111,-70.628419
SA818,2895,Metropolitano,D,C,ONGRID,NO,NO,NO,NO,NO,NO,-33.47619,-70.651468
RS069,2896,Metropolitano,D,C,ONGRID,NO,NO,NO,NO,NO,NO,-33.342519,-70.553142
RM826,2897,Metropolitano,D,C,ONGRID,NO,NO,NO,NO,NO,NO,-33.370778,-70.571386
RM502,2899,Metropolitano,D,C,ONGRID,NO,SI,NO,NO,NO,NO,-34.0431,-70.9951
AM086,2900,Metropolitano,D,C,ONGRID,NO,NO,NO,NO,NO,NO,-33.4065249,-70.5726501
RS287,2901,Metropolitano,D,C,ONGRID,NO,NO,NO,NO,NO,NO,-33.428611,-70.785
RM901,2903,Metropolitano,D,C,ONGRID,NO,NO,NO,NO,NO,NO,-33.436655,-70.648415
RM846,2904,Metropolitano,D,C,ONGRID,NO,NO,NO,NO,NO,NO,-33.410808,-70.5356
ZM595,2905,Metropolitano,D,C,ONGRID,NO,NO,NO,NO,NO,NO,-33.311256,-70.71505
SA674,2906,Metropolitano,B2,C,ONGRID,NO,SI,NO,NO,NO,NO,-33.508583,-70.614861
RS036,2907,Metropolitano,D,C,ONGRID,NO,NO,NO,NO,NO,NO,-33.44002,-70.65369
ZM006,1828,Metropolitano,D,C,ONGRID,NO,NO,NO,NO,NO,,-33.533722,-70.649833
RS031,2908,Metropolitano,D,C,ONGRID,NO,NO,NO,NO,NO,NO,-33.444659,-70.652039
RS397,2910,Metropolitano,D,C,ONGRID,NO,NO,NO,NO,NO,NO,-33.220833,-70.648056
RM304,2911,Metropolitano,D,C,ONGRID,NO,NO,NO,NO,NO,NO,-33.436097,-70.644615
RM064,2912,Metropolitano,B2,C,ONGRID,NO,SI,NO,NO,NO,NO,-33.462693,-70.6616169
RS097,2913,Metropolitano,D,C,ONGRID,NO,NO,NO,NO,NO,NO,-33.478056,-70.543333
RS553,2915,Metropolitano,D,C,ONGRID,NO,NO,NO,NO,NO,NO,-33.4566667,-70.7005555
ZM756,2916,Metropolitano,D,C,ONGRID,NO,NO,NO,NO,NO,NO,-33.381694,-70.682083
SA452,1836,Metropolitano,C,C,ONGRID,NO,SI,NO,NO,NO,,-33.503493,-70.639411
RM811,2917,Metropolitano,D,C,ONGRID,NO,NO,NO,NO,NO,NO,-33.393611,-70.596667
RM821,2918,Metropolitano,D,C,ONGRID,NO,NO,NO,NO,NO,NO,-33.406756,-70.566167
ESTRM042,2919,Metropolitano,B2,nan,ONGRID,NO,NO,NO,NO,NO,NO,-33.202176,-70.674308
RS030,2920,Metropolitano,D,C,ONGRID,NO,NO,NO,NO,NO,NO,-33.44752,-70.653135
RM152,1841,Metropolitano,D,C,ONGRID,NO,NO,NO,NO,NO,,-33.472306,-70.611222
ZM398,2921,Metropolitano,D,C,ONGRID,NO,NO,NO,NO,NO,NO,-33.4419139,-70.6502139
SA615,2922,Metropolitano,C,C,ONGRID,NO,NO,NO,NO,NO,NO,-33.442792,-70.714881
ZM507,2923,Metropolitano,D,C,ONGRID,NO,NO,NO,NO,NO,NO,-33.353669,-70.504586
SA613,2924,Metropolitano,D,C,ONGRID,NO,NO,NO,NO,NO,NO,-33.637506,-70.711811
RS148,2925,Metropolitano,C,C,ONGRID,NO,NO,NO,NO,NO,NO,-33.399461,-70.856477
FN705,2926,Metropolitano,C,C,ONGRID,NO,NO,NO,NO,NO,NO,-33.373631,-70.833089
ONURM113,2927,Metropolitano,B1,nan,ONGRID,NO,NO,NO,NO,NO,NO,-33.468191,-70.637961
SA743,2928,Metropolitano,D,C,ONGRID,NO,NO,NO,NO,NO,NO,-33.399918,-70.566473
ZM983,2929,Metropolitano,D,C,ONGRID,NO,NO,NO,NO,NO,NO,-33.334828,-70.287221
AM605,2930,Metropolitano,D,C,ONGRID,NO,NO,NO,NO,NO,NO,-33.4044219,-70.5722141
ESTRM014,2931,Metropolitano,B2,nan,ONGRID,NO,NO,NO,NO,NO,NO,-33.425717,-70.613993
RS501,2932,Metropolitano,D,C,ONGRID,NO,NO,NO,NO,NO,NO,-33.718667,-70.742
ESTRM068,2933,Metropolitano,B2,nan,ONGRID,NO,NO,NO,NO,NO,NO,-33.452589,-70.605149
ESTRM056,2934,Metropolitano,B2,nan,ONGRID,NO,NO,NO,NO,NO,NO,-33.452589,-70.605149
ESTRM057,2935,Metropolitano,B1,nan,ONGRID,SI,NO,NO,NO,NO,NO,-33.452589,-70.605149
RM340,1862,Metropolitano,D,C,ONGRID,NO,NO,NO,NO,NO,,-33.44353,-70.64952
RS463,1863,Metropolitano,D,C,ONGRID,NO,NO,NO,NO,NO,,-33.4435754,-70.6561344
AM180,1864,Metropolitano,D,C,ONGRID,NO,NO,NO,NO,NO,,-33.4457352,-70.6514704
ZM773,2937,Metropolitano,D,C,ONGRID,NO,NO,NO,NO,NO,NO,-33.435125,-70.628118
ZM318,1867,Metropolitano,D,C,ONGRID,NO,NO,NO,NO,NO,,-33.416231,-70.5940718
SA827,2938,Metropolitano,D,C,ONGRID,NO,NO,NO,NO,NO,NO,-33.461528,-70.621389
ZM319,1870,Metropolitano,D,C,ONGRID,NO,NO,NO,NO,NO,,-33.4142891,-70.5935531
ZM810,2940,Metropolitano,D,C,ONGRID,NO,NO,NO,NO,NO,NO,-33.377222,-70.755278
RS066,2941,Metropolitano,D,C,ONGRID,NO,NO,NO,NO,NO,NO,-33.421111,-70.649944
ZM867,2942,Metropolitano,D,C,ONGRID,NO,NO,NO,NO,NO,NO,-33.411484,-70.577875
RS393,2943,Metropolitano,D,C,ONGRID,NO,NO,NO,NO,NO,NO,-33.432361,-70.527
ONURM082,2945,Metropolitano,B1,nan,ONGRID,NO,SI,NO,NO,NO,NO,-33.438408,-70.529848
ZM961,2946,Metropolitano,D,C,ONGRID,NO,NO,NO,NO,NO,NO,-33.5538889,-70.6747223
RM885,2947,Metropolitano,D,C,ONGRID,NO,SI,NO,NO,NO,NO,-33.467028,-70.558647
RM468,2948,Metropolitano,D,C,ONGRID,NO,NO,NO,NO,NO,NO,-33.483,-70.752639
ONURM066,2949,Metropolitano,B1,nan,ONGRID,NO,NO,NO,NO,NO,NO,-33.481598,-70.749145
ZM203,2950,Metropolitano,D,C,ONGRID,NO,NO,NO,NO,NO,NO,-33.4205389,-70.6143805
SA530,2952,Metropolitano,B1,C,ONGRID,NO,SI,NO,SI,NO,NO,-33.566194,-70.809633
RM841,2953,Metropolitano,D,C,ONGRID,NO,NO,NO,NO,NO,NO,-33.390278,-70.541694
SA754,2954,Metropolitano,D,C,ONGRID,NO,NO,NO,NO,NO,NO,-33.389528,-70.548944
RS875,2955,Metropolitano,D,C,ONGRID,NO,NO,NO,NO,NO,NO,-33.600739,-70.682339
RS028,2956,Metropolitano,D,C,ONGRID,NO,NO,NO,NO,NO,NO,-33.445576,-70.647579
RM779,2957,Metropolitano,D,C,ONGRID,NO,NO,NO,NO,NO,NO,-33.387222,-70.594167
RS291,2958,Metropolitano,D,C,ONGRID,NO,NO,NO,NO,NO,NO,-33.427806,-70.713417
RS619,2959,Metropolitano,D,C,ONGRID,NO,NO,NO,NO,NO,NO,-33.781361,-70.658222
SA046,2960,Metropolitano,B1,C,ONGRID,NO,NO,NO,SI,NO,NO,-33.47883,-70.741633
ZM446,2961,Metropolitano,D,C,ONGRID,NO,NO,NO,NO,NO,NO,-33.469036,-70.728861
SA664,2962,Metropolitano,D,C,ONGRID,NO,NO,NO,NO,NO,NO,-33.502825,-70.742553
SA670,2963,Metropolitano,D,C,ONGRID,NO,NO,NO,NO,NO,NO,-33.465499,-70.722251
ZM499,2964,Metropolitano,C,C,ONGRID,NO,NO,NO,NO,NO,NO,-33.4430555,-70.6538888
ONURM125,2965,Metropolitano,B1,nan,ONGRID,NO,SI,NO,NO,NO,NO,-33.446941,-70.556134
SA035,2966,Metropolitano,D,C,ONGRID,NO,NO,NO,NO,NO,NO,-33.402461,-70.684896
SA792,2967,Metropolitano,C,C,ONGRID,NO,SI,NO,NO,NO,NO,-33.251714,-70.750678
ONURM016,2968,Metropolitano,B1,nan,ONGRID,NO,NO,NO,NO,NO,NO,-33.391644,-70.689022
RM427,2969,Metropolitano,D,C,ONGRID,NO,NO,NO,NO,NO,NO,-33.389917,-70.688972
ZM512,2971,Metropolitano,D,C,ONGRID,NO,NO,NO,NO,NO,NO,-33.332553,-70.520111
SA081,2972,Metropolitano,C,C,ONGRID,NO,NO,NO,NO,NO,NO,-33.4027411,-70.5784989
RM153,2973,Metropolitano,D,C,ONGRID,NO,NO,NO,NO,NO,NO,-33.516131,-70.609244
SA552,2974,Metropolitano,D,C,ONGRID,NO,NO,NO,NO,NO,NO,-33.440306,-70.626278
RM593,2975,Metropolitano,D,C,ONGRID,NO,NO,NO,NO,NO,NO,-33.55654,-70.72352
SA133,1913,Metropolitano,B2,C+,ONGRID,NO,NO,NO,NO,NO,,-33.554843,-70.7941771
SA206,2976,Metropolitano,C,C,ONGRID,NO,SI,NO,NO,NO,NO,-33.550647,-70.645828
SA688,2977,Metropolitano,C,C,ONGRID,NO,NO,NO,NO,NO,NO,-33.540297,-70.634803
SA602,2978,Metropolitano,D,C,ONGRID,NO,NO,NO,NO,NO,NO,-33.432367,-70.668979
SA634,2979,Metropolitano,C,C,ONGRID,NO,SI,NO,NO,NO,NO,-33.461411,-70.527573
SA023,2980,Metropolitano,C,C,ONGRID,NO,SI,NO,NO,NO,NO,-33.471106,-70.655136
ZM535,2981,Metropolitano,D,C,ONGRID,NO,NO,NO,NO,NO,NO,-33.508944,-70.684611
SA430,2982,Metropolitano,C,C,ONGRID,NO,NO,NO,NO,NO,NO,-33.504808,-70.536025
RS279,1921,Metropolitano,D,C,ONGRID,NO,NO,NO,NO,NO,,-33.4167624,-70.5979085
SA207,2983,Metropolitano,D,C,ONGRID,NO,NO,NO,NO,NO,NO,-33.387194,-70.657778
RM635,2984,Metropolitano,D,C,ONGRID,NO,NO,NO,NO,NO,NO,-33.564151,-70.782398
ZM388,2985,Metropolitano,D,C,ONGRID,NO,NO,NO,NO,NO,NO,-33.4133583,-70.6060332
SA054,2987,Metropolitano,D,C,ONGRID,NO,NO,NO,NO,NO,NO,-33.4395,-70.6512
ZM962,2989,Metropolitano,D,C,ONGRID,NO,NO,NO,NO,NO,NO,-33.4419001,-70.6515001
ZM839,2990,Metropolitano,D,C,ONGRID,NO,NO,NO,NO,NO,NO,-33.431305,-70.646166
RM805,2991,Metropolitano,D,C,ONGRID,NO,NO,NO,NO,NO,NO,-33.406132,-70.596186
ONURM077,2992,Metropolitano,B1,nan,ONGRID,NO,NO,NO,NO,NO,NO,-33.406009,-70.596633
ONURM029,2993,Metropolitano,B1,nan,ONGRID,NO,SI,NO,NO,NO,NO,-33.403032,-70.539283
ONURM043,2994,Metropolitano,B1,nan,ONGRID,NO,SI,NO,NO,NO,NO,-33.385925,-70.531335
RS408,2995,Metropolitano,D,C,ONGRID,NO,NO,NO,NO,NO,NO,-33.506667,-70.718056
ZM092,2996,Metropolitano,D,C,ONGRID,NO,NO,NO,NO,NO,NO,-33.456916,-70.605583
SA777,2997,Metropolitano,D,C,ONGRID,NO,NO,NO,NO,NO,NO,-33.426819,-70.612625
SA156,2998,Metropolitano,C,C,ONGRID,NO,NO,NO,NO,NO,NO,-33.415972,-70.615083
SA834,2999,Metropolitano,D,C,ONGRID,NO,NO,NO,NO,NO,NO,-33.444606,-70.602403
SA554,3000,Metropolitano,D,C,ONGRID,NO,NO,NO,NO,NO,NO,-33.340453,-70.674381
RM493,3001,Metropolitano,D,C,ONGRID,NO,NO,NO,NO,NO,NO,-33.348076,-70.670077
SA821,3002,Metropolitano,D,C,ONGRID,NO,NO,NO,NO,NO,NO,-33.468075,-70.645079
SA845,3003,Metropolitano,D,C,ONGRID,NO,NO,NO,NO,NO,NO,-33.454,-70.588569
SA920,3004,Metropolitano,B2,C,ONGRID,NO,NO,NO,NO,NO,NO,-33.175326,-70.653137
ESTRM074,3005,Metropolitano,B1,nan,ONGRID,NO,SI,NO,SI,NO,NO,-33.611252,-70.901786
SA372,3006,Metropolitano,D,C,ONGRID,NO,NO,NO,NO,NO,NO,-33.5015094,-70.5503583
ONURM105,3007,Metropolitano,B1,nan,ONGRID,NO,SI,NO,NO,NO,NO,-33.441127,-70.534059
RM926,3008,Metropolitano,D,C,ONGRID,NO,NO,NO,NO,NO,NO,-33.473632,-70.575353
SA618,3009,Metropolitano,D,C,ONGRID,NO,NO,NO,NO,NO,NO,-33.353822,-70.755017
SA737,3010,Metropolitano,C,C,ONGRID,NO,NO,NO,NO,NO,NO,-33.604361,-70.876699
SA145,3011,Metropolitano,C,C,ONGRID,NO,NO,NO,NO,NO,NO,-33.6115,-70.9014
SA226,3012,Metropolitano,D,C,ONGRID,NO,NO,NO,NO,NO,NO,-33.483414,-70.546328
RM986,3013,Metropolitano,D,C,ONGRID,NO,NO,NO,NO,NO,NO,-33.461687,-70.618411
SA344,3014,Metropolitano,D,C,ONGRID,NO,NO,NO,NO,NO,NO,-33.276667,-70.626667
RS944,3015,Metropolitano,D,C,ONGRID,NO,NO,NO,NO,NO,NO,-33.505651,-70.606622
RM848,3016,Metropolitano,D,C,ONGRID,NO,NO,NO,NO,NO,NO,-33.423544,-70.553567
ZM717,3017,Metropolitano,D,C,ONGRID,NO,NO,NO,NO,NO,NO,-33.479556,-70.632167
FN701,3018,Metropolitano,C,C,ONGRID,NO,NO,NO,NO,NO,NO,-33.87625,-70.88725
SA653,3019,Metropolitano,D,C,ONGRID,NO,NO,NO,NO,NO,NO,-33.429407,-70.627392
SA701,3020,Metropolitano,D,C,ONGRID,NO,NO,NO,NO,NO,NO,-33.420256,-70.601769
SA631,1974,Metropolitano,C,C,ONGRID,NO,SI,NO,NO,NO,,-33.400014,-70.746417
RM168,3021,Metropolitano,D,C,ONGRID,NO,NO,NO,NO,NO,NO,-33.405389,-70.576306
SA177,3022,Metropolitano,C,C,ONGRID,NO,NO,NO,NO,NO,NO,-33.637028,-70.5765
SA428,3023,Metropolitano,D,C,ONGRID,NO,NO,NO,NO,NO,NO,-33.646389,-70.60075
SA473,3024,Metropolitano,C,C,ONGRID,NO,NO,NO,NO,NO,NO,-33.715522,-70.566425
SA541,3025,Metropolitano,D,C,ONGRID,NO,NO,NO,NO,NO,NO,-33.669056,-70.584111
RM981,3026,Metropolitano,D,C,ONGRID,NO,NO,NO,NO,NO,NO,-33.4715,-70.591306
SA153,3027,Metropolitano,D,C,ONGRID,NO,SI,NO,NO,NO,NO,-33.438877,-70.664482
ZM136,3028,Metropolitano,D,C,ONGRID,NO,NO,NO,NO,NO,NO,-33.415139,-70.659778
SA980,3029,Metropolitano,D,C,ONGRID,NO,NO,NO,NO,NO,NO,-33.443631,-70.6542451
RM293,3030,Metropolitano,D,C,ONGRID,NO,NO,NO,NO,NO,NO,-33.4451389,-70.6553334
SA164,3031,Metropolitano,D,C,ONGRID,NO,NO,NO,NO,NO,NO,-33.453833,-70.569389
SA124,3032,Metropolitano,D,C,ONGRID,NO,NO,NO,NO,NO,NO,-33.440163,-70.532952
SA157,3033,Metropolitano,D,C,ONGRID,NO,NO,NO,NO,NO,NO,-33.41695,-70.595859
SA086,3034,Metropolitano,D,C,ONGRID,NO,NO,NO,NO,NO,NO,-33.452708,-70.664904
SA084,3035,Metropolitano,C,C,ONGRID,NO,NO,NO,NO,NO,NO,-33.5152959,-70.7175839
ONURM078,3036,Metropolitano,B1,nan,ONGRID,NO,NO,NO,NO,NO,NO,-33.503516,-70.738391
SA082,3037,Metropolitano,C,C,ONGRID,NO,NO,NO,NO,NO,NO,-33.517639,-70.5981111
SA378,3038,Metropolitano,D,C,ONGRID,NO,SI,NO,NO,NO,NO,-33.440736,-70.675415
SA168,3039,Metropolitano,D,C,ONGRID,NO,NO,NO,NO,NO,NO,-33.4196,-70.6062
SA030,3040,Metropolitano,C,C,ONGRID,NO,NO,NO,NO,NO,NO,-33.726111,-71.001939
SA270,3041,Metropolitano,C,C,ONGRID,NO,NO,NO,NO,NO,NO,-33.434573,-70.598917
RM856,3042,Metropolitano,D,C,ONGRID,NO,NO,NO,NO,NO,NO,-33.433917,-70.595861
RM968,3043,Metropolitano,D,C,ONGRID,NO,NO,NO,NO,NO,NO,-33.580389,-70.652333
FN698,3044,Metropolitano,C,C,ONGRID,NO,NO,NO,NO,NO,NO,-33.166806,-70.886611
SA377,3045,Metropolitano,C,C,ONGRID,NO,NO,NO,NO,NO,NO,-33.660297,-71.146356
RM494,2004,Metropolitano,B2,C,ONGRID,NO,NO,NO,NO,NO,,-33.424175,-70.690828
ONURM012,3047,Metropolitano,B1,nan,ONGRID,NO,NO,NO,NO,NO,NO,-33.333155,-70.722087
SA155,3048,Metropolitano,D,C,ONGRID,NO,NO,NO,NO,NO,NO,-33.444091,-70.638005
ONURM056,3049,Metropolitano,B1,nan,ONGRID,NO,NO,NO,NO,NO,NO,-33.467909,-70.630393
RS394,3050,Metropolitano,D,C,ONGRID,NO,NO,NO,NO,NO,NO,-33.243086,-70.729556
SA261,3051,Metropolitano,D,C,ONGRID,NO,NO,NO,NO,NO,NO,-33.44896,-70.612506
RS060,3052,Metropolitano,D,C,ONGRID,NO,NO,NO,NO,NO,NO,-33.411778,-70.6785
RM799,3053,Metropolitano,D,C,ONGRID,NO,NO,NO,NO,NO,NO,-33.411917,-70.602
RS039,3054,Metropolitano,D,C,ONGRID,NO,NO,NO,NO,NO,NO,-33.428339,-70.658758
RM522,2018,Metropolitano,D,C,ONGRID,NO,NO,NO,NO,NO,,-33.426875,-70.6125751
RS355,3056,Metropolitano,D,C,ONGRID,NO,NO,NO,NO,NO,NO,-33.525583,-70.716139
RS064,3057,Metropolitano,D,C,ONGRID,NO,NO,NO,NO,NO,NO,-33.4195,-70.669583
ONURM079,3058,Metropolitano,B1,nan,ONGRID,NO,SI,NO,NO,NO,NO,-33.438995,-70.55633
ONURM080,3059,Metropolitano,B1,nan,ONGRID,NO,SI,NO,NO,NO,NO,-33.440365,-70.543193
ESTRM066,3060,Metropolitano,B1,nan,ONGRID,NO,SI,NO,NO,NO,NO,-33.389779,-70.794422
RM643,3061,Metropolitano,D,C,ONGRID,NO,NO,NO,NO,NO,NO,-33.433629,-70.785918
ZM984,2025,Metropolitano,D,C,ONGRID,NO,NO,NO,NO,NO,,-33.388056,-70.5677782
RS035,3062,Metropolitano,D,C,ONGRID,NO,NO,NO,NO,NO,NO,-33.436409,-70.65119
SA535,3063,Metropolitano,D,C,ONGRID,NO,NO,NO,NO,NO,NO,-33.623008,-70.5897
AM275,2030,Metropolitano,D,C,ONGRID,NO,NO,NO,NO,NO,,-33.36512,-70.51514
RS378,3064,Metropolitano,D,C,ONGRID,NO,NO,NO,NO,NO,NO,-33.574021,-70.558028
RM313,3065,Metropolitano,C,C,ONGRID,NO,NO,NO,NO,NO,NO,-33.447028,-70.783028
ZM921,3066,Metropolitano,D,C,ONGRID,NO,NO,NO,NO,NO,NO,-33.341407,-70.560837
SA279,3068,Metropolitano,D,C,ONGRID,NO,NO,NO,NO,NO,NO,-33.4441866,-70.6550789
RS368,3069,Metropolitano,D,C,ONGRID,NO,NO,NO,NO,NO,NO,-33.508381,-70.548535
RS375,3070,Metropolitano,D,C,ONGRID,NO,NO,NO,NO,NO,NO,-33.5142,-70.5429
SA375,3071,Metropolitano,D,C,ONGRID,NO,NO,NO,NO,NO,NO,-33.412528,-70.521972
RM323,3073,Metropolitano,D,C,ONGRID,NO,NO,NO,NO,NO,NO,-33.341408,-70.743414
SA146,3074,Metropolitano,C,C,ONGRID,NO,SI,SI,NO,NO,NO,-33.329404,-70.704618
RM599,3076,Metropolitano,D,C,ONGRID,NO,NO,NO,NO,NO,NO,-33.364083,-70.752194
RM598,3077,Metropolitano,D,C,ONGRID,NO,NO,NO,NO,NO,NO,-33.348611,-70.728611
RM597,3078,Metropolitano,D,C,ONGRID,NO,NO,NO,NO,NO,NO,-33.3475,-70.742194
ESTRM021,2046,Metropolitano,B2,C,ONGRID,NO,SI,NO,NO,NO,,-33.410306,-70.5984861
SA005,2046,Metropolitano,B1,C,ONGRID,NO,SI,NO,NO,NO,,-33.410306,-70.5984861
SA087,3079,Metropolitano,B2,C,ONGRID,NO,NO,NO,NO,NO,NO,-33.3575,-70.74
ZM447,3080,Metropolitano,D,C,ONGRID,NO,NO,NO,NO,NO,NO,-33.371944,-70.737222
ONURM085,3081,Metropolitano,B1,nan,ONGRID,NO,SI,NO,NO,NO,NO,-33.486023,-70.612325
ONURM086,3082,Metropolitano,B1,nan,ONGRID,NO,SI,NO,NO,NO,NO,-33.487136,-70.585871
ONURM117,3083,Metropolitano,B1,nan,ONGRID,NO,NO,NO,NO,NO,NO,-33.485424,-70.601461
SA917,3084,Metropolitano,D,C,ONGRID,NO,NO,NO,NO,NO,NO,-33.5109,-70.5654
RM143,3085,Metropolitano,D,C,ONGRID,NO,NO,NO,NO,NO,NO,-33.478222,-70.587139
ONURM098,3086,Metropolitano,B1,nan,ONGRID,NO,NO,NO,NO,NO,NO,-33.49752,-70.757376
RS342,3087,Metropolitano,D,C,ONGRID,NO,NO,NO,NO,NO,NO,-33.625723,-70.553583
RS077,3088,Metropolitano,C,C,ONGRID,NO,NO,NO,NO,NO,NO,-33.48032,-70.65148
RS146,3089,Metropolitano,C,C,ONGRID,NO,NO,NO,NO,NO,NO,-33.628083,-70.521417
SA913,3090,Metropolitano,D,C,ONGRID,NO,NO,NO,NO,NO,NO,-33.508056,-70.596389
SA405,3091,Metropolitano,D,C,ONGRID,NO,NO,NO,NO,NO,NO,-33.499417,-70.597083
ONURM022,3093,Metropolitano,B1,nan,ONGRID,NO,NO,NO,NO,NO,NO,-33.430185,-70.647316
RM562,3094,Metropolitano,D,C,ONGRID,NO,NO,NO,NO,NO,NO,-33.440039,-70.623981
RM302,3095,Metropolitano,D,C,ONGRID,NO,NO,NO,NO,NO,NO,-33.44391,-70.591742
ONURM097,3096,Metropolitano,B1,nan,ONGRID,NO,NO,NO,NO,NO,NO,-33.439874,-70.566573
SA711,2070,Metropolitano,D,C,ONGRID,NO,NO,NO,NO,NO,,-33.389247,-70.6110811
RS487,3097,Metropolitano,D,C,ONGRID,NO,NO,NO,NO,NO,NO,-33.351528,-70.662361
RM769,3098,Metropolitano,D,C,ONGRID,NO,NO,NO,NO,NO,NO,-33.416555,-70.586052
RS278,2074,Metropolitano,C,C,ONGRID,NO,NO,NO,NO,NO,,-33.431347,-70.6078029
SA678,3099,Metropolitano,C,C,ONGRID,NO,SI,NO,NO,NO,NO,-33.403864,-70.708939
SA661,3100,Metropolitano,D,C,ONGRID,NO,NO,NO,NO,NO,NO,-33.417203,-70.688256
RS943,3101,Metropolitano,D,C,ONGRID,NO,NO,NO,NO,NO,NO,-33.509972,-70.740833
ESTRM079,3102,Metropolitano,C,nan,ONGRID,NO,NO,NO,NO,NO,NO,-33.812566,-70.737597
ESTRM013,3103,Metropolitano,C,nan,ONGRID,NO,NO,NO,NO,NO,NO,-34.030763,-71.18272
SA094,3104,Metropolitano,D,C,ONGRID,NO,NO,NO,NO,NO,NO,-33.449685,-70.667674
RM902,3105,Metropolitano,D,C,ONGRID,NO,NO,NO,NO,NO,NO,-33.373333,-70.633111
RM718,3106,Metropolitano,D,C,ONGRID,NO,NO,NO,NO,NO,NO,-33.456389,-70.666389
SA642,3107,Metropolitano,D,C,ONGRID,NO,NO,NO,NO,NO,NO,-33.4230765,-70.6092426
SA584,3109,Metropolitano,B1,C,ONGRID,NO,NO,NO,SI,NO,NO,-33.604813,-70.859605
ZM523,3110,Metropolitano,D,C,ONGRID,NO,NO,NO,NO,NO,NO,-33.42875,-70.722278
RM634,3112,Metropolitano,D,C,ONGRID,NO,NO,NO,NO,NO,NO,-33.552587,-70.779634
RM647,3113,Metropolitano,D,C,ONGRID,NO,NO,NO,NO,NO,NO,-33.57879,-70.710699
RM311,3114,Metropolitano,D,C,ONGRID,NO,NO,NO,NO,NO,NO,-33.455714,-70.654633
RM883,3115,Metropolitano,C,C,ONGRID,NO,NO,NO,NO,NO,NO,-33.468472,-70.529903
RM945,3116,Metropolitano,D,C,ONGRID,NO,NO,NO,NO,NO,NO,-33.452111,-70.59625
SA424,3117,Metropolitano,D,C,ONGRID,NO,NO,NO,NO,NO,NO,-33.476436,-70.598158
ONURM076,3118,Metropolitano,B1,nan,ONGRID,NO,NO,NO,NO,NO,NO,-33.403956,-70.59946
RM101,3119,Metropolitano,B1,C+,ONGRID,NO,NO,SI,SI,NO,NO,-33.530457,-70.584833
ONURM092,3120,Metropolitano,B1,nan,ONGRID,NO,NO,NO,NO,NO,NO,-33.536002,-70.578722
ONURM090,3121,Metropolitano,B1,nan,ONGRID,NO,SI,NO,NO,NO,NO,-33.536117,-70.556403
RM608,3122,Metropolitano,C,C,ONGRID,NO,SI,NO,NO,NO,NO,-33.414722,-70.741944
RM861,3123,Metropolitano,D,C,ONGRID,NO,NO,NO,NO,NO,NO,-33.434167,-70.621667
RS292,3124,Metropolitano,D,C,ONGRID,NO,NO,NO,NO,NO,NO,-33.427778,-70.680556
RM721,3125,Metropolitano,D,C,ONGRID,NO,NO,NO,NO,NO,NO,-33.446056,-70.668917
ZM634,3126,Metropolitano,D,C,ONGRID,NO,NO,NO,NO,NO,NO,-33.435277,-70.649722
ONURM010,3127,Metropolitano,B1,nan,ONGRID,NO,NO,NO,NO,NO,NO,-33.585448,-70.698736
RM715,3128,Metropolitano,D,C,ONGRID,NO,NO,NO,NO,NO,NO,-33.435944,-70.677861
SA257,3129,Metropolitano,D,C,ONGRID,NO,NO,NO,NO,NO,NO,-33.418436,-70.555971
SA551,3130,Metropolitano,D,C,ONGRID,NO,NO,NO,NO,NO,NO,-33.470742,-70.5798
SA787,3131,Metropolitano,D,C,ONGRID,NO,NO,NO,NO,NO,NO,-33.391155,-70.571495
ZM496,3132,Metropolitano,D,C,ONGRID,NO,NO,NO,NO,NO,NO,-33.376586,-70.570047
RM569,3133,Metropolitano,D,C,ONGRID,NO,NO,NO,NO,NO,NO,-33.407275,-70.600061
RS103,2102,Metropolitano,D,C,ONGRID,NO,NO,NO,NO,NO,,-33.4400139,-70.6547585
SA927,3134,Metropolitano,D,C,ONGRID,NO,NO,NO,NO,NO,NO,-33.40944,-70.604167
SA433,3135,Metropolitano,D,C,ONGRID,NO,NO,NO,NO,NO,NO,-33.485769,-70.577325
RP320,3136,Metropolitano,D,nan,ONGRID,NO,NO,NO,NO,NO,NO,-33.523944,-70.71625
RP393,3137,Metropolitano,D,nan,ONGRID,NO,NO,NO,NO,NO,NO,-33.412833,-70.570139
RP407,3138,Metropolitano,D,nan,ONGRID,NO,NO,NO,NO,NO,NO,-33.375517,-70.653504
RP372,3139,Metropolitano,D,nan,ONGRID,NO,NO,NO,NO,NO,NO,-33.42536,-70.566466
RP374,3140,Metropolitano,D,nan,ONGRID,NO,NO,NO,NO,NO,NO,-33.401444,-70.515139
RP371,3141,Metropolitano,D,nan,ONGRID,NO,NO,NO,NO,NO,NO,-33.400889,-70.51625
RP361,3142,Metropolitano,D,nan,ONGRID,NO,NO,NO,NO,NO,NO,-33.448111,-70.652083
RP474,3143,Metropolitano,D,nan,ONGRID,NO,NO,NO,NO,NO,NO,-33.444669,-70.658594
RP375,3144,Metropolitano,D,nan,ONGRID,NO,NO,NO,NO,NO,NO,-33.388667,-70.750694
SA812,3146,Metropolitano,C,C,ONGRID,NO,SI,NO,NO,NO,NO,-32.982767,-70.858461
SA387,2121,Metropolitano,D,C,ONGRID,NO,NO,NO,NO,NO,,-33.420472,-70.6144438
AM073,2122,Metropolitano,D,C,ONGRID,NO,NO,NO,NO,NO,,-33.450543,-70.6759909
ZM334,2123,Metropolitano,D,C,ONGRID,NO,NO,NO,NO,NO,,-33.451917,-70.6485669
ZM171,3147,Metropolitano,D,C,ONGRID,NO,NO,NO,NO,NO,NO,-33.28025,-70.746361
SA072,3148,Metropolitano,B1,B+,ONGRID,SI,SI,NO,NO,NO,NO,-33.442551,-70.769158
ZM718,3149,Metropolitano,D,C,ONGRID,NO,NO,NO,NO,NO,NO,-33.653694,-71.3505
SA241,3150,Metropolitano,C,C,ONGRID,NO,NO,NO,NO,NO,NO,-32.995444,-70.691586
RM553,3151,Metropolitano,D,C,ONGRID,NO,NO,NO,NO,NO,NO,-33.603056,-71.203889
SA735,3152,Metropolitano,C,C,ONGRID,NO,NO,NO,NO,NO,NO,-33.8292,-71.3206
SA740,3153,Metropolitano,C,C,ONGRID,NO,NO,NO,NO,NO,NO,-33.737526,-70.933753
SA464,3154,Metropolitano,D,C,ONGRID,NO,NO,NO,NO,NO,NO,-33.4987,-70.6548
ONURM062,3155,Metropolitano,B1,nan,ONGRID,NO,NO,NO,NO,NO,NO,-33.418603,-70.67255
SA055,3156,Metropolitano,D,C,ONGRID,NO,SI,NO,NO,NO,NO,-33.432736,-70.625053
ONURM118,3157,Metropolitano,B1,nan,ONGRID,NO,NO,NO,NO,NO,NO,-33.514707,-70.690641
RM744,3158,Metropolitano,C,C,ONGRID,NO,SI,NO,NO,NO,NO,-33.4355,-70.626167
RS362,3159,Metropolitano,D,C,ONGRID,NO,NO,NO,NO,NO,NO,-33.558865,-70.70951
SA408,3160,Metropolitano,C,C,ONGRID,NO,NO,NO,NO,NO,NO,-33.465275,-70.673582
RS257,3161,Metropolitano,C,C,ONGRID,NO,NO,NO,NO,NO,NO,-33.763079,-70.29007
RS312,2144,Metropolitano,D,C,ONGRID,NO,NO,NO,NO,NO,,-33.570833,-70.6133329
RM716,2145,Metropolitano,D,C,ONGRID,NO,NO,NO,NO,NO,,-33.435639,-70.673056
SA277,3162,Metropolitano,D,C,ONGRID,NO,NO,NO,NO,NO,NO,-33.439742,-70.648412
SA162,3163,Metropolitano,D,C,ONGRID,NO,NO,NO,NO,NO,NO,-33.595056,-70.704083
ESTRM064,3164,Metropolitano,B1,nan,ONGRID,SI,SI,NO,NO,NO,NO,-33.593598,-70.700982
ZM448,3165,Metropolitano,D,C,ONGRID,NO,NO,NO,NO,NO,NO,-33.592361,-70.70775
SA724,3166,Metropolitano,D,C,ONGRID,NO,NO,NO,NO,NO,NO,-33.609833,-70.703775
RS466,3167,Metropolitano,D,C,ONGRID,NO,NO,NO,NO,NO,NO,-33.598917,-70.700639
RM738,3168,Metropolitano,C,C,ONGRID,NO,NO,NO,NO,NO,NO,-33.463806,-70.679083
SA873,3169,Metropolitano,C,C,ONGRID,NO,NO,NO,NO,NO,NO,-33.390393,-70.515186
RM401,3170,Metropolitano,D,C,ONGRID,NO,NO,NO,NO,NO,NO,-33.395139,-70.50075
RM402,3171,Metropolitano,D,C,ONGRID,NO,NO,NO,NO,NO,NO,-33.395023,-70.522571
ZM156,3172,Metropolitano,D,C,ONGRID,NO,NO,NO,NO,NO,NO,-33.393132,-70.503642
RM787,3173,Metropolitano,D,C,ONGRID,NO,NO,NO,NO,NO,NO,-33.419778,-70.594556
ONURM051,3174,Metropolitano,B1,nan,ONGRID,NO,SI,NO,NO,NO,NO,-33.42099,-70.640676
SA675,3175,Metropolitano,C,C,ONGRID,NO,SI,NO,NO,NO,NO,-33.459358,-70.651453
RS328,3176,Metropolitano,D,C,ONGRID,NO,NO,NO,NO,NO,NO,-33.565694,-70.718722
ONURM074,3177,Metropolitano,B1,nan,ONGRID,NO,NO,NO,NO,NO,NO,-33.390279,-70.559817
SA909,3178,Metropolitano,C,C,ONGRID,NO,SI,NO,NO,NO,NO,-33.520564,-70.644817
ZM632,3179,Metropolitano,C,C,ONGRID,NO,NO,NO,NO,NO,NO,-33.387992,-70.501244
RS314,3180,Metropolitano,D,C,ONGRID,NO,NO,NO,NO,NO,NO,-33.565556,-70.654222
RS258,3181,Metropolitano,D,C,ONGRID,NO,NO,NO,NO,NO,NO,-33.797503,-70.213086
SA200,2171,Metropolitano,B2,C,ONGRID,NO,NO,NO,NO,NO,,-33.427183,-70.7515689
SA629,2172,Metropolitano,D,C,ONGRID,NO,NO,NO,NO,NO,,-33.413374,-70.762206
RS380,3182,Metropolitano,B1,C,ONGRID,NO,NO,SI,SI,NO,NO,-33.548622,-70.569456
RM921,3183,Metropolitano,D,C,ONGRID,NO,NO,NO,NO,NO,NO,-33.378972,-70.494944
ESTRM010,3184,Metropolitano,B2,nan,ONGRID,NO,SI,NO,NO,NO,NO,-33.641943,-70.348087
RPL041,5744755,Austral,C,nan,ONGRID,NO,NO,NO,NO,NO,NO,-33.444408,-70.655922
RS255,3185,Metropolitano,D,C,ONGRID,NO,NO,NO,NO,NO,NO,-33.640553,-70.351792
SA881,3186,Metropolitano,B2,C,ONGRID,NO,SI,NO,NO,NO,NO,-33.632376,-70.333715
RS256,3187,Metropolitano,C,C,ONGRID,NO,NO,NO,NO,NO,NO,-33.672778,-70.363972
RS344,3188,Metropolitano,D,C,ONGRID,NO,NO,NO,NO,NO,NO,-33.592972,-70.540361
RM951,3189,Metropolitano,D,C,ONGRID,NO,NO,NO,NO,NO,NO,-33.638827,-70.687129
ZM576,3190,Metropolitano,D,C,ONGRID,NO,NO,NO,NO,NO,NO,-33.648039,-70.90387
ONURM058,3191,Metropolitano,B1,nan,ONGRID,NO,NO,NO,NO,NO,NO,-33.526449,-70.661351
ZM481,3192,Metropolitano,D,C,ONGRID,NO,NO,NO,NO,NO,NO,-33.525722,-70.761389
ZM782,3193,Metropolitano,D,C,ONGRID,NO,NO,NO,NO,NO,NO,-33.437194,-70.658307
RM638,3194,Metropolitano,C,C,ONGRID,NO,NO,NO,NO,NO,NO,-33.577778,-70.788278
ZM089,3195,Metropolitano,D,C,ONGRID,NO,NO,NO,NO,NO,NO,-33.500278,-70.643389
RM736,3196,Metropolitano,D,C,ONGRID,NO,NO,NO,NO,NO,NO,-33.433792,-70.661261
RM724,3197,Metropolitano,D,C,ONGRID,NO,NO,NO,NO,NO,NO,-33.433917,-70.665639
RS308,3198,Metropolitano,D,C,ONGRID,NO,NO,NO,NO,NO,NO,-33.440714,-70.8087
RM767,3199,Metropolitano,D,C,ONGRID,NO,NO,NO,NO,NO,NO,-33.417,-70.578833
SA198,2195,Metropolitano,D,C,ONGRID,NO,NO,NO,NO,NO,,-33.4427979,-70.6478562
RS265,2198,Metropolitano,D,C,ONGRID,NO,NO,NO,NO,NO,,-33.406514,-70.5768329
RS594,3200,Metropolitano,D,C,ONGRID,NO,NO,NO,NO,NO,NO,-33.623972,-70.623333
RS177,2202,Metropolitano,D,C,ONGRID,NO,NO,NO,NO,NO,,-33.4119661,-70.5800743
RS188,2203,Metropolitano,D,C,ONGRID,NO,NO,NO,NO,NO,,-33.4158333,-70.5916667
RS185,2204,Metropolitano,D,C,ONGRID,NO,NO,NO,NO,NO,,-33.416688,-70.5875749
RS210,2205,Metropolitano,D,C,ONGRID,NO,NO,NO,NO,NO,,-33.414656,-70.5833031
ZM692,3201,Metropolitano,D,C,ONGRID,NO,NO,NO,NO,NO,NO,-33.585611,-70.678443
RS211,2207,Metropolitano,D,C,ONGRID,NO,NO,NO,NO,NO,,-33.437242,-70.651417
ONURM103,3202,Metropolitano,B1,nan,ONGRID,NO,NO,NO,NO,NO,NO,-33.420918,-70.604516
RM796,3203,Metropolitano,D,C,ONGRID,NO,NO,NO,NO,NO,NO,-33.416389,-70.601944
RS132,3204,Metropolitano,D,C,ONGRID,NO,NO,NO,NO,NO,NO,-33.406689,-70.52896
AM425,3205,Metropolitano,D,C,ONGRID,NO,NO,NO,NO,NO,NO,-33.668778,-70.628361
RM893,3206,Metropolitano,D,C,ONGRID,NO,NO,NO,NO,NO,NO,-33.402506,-70.619836
RS881,3207,Metropolitano,D,C,ONGRID,NO,NO,NO,NO,NO,NO,-33.699444,-70.973333
ZM184,3208,Metropolitano,D,C,ONGRID,NO,NO,NO,NO,NO,NO,-33.525139,-70.691528
ONURM024,3209,Metropolitano,B1,nan,ONGRID,NO,NO,NO,NO,NO,NO,-33.261125,-70.707916
ZM501,3210,Metropolitano,D,C,ONGRID,NO,NO,NO,NO,NO,NO,-33.577917,-70.979806
ZM005,3211,Metropolitano,D,C,ONGRID,NO,NO,NO,NO,NO,NO,-33.458704,-70.63099
RS236,2218,Metropolitano,D,C,ONGRID,NO,NO,NO,NO,NO,,-33.414328,-70.603214
RPL022,5744756,Sur,C,nan,ONGRID,NO,NO,NO,NO,NO,NO,-33.444407,-70.655921
RS398,3212,Metropolitano,D,C,ONGRID,NO,NO,NO,NO,NO,NO,-33.210972,-70.653
RS402,3213,Metropolitano,D,C,ONGRID,NO,NO,NO,NO,NO,NO,-33.263806,-70.727028
SA079,3214,Metropolitano,D,C,ONGRID,NO,NO,NO,NO,NO,NO,-33.444386,-70.624017
RS029,3215,Metropolitano,D,C,ONGRID,NO,NO,NO,NO,NO,NO,-33.454726,-70.649683
RM457,3217,Metropolitano,D,C,ONGRID,NO,NO,NO,NO,NO,NO,-33.450917,-70.657667
RS215,2227,Metropolitano,D,C,ONGRID,NO,NO,NO,NO,NO,,-33.414617,-70.5942421
RS218,2228,Metropolitano,D,C,ONGRID,NO,NO,NO,NO,NO,,-33.399467,-70.576992
ONURM053,3218,Metropolitano,B1,nan,ONGRID,NO,NO,NO,NO,NO,NO,-33.448207,-70.635323
SA515,3219,Metropolitano,D,C,ONGRID,NO,NO,NO,NO,NO,NO,-33.536361,-70.5930559
RS176,2231,Metropolitano,D,C,ONGRID,NO,NO,NO,NO,NO,,-33.4381169,-70.6453582
RM645,3220,Metropolitano,C,C,ONGRID,NO,NO,NO,NO,NO,NO,-33.428194,-70.76975
RS304,3221,Metropolitano,D,C,ONGRID,NO,SI,NO,NO,NO,NO,-33.500722,-70.803694
AM408,2234,Metropolitano,D,C,ONGRID,NO,NO,NO,NO,NO,,-33.39612,-70.5980099
ZM456,3222,Metropolitano,D,C,ONGRID,NO,NO,NO,NO,NO,NO,-33.365694,-70.738388
RS205,2236,Metropolitano,D,C,ONGRID,NO,NO,NO,NO,NO,,-33.416306,-70.6056109
RS200,2237,Metropolitano,D,C,ONGRID,NO,NO,NO,NO,NO,,-33.4427978,-70.6511898
ZM120,3223,Metropolitano,D,C,ONGRID,NO,NO,NO,NO,NO,NO,-33.5375,-70.7007
RM431,3224,Metropolitano,D,C,ONGRID,NO,NO,NO,NO,NO,NO,-33.42375,-70.618806
RS225,2240,Metropolitano,D,C,ONGRID,NO,NO,NO,NO,NO,,-33.428472,-70.610936
SA160,3225,Metropolitano,D,C,ONGRID,NO,NO,NO,NO,NO,NO,-33.383018,-70.586277
RS297,3226,Metropolitano,D,C,ONGRID,NO,NO,NO,NO,NO,NO,-33.533778,-70.753806
RS964,3227,Metropolitano,D,C,ONGRID,NO,NO,NO,NO,NO,NO,-33.363805,-70.675583
SA896,3228,Metropolitano,D,C,ONGRID,NO,NO,NO,NO,NO,NO,-33.277246,-70.54368
SA908,3229,Metropolitano,D,C,ONGRID,NO,NO,NO,NO,NO,NO,-33.532225,-70.60305
RM140,3230,Metropolitano,D,C,ONGRID,NO,NO,NO,NO,NO,NO,-33.443056,-70.561917
FN699,3231,Metropolitano,C,C,ONGRID,NO,NO,NO,NO,NO,NO,-33.708861,-70.543389
SA095,3232,Metropolitano,C,C,ONGRID,NO,NO,NO,NO,NO,NO,-33.452561,-70.645211
SA925,2257,Metropolitano,D,C,ONGRID,NO,NO,NO,NO,NO,,-33.481444,-70.5362641
ZM862,3233,Metropolitano,D,C,ONGRID,NO,NO,NO,NO,NO,NO,-33.5525,-70.631417
ZM464,3234,Metropolitano,D,C,ONGRID,NO,NO,NO,NO,NO,NO,-33.533083,-70.635417
ZM500,3235,Metropolitano,D,C,ONGRID,NO,NO,NO,NO,NO,NO,-33.985342,-71.318711
SA188,3236,Metropolitano,D,C,ONGRID,NO,NO,NO,NO,NO,NO,-33.548298,-70.62934
RS511,3237,Metropolitano,D,C,ONGRID,NO,NO,NO,NO,NO,NO,-33.560258,-70.552142
ZM176,3238,Metropolitano,D,C,ONGRID,NO,NO,NO,NO,NO,NO,-33.494917,-70.637917
ONURM124,3239,Metropolitano,B1,nan,ONGRID,NO,NO,NO,NO,NO,NO,-33.497867,-70.63834
RS313,3240,Metropolitano,D,C,ONGRID,NO,NO,NO,NO,NO,NO,-33.566802,-70.634143
ZU297,68410390,Centro,B2,nan,ONGRID,NO,NO,NO,NO,NO,NO,-35.24058,-71.26388
RS137,3241,Metropolitano,B2,C,ONGRID,NO,NO,NO,NO,NO,NO,-33.597708,-70.771164
RM657,3242,Metropolitano,C,C,ONGRID,NO,NO,NO,NO,NO,NO,-33.586667,-71.055278
RM310,3243,Metropolitano,D,C,ONGRID,NO,NO,NO,NO,NO,NO,-33.446881,-70.635044
RS070,3244,Metropolitano,D,C,ONGRID,NO,NO,NO,NO,NO,NO,-33.419428,-70.534
SA169,3245,Metropolitano,D,C,ONGRID,NO,NO,NO,NO,NO,NO,-33.4436311,-70.6506339
ZM442,3246,Metropolitano,D,C,ONGRID,NO,NO,NO,NO,NO,NO,-33.445016,-70.6565621
ZM994,3247,Metropolitano,D,C,ONGRID,NO,NO,NO,NO,NO,NO,-33.4442671,-70.656439
RS015,3248,Metropolitano,D,C,ONGRID,NO,NO,NO,NO,NO,NO,-33.451694,-70.631361
ZM062,3249,Metropolitano,D,C,ONGRID,NO,NO,NO,NO,NO,NO,-33.5415,-70.622333
SA418,3250,Metropolitano,D,C,ONGRID,NO,NO,NO,NO,NO,NO,-33.612014,-70.577931
ESTRM054,3252,Metropolitano,B2,nan,ONGRID,NO,NO,NO,NO,NO,NO,-33.895091,-71.456378
RM404,3254,Metropolitano,D,C,ONGRID,NO,NO,NO,NO,NO,NO,-33.542304,-70.901096
RS075,3255,Metropolitano,D,C,ONGRID,NO,NO,NO,NO,NO,NO,-33.508336,-70.663611
RS016,3256,Metropolitano,D,C,ONGRID,NO,NO,NO,NO,NO,NO,-33.446315,-70.629813
ONURM136,3257,Metropolitano,B1,nan,ONGRID,NO,NO,NO,NO,NO,NO,-33.450741,-70.627769
SA476,3258,Metropolitano,D,C,ONGRID,NO,NO,NO,NO,NO,NO,-33.519117,-70.597233
RM372,3259,Metropolitano,D,C,ONGRID,NO,NO,NO,NO,NO,NO,-33.686406,-70.67592
SA265,3260,Metropolitano,D,C,ONGRID,NO,NO,NO,NO,NO,NO,-33.422147,-70.621197
ZM312,3261,Metropolitano,D,C,ONGRID,NO,NO,NO,NO,NO,NO,-33.352222,-70.5205501
ZM966,3262,Metropolitano,D,C,ONGRID,NO,NO,NO,NO,NO,NO,-33.4219889,-70.609123
AM120,3263,Metropolitano,D,C,ONGRID,NO,NO,NO,NO,NO,NO,-33.5111111,-70.7577779
ZM424,3265,Metropolitano,D,C,ONGRID,NO,NO,NO,NO,NO,NO,-33.4048278,-70.5677389
RS049,3266,Metropolitano,D,C,ONGRID,NO,NO,NO,NO,NO,NO,-33.456965,-70.635634
RM879,3267,Metropolitano,D,C,ONGRID,NO,NO,NO,NO,NO,NO,-33.440861,-70.542694
SA252,3268,Metropolitano,B1,C+,ONGRID,NO,NO,SI,SI,NO,NO,-33.447103,-70.56375
RS261,3269,Metropolitano,D,C,ONGRID,NO,NO,NO,NO,NO,NO,-33.450611,-70.592
ONURM119,3270,Metropolitano,B1,nan,ONGRID,NO,SI,NO,NO,NO,NO,-33.444045,-70.547381
AM178,3271,Metropolitano,D,C,ONGRID,NO,NO,NO,NO,NO,NO,-33.43712,-70.64093
SA038,3272,Metropolitano,D,C,ONGRID,NO,NO,NO,NO,NO,NO,-33.386083,-70.55875
ESTRM065,3274,Metropolitano,B2,nan,ONGRID,NO,NO,NO,NO,NO,NO,-33.399367,-70.684547
ESTRM062,3275,Metropolitano,B2,nan,ONGRID,NO,NO,NO,NO,NO,NO,-33.552587,-70.70012
RS465,3276,Metropolitano,D,C,ONGRID,NO,NO,NO,NO,NO,NO,-33.417244,-70.5886852
SA045,3277,Metropolitano,C,C,ONGRID,NO,NO,NO,NO,NO,NO,-33.576586,-70.577322
RS970,3278,Metropolitano,D,C,ONGRID,NO,NO,NO,NO,NO,NO,-33.582111,-70.580694
ONURM096,3279,Metropolitano,B1,nan,ONGRID,NO,NO,NO,NO,NO,NO,-33.486556,-70.653478
RM728,3280,Metropolitano,D,C,ONGRID,NO,NO,NO,NO,NO,NO,-33.441791,-70.667691
SA022,3281,Metropolitano,C,C,ONGRID,NO,NO,NO,NO,NO,NO,-33.438249,-70.635715
SA015,3282,Metropolitano,B2,C,ONGRID,NO,SI,NO,NO,NO,NO,-33.544767,-70.571989
RM833,3283,Metropolitano,D,C,ONGRID,NO,NO,NO,NO,NO,NO,-33.373778,-70.548361
ZM380,3285,Metropolitano,D,C,ONGRID,NO,NO,NO,NO,NO,NO,-33.4482528,-70.6658249
SA905,3286,Metropolitano,D,C,ONGRID,NO,NO,NO,NO,NO,NO,-33.36775,-70.54675
ZM438,3287,Metropolitano,D,C,ONGRID,NO,NO,NO,NO,NO,NO,-33.4420889,-70.6557056
ZM339,3291,Metropolitano,D,C,ONGRID,NO,NO,NO,NO,NO,NO,-33.515597,-70.5981032
SA888,3296,Metropolitano,D,C,ONGRID,NO,NO,NO,NO,NO,NO,-33.439608,-70.6536101
SA272,3299,Metropolitano,D,C,ONGRID,NO,NO,NO,NO,NO,NO,-33.420517,-70.609441
RS536,3300,Metropolitano,D,C,ONGRID,NO,NO,NO,NO,NO,NO,-33.435556,-70.604167
AM082,3302,Metropolitano,D,C,ONGRID,NO,NO,NO,NO,NO,NO,-33.560091,-70.5514169
AM084,3303,Metropolitano,D,C,ONGRID,NO,NO,NO,NO,NO,NO,-33.5978785,-70.6993236
SA098,3304,Metropolitano,D,C,ONGRID,NO,NO,NO,NO,NO,NO,-33.383556,-70.533139
ZM744,3305,Metropolitano,D,C,ONGRID,NO,NO,NO,NO,NO,NO,-33.380639,-70.536528
ESTRM073,3306,Metropolitano,B2,nan,ONGRID,NO,SI,NO,NO,NO,NO,-33.663747,-70.927394
SA710,3307,Metropolitano,D,C,ONGRID,NO,NO,NO,NO,NO,NO,-33.662791,-70.923709
RS552,3308,Metropolitano,D,C,ONGRID,NO,NO,NO,NO,NO,NO,-33.675258,-70.949881
FN702,3309,Metropolitano,C,C,ONGRID,NO,NO,NO,NO,NO,NO,-33.861444,-71.195417
FN703,3310,Metropolitano,C,C,ONGRID,NO,NO,NO,NO,NO,NO,-33.895278,-71.235083
SA789,3311,Metropolitano,D,C,ONGRID,NO,NO,NO,NO,NO,NO,-33.440998,-70.654027
RS981,3313,Metropolitano,C,C,ONGRID,NO,NO,NO,NO,NO,NO,-33.456244,-70.6492681
ZM321,3315,Metropolitano,D,C,ONGRID,NO,NO,NO,NO,NO,NO,-33.459469,-70.7129809
RM949,3316,Metropolitano,C,C,ONGRID,NO,NO,NO,NO,NO,NO,-33.449465,-70.6223
SA134,3318,Metropolitano,B1,C+,ONGRID,NO,SI,SI,SI,NO,NO,-33.506363,-70.761594
SA620,3319,Metropolitano,B2,C,ONGRID,NO,NO,NO,NO,NO,NO,-33.518569,-70.789219
SA660,3320,Metropolitano,C,C,ONGRID,NO,SI,NO,NO,NO,NO,-33.432208,-70.726275
SA225,3321,Metropolitano,C,C,ONGRID,NO,NO,NO,NO,NO,NO,-33.566458,-70.789942
SA935,3322,Metropolitano,D,C,ONGRID,NO,NO,NO,NO,NO,NO,-33.0593,-70.870847
ZM968,3323,Metropolitano,D,C,ONGRID,NO,NO,NO,NO,NO,NO,-33.453611,-70.686389
ZM969,3324,Metropolitano,D,C,ONGRID,NO,NO,NO,NO,NO,NO,-33.4449,-70.6586
SA202,3325,Metropolitano,B1,B+,ONGRID,SI,SI,NO,NO,NO,NO,-33.530611,-70.687028
AM119,3326,Metropolitano,D,C,ONGRID,NO,NO,NO,NO,NO,NO,-33.4524999,-70.5702802
ZM417,3327,Metropolitano,D,C,ONGRID,NO,NO,NO,NO,NO,NO,-33.4890771,-70.650828
SA288,3328,Metropolitano,C,C,ONGRID,NO,SI,NO,NO,NO,NO,-33.098131,-70.890075
SA075,3329,Metropolitano,D,C,ONGRID,NO,NO,NO,NO,NO,NO,-33.418344,-70.600907
SA705,3330,Metropolitano,D,C,ONGRID,NO,NO,NO,NO,NO,NO,-33.604472,-70.59125
ONURM099,3331,Metropolitano,B1,nan,ONGRID,NO,NO,NO,NO,NO,NO,-33.550612,-70.560971
SA658,3332,Metropolitano,C,C,ONGRID,NO,NO,NO,NO,NO,NO,-33.449728,-70.660408
RM782,3333,Metropolitano,D,C,ONGRID,NO,NO,NO,NO,NO,NO,-33.421626,-70.589733
ONURM028,3334,Metropolitano,B1,nan,ONGRID,NO,NO,NO,NO,NO,NO,-33.427427,-70.554393
ONURM122,3335,Metropolitano,B1,nan,ONGRID,NO,NO,NO,NO,NO,NO,-33.414119,-70.588954
AM148,3336,Metropolitano,D,C,ONGRID,NO,NO,NO,NO,NO,NO,-33.4381818,-70.6454715
SA324,3338,Metropolitano,D,C,ONGRID,NO,NO,NO,NO,NO,NO,-33.323309,-70.560921
ONURM041,3339,Metropolitano,B1,nan,ONGRID,NO,SI,NO,NO,NO,NO,-33.395706,-70.553969
ONURM133,3340,Metropolitano,B1,nan,ONGRID,NO,NO,NO,NO,NO,NO,-33.394643,-70.553742
ZM022,3341,Metropolitano,D,C,ONGRID,NO,NO,NO,NO,NO,NO,-33.489611,-70.750417
SA061,3342,Metropolitano,B1,C,ONGRID,NO,NO,NO,SI,NO,NO,-33.548989,-70.610497
ZM478,3343,Metropolitano,D,C,ONGRID,NO,NO,NO,NO,NO,NO,-33.546611,-70.603222
RM937,3344,Metropolitano,D,C,ONGRID,NO,NO,NO,NO,NO,NO,-33.553167,-70.562444
RM611,3345,Metropolitano,C,C,ONGRID,NO,NO,NO,NO,NO,NO,-33.382833,-70.675472
RM495,3346,Metropolitano,D,C,ONGRID,NO,NO,NO,NO,NO,NO,-33.915569,-70.7234281
RM498,3347,Metropolitano,D,C,ONGRID,NO,NO,NO,NO,NO,NO,-33.4594311,-70.9628389
RS530,3348,Metropolitano,D,C,ONGRID,NO,NO,NO,NO,NO,NO,-33.349167,-70.6250001
RS529,3349,Metropolitano,D,C,ONGRID,NO,NO,NO,NO,NO,NO,-33.370278,-70.611111
RS175,3350,Metropolitano,D,C,ONGRID,NO,NO,NO,NO,NO,NO,-33.4144654,-70.6125759
RS251,3351,Metropolitano,D,C,ONGRID,NO,NO,NO,NO,NO,NO,-33.4854919,-70.5174329
SA838,3352,Metropolitano,C,C,ONGRID,NO,NO,NO,NO,NO,NO,-33.440252,-70.641185
RM157,3353,Metropolitano,D,C,ONGRID,NO,NO,NO,NO,NO,NO,-33.444917,-70.687694
ZM981,3354,Metropolitano,D,C,ONGRID,NO,NO,NO,NO,NO,NO,-33.392036,-70.5015889
RS832,3355,Metropolitano,D,C,ONGRID,NO,NO,NO,NO,NO,NO,-33.436992,-70.6085528
RM878,3357,Metropolitano,D,C,ONGRID,NO,NO,NO,NO,NO,NO,-33.433889,-70.540111
SA096,3358,Metropolitano,D,C,ONGRID,NO,NO,NO,NO,NO,NO,-33.375561,-70.525347
RM918,3359,Metropolitano,B2,C,ONGRID,NO,NO,NO,NO,NO,NO,-33.560889,-70.559139
SA601,3360,Metropolitano,C,C,ONGRID,NO,SI,NO,NO,NO,NO,-33.316678,-70.735414
ZM021,3361,Metropolitano,D,C,ONGRID,NO,NO,NO,NO,NO,NO,-33.3825,-70.729722
RM687,3362,Metropolitano,D,C,ONGRID,NO,NO,NO,NO,NO,NO,-33.353983,-70.249003
SA332,3363,Metropolitano,C,C,ONGRID,NO,NO,NO,NO,NO,NO,-33.307656,-70.672117
ONURM108,3364,Metropolitano,B1,nan,ONGRID,NO,NO,NO,NO,NO,NO,-33.453548,-70.68736
ONURM018,3365,Metropolitano,B1,nan,ONGRID,NO,NO,NO,NO,NO,NO,-33.467965,-70.731665
RM869,3366,Metropolitano,D,C,ONGRID,NO,NO,NO,NO,NO,NO,-33.463611,-70.567778
SA255,3368,Metropolitano,D,C,ONGRID,NO,NO,NO,NO,NO,NO,-33.428453,-70.649323
RM939,3369,Metropolitano,C,C,ONGRID,NO,NO,NO,NO,NO,NO,-33.553404,-70.594519
RM750,3371,Metropolitano,D,C,ONGRID,NO,NO,NO,NO,NO,NO,-33.406966,-70.58813
ZM520,3372,Metropolitano,D,C,ONGRID,NO,NO,NO,NO,NO,NO,-33.5365,-70.608583
RM827,3373,Metropolitano,D,C,ONGRID,NO,NO,NO,NO,NO,NO,-33.377617,-70.562087
ZM494,3374,Metropolitano,D,C,ONGRID,NO,NO,NO,NO,NO,NO,-33.374139,-70.570972
SA714,3375,Metropolitano,D,C,ONGRID,NO,NO,NO,NO,NO,NO,-33.516653,-70.800078
RS068,3376,Metropolitano,D,C,ONGRID,NO,NO,NO,NO,NO,NO,-33.3653,-70.578962
ZM493,3377,Metropolitano,D,C,ONGRID,NO,NO,NO,NO,NO,NO,-33.363167,-70.576583
SA999,3379,Metropolitano,D,C,ONGRID,NO,NO,NO,NO,NO,NO,-33.44252,-70.6528566
RM941,3380,Metropolitano,D,C,ONGRID,NO,NO,NO,NO,NO,NO,-33.526569,-70.591536
ZM020,3381,Metropolitano,D,C,ONGRID,NO,NO,NO,NO,NO,NO,-33.464647,-70.639019
ONURM055,3382,Metropolitano,B1,nan,ONGRID,NO,SI,NO,NO,NO,NO,-33.46463,-70.64875
ONURM088,3383,Metropolitano,B1,nan,ONGRID,NO,NO,NO,NO,NO,NO,-33.535906,-70.593747
AM384,2394,Metropolitano,D,C,ONGRID,NO,NO,NO,NO,NO,,-33.5190301,-70.73344
ONURM104,3384,Metropolitano,B1,nan,ONGRID,NO,SI,NO,NO,NO,NO,-33.52809,-70.59641
RS046,3385,Metropolitano,D,C,ONGRID,NO,NO,NO,NO,NO,NO,-33.46225,-70.656833
AM177,3386,Metropolitano,D,C,ONGRID,NO,NO,NO,NO,NO,NO,-33.47853,-70.61539
SA941,3387,Metropolitano,C,C,ONGRID,NO,NO,NO,NO,NO,NO,-34.0375,-71.077694
RS011,2402,Metropolitano,D,C,ONGRID,NO,NO,NO,NO,NO,,-33.471458,-70.6178329
RM922,3388,Metropolitano,D,C,ONGRID,NO,NO,NO,NO,NO,NO,-33.385028,-70.517861
SA024,3389,Metropolitano,D,C,ONGRID,NO,SI,NO,NO,NO,NO,-33.58542,-70.623648
ONURM025,3390,Metropolitano,B1,nan,ONGRID,NO,NO,NO,NO,NO,NO,-33.467965,-70.731665
RM523,3391,Metropolitano,C,C,ONGRID,NO,NO,NO,NO,NO,NO,-33.791278,-70.782583
RM364,3392,Metropolitano,D,C,ONGRID,NO,NO,NO,NO,NO,NO,-33.773898,-71.071497
SA654,3393,Metropolitano,C,C,ONGRID,NO,SI,NO,NO,NO,NO,-33.472836,-70.556833
ZM980,3394,Metropolitano,D,C,ONGRID,NO,NO,NO,NO,NO,NO,-33.712389,-70.604722
RS971,3395,Metropolitano,D,C,ONGRID,NO,NO,NO,NO,NO,NO,-33.414296,-70.593588
SA312,2414,Metropolitano,D,C,ONGRID,NO,NO,NO,NO,NO,,-33.456074,-70.659062
SA677,3396,Metropolitano,D,C,ONGRID,NO,NO,NO,NO,NO,NO,-33.402303,-70.522715
URARM001,3397,Metropolitano,A,nan,ONGRID,NO,NO,NO,NO,SI,NO,-33.427644,-70.67515
ZM823,3398,Metropolitano,D,C,ONGRID,NO,NO,NO,NO,NO,NO,-33.419528,-70.662583
ZM809,3399,Metropolitano,D,C,ONGRID,NO,NO,NO,NO,NO,NO,-33.382444,-70.773333
SA165,3401,Metropolitano,C,C,ONGRID,NO,NO,NO,NO,NO,NO,-33.526942,-70.562468
RS428,3402,Metropolitano,D,C,ONGRID,NO,NO,NO,NO,NO,NO,-33.521667,-70.555833
AM139,2425,Metropolitano,D,C,ONGRID,NO,NO,NO,NO,NO,,-33.3773061,-70.653056
SA166,2426,Metropolitano,D,C,ONGRID,NO,NO,NO,NO,NO,,-33.4688889,-70.6889391
ZM328,2427,Metropolitano,D,C,ONGRID,NO,NO,NO,NO,NO,,-33.412842,-70.591639
ONURM087,3403,Metropolitano,B1,nan,ONGRID,NO,SI,NO,NO,NO,NO,-33.522601,-70.596929
ONURM089,3404,Metropolitano,B1,nan,ONGRID,NO,SI,NO,NO,NO,NO,-33.5224,-70.582136
ONURM091,3405,Metropolitano,B1,nan,ONGRID,NO,SI,NO,NO,NO,NO,-33.52233,-70.563048
RM755,3406,Metropolitano,D,C,ONGRID,NO,NO,NO,NO,NO,NO,-33.409194,-70.575694
RM308,3407,Metropolitano,D,C,ONGRID,NO,NO,NO,NO,NO,NO,-33.449453,-70.647508
SA460,3409,Metropolitano,D,C,ONGRID,NO,NO,NO,NO,NO,NO,-33.490603,-70.73797
SA008,3410,Metropolitano,B2,C,ONGRID,NO,SI,NO,NO,NO,NO,-33.389316,-71.266872
RS139,3411,Metropolitano,C,C,ONGRID,NO,NO,NO,NO,NO,NO,-33.681727,-70.9997
RA089,3412,Centro,C,C,ONGRID,NO,NO,NO,NO,NO,NO,-34.57136,-70.976
RM847,2442,Metropolitano,D,C,ONGRID,NO,NO,NO,NO,NO,,-33.418889,-70.551111
RA138,3413,Centro,C,C,ONGRID,NO,NO,NO,NO,NO,NO,-34.58794,-71.00047
RA115,3414,Centro,C,C,ONGRID,NO,SI,NO,NO,NO,NO,-34.434172,-70.876784
SA641,2445,Metropolitano,D,C,ONGRID,NO,NO,NO,NO,NO,,-33.4219653,-70.6114649
RO870,3416,Centro,D,C,ONGRID,NO,NO,NO,NO,NO,NO,-34.197644,-70.871405
ZO010,3417,Centro,D,C,ONGRID,NO,NO,NO,NO,NO,NO,-34.1841666,-70.7247223
RO884,3418,Centro,D,C,ONGRID,NO,NO,NO,NO,NO,NO,-34.401111,-71.376306
RO498,3419,Centro,D,C,ONGRID,NO,SI,NO,NO,NO,NO,-33.920064,-70.728294
OH694,3420,Centro,C,C,ONGRID,NO,SI,NO,NO,NO,NO,-34.5152,-70.94863
RO968,3421,Centro,D,C,ONGRID,NO,NO,NO,NO,NO,NO,-34.174444,-70.743889
OH726,3422,Centro,B2,C,ONGRID,NO,NO,NO,NO,NO,NO,-34.182367,-70.715839
RM867,2458,Metropolitano,D,C,ONGRID,NO,NO,NO,NO,NO,,-33.4121,-70.5605
OH118,3423,Centro,C,C,ONGRID,NO,NO,NO,NO,NO,NO,-34.147778,-70.729444
OH992,3424,Centro,C,C,ONGRID,NO,NO,NO,NO,NO,NO,-34.149746,-70.74855
RA345,3425,Centro,D,C,ONGRID,NO,NO,NO,NO,NO,NO,-34.162511,-70.731491
OH976,3426,Centro,C,C,ONGRID,NO,NO,NO,NO,NO,NO,-34.132133,-70.729989
RA070,3428,Centro,C,C,ONGRID,NO,NO,NO,NO,NO,NO,-34.644255,-72.040696
OH303,3429,Centro,B2,C,ONGRID,NO,NO,NO,NO,NO,NO,-34.527033,-71.739083
OH338,3430,Centro,B2,C,ONGRID,NO,SI,NO,NO,NO,NO,-34.241476,-70.716643
RA094,3431,Centro,B2,C,ONGRID,NO,NO,NO,NO,NO,NO,-34.211472,-70.919003
RA107,3432,Centro,C,C,ONGRID,NO,SI,NO,NO,NO,NO,-34.413607,-71.448477
AM039,2468,Metropolitano,D,C,ONGRID,NO,NO,NO,NO,NO,,-33.5213849,-70.7082012
OH808,3433,Centro,C,C,ONGRID,NO,SI,NO,NO,NO,NO,-34.7122,-71.0471
OH995,3434,Centro,D,C,ONGRID,NO,NO,NO,NO,NO,NO,-34.157171,-70.727418
AM028,2471,Metropolitano,D,C,ONGRID,NO,NO,NO,NO,NO,,-33.4323788,-70.6810435
OH895,3435,Centro,C,C,ONGRID,NO,NO,NO,NO,NO,NO,-34.39167,-71.15659
RA095,3436,Centro,D,C,ONGRID,NO,NO,NO,NO,NO,NO,-34.012515,-70.617037
RA353,3437,Centro,C,C,ONGRID,NO,NO,NO,NO,NO,NO,-34.02807,-70.625093
FN497,3438,Centro,C,C,ONGRID,NO,NO,NO,NO,NO,NO,-34.424667,-70.942389
AM043,2478,Metropolitano,D,C,ONGRID,NO,NO,NO,NO,NO,,-33.528225,-70.7779606
ZO072,3439,Centro,D,C,ONGRID,NO,NO,NO,NO,NO,NO,-34.098694,-70.370528
ESTOH001,3440,Centro,B2,nan,ONGRID,NO,NO,NO,NO,NO,NO,-33.983652,-70.701952
ESTOH023,3441,Centro,B2,nan,ONGRID,NO,NO,NO,NO,NO,NO,-33.983652,-70.701952
OH348,3442,Centro,B2,C,ONGRID,NO,SI,NO,NO,NO,NO,-34.038333,-71.619167
RO855,3443,Centro,D,C,ONGRID,NO,NO,NO,NO,NO,NO,-34.051944,-70.433333
OH632,3444,Centro,B2,C,ONGRID,NO,SI,NO,NO,NO,NO,-34.814722,-71.012079
OH727,3445,Centro,B2,C,ONGRID,NO,SI,NO,NO,NO,NO,-34.26489,-70.78911
OH346,3446,Centro,B2,C,ONGRID,NO,SI,NO,NO,NO,NO,-34.128764,-71.469867
RA863,3447,Centro,C,C,ONGRID,NO,NO,NO,NO,NO,NO,-34.588167,-70.919778
RA350,3448,Centro,D,C,ONGRID,NO,NO,NO,NO,NO,NO,-34.172639,-70.717528
ZO504,3449,Centro,D,C,ONGRID,NO,NO,NO,NO,NO,NO,-34.253576,-70.475974
FN505,3450,Centro,C,C,ONGRID,NO,NO,NO,NO,NO,NO,-34.14025,-70.813722
FN720,3451,Centro,C,C,ONGRID,NO,NO,NO,NO,NO,NO,-34.435459,-70.787176
FN506,3452,Centro,C,C,ONGRID,NO,NO,NO,NO,NO,NO,-34.463444,-70.760778
ESTOH027,3453,Centro,B2,nan,ONGRID,NO,SI,NO,NO,NO,NO,-34.729275,-71.272645
OH520,3454,Centro,C,C,ONGRID,NO,NO,NO,NO,NO,NO,-34.74055,-71.28043
RA075,3455,Centro,C,C,ONGRID,NO,NO,NO,NO,NO,NO,-34.69485,-71.03548
FN476,3456,Centro,C,C,ONGRID,NO,NO,NO,NO,NO,NO,-34.652083,-71.32925
ZO025,3457,Centro,D,C,ONGRID,NO,NO,NO,NO,NO,NO,-34.16561,-70.74321
ZO014,3458,Centro,D,C,ONGRID,NO,NO,NO,NO,NO,NO,-34.1858334,-70.7227776
RA092,3459,Centro,C,C,ONGRID,NO,NO,NO,NO,NO,NO,-34.221111,-71.270667
SA646,2503,Metropolitano,D,C,ONGRID,NO,NO,NO,NO,NO,,-33.4394644,-70.6561898
FN528,3460,Centro,C,C,ONGRID,NO,NO,NO,NO,NO,NO,-34.783639,-70.95125
RA093,3461,Centro,C,C,ONGRID,NO,SI,NO,NO,NO,NO,-34.03447,-70.66217
OH636,3462,Centro,C,C,ONGRID,NO,SI,NO,NO,NO,NO,-34.07307,-70.623983
RA114,3463,Centro,C,C,ONGRID,NO,SI,NO,NO,NO,NO,-34.266261,-70.942006
FN447,3465,Centro,C,C,ONGRID,NO,NO,NO,NO,NO,NO,-34.412278,-71.011222
RA047,3466,Centro,C,C,ONGRID,NO,NO,NO,NO,NO,NO,-34.204806,-70.543556
RO115,3467,Centro,D,C,ONGRID,NO,NO,NO,NO,NO,NO,-34.173048,-71.723484
RM629,2512,Metropolitano,D,C,ONGRID,NO,NO,NO,NO,NO,,-33.527185,-70.7945332
ZO007,3468,Centro,D,C,ONGRID,NO,NO,NO,NO,NO,NO,-34.639389,-71.349333
FN529,3469,Centro,C,C,ONGRID,NO,NO,NO,NO,NO,NO,-34.664833,-71.000555
RA076,3470,Centro,C,C,ONGRID,NO,NO,NO,NO,NO,NO,-34.652496,-71.282643
OH479,3471,Centro,C,C,ONGRID,NO,SI,NO,NO,NO,NO,-34.228769,-70.963986
OH182,3472,Centro,B2,C,ONGRID,NO,SI,NO,NO,NO,NO,-34.291174,-70.972524
FN509,3473,Centro,C,C,ONGRID,NO,NO,NO,NO,NO,NO,-34.273722,-70.851556
FN473,3474,Centro,C,C,ONGRID,NO,NO,NO,NO,NO,NO,-34.467444,-71.399556
RA105,3475,Centro,C,C,ONGRID,NO,SI,NO,NO,NO,NO,-34.2615,-71.368944
RO125,3476,Centro,C,C,ONGRID,NO,SI,NO,NO,NO,NO,-34.333011,-70.893308
RA096,3477,Centro,C,C,ONGRID,NO,NO,NO,NO,NO,NO,-34.52388,-71.32095
OH822,3478,Centro,D,C,ONGRID,NO,NO,NO,NO,NO,NO,-34.205276,-71.404858
RA109,3479,Centro,C,C,ONGRID,NO,NO,NO,NO,NO,NO,-34.176943,-71.386524
FN466,3480,Centro,C,C,ONGRID,NO,NO,NO,NO,NO,NO,-34.435861,-71.17225
RA036,3481,Centro,C,C,ONGRID,NO,NO,NO,NO,NO,NO,-34.202787,-70.805663
ZO501,3482,Centro,D,C,OFFGRID,NO,NO,NO,NO,NO,NO,-34.563827,-71.956632
FN510,3483,Centro,C,C,ONGRID,NO,NO,NO,NO,NO,NO,-34.280083,-70.751
FN557,3484,Centro,C,C,ONGRID,NO,NO,NO,NO,NO,NO,-34.633861,-71.620861
FN488,3485,Centro,C,C,ONGRID,NO,NO,NO,NO,NO,NO,-34.304194,-71.018472
RA071,3486,Centro,D,C,ONGRID,NO,NO,NO,NO,NO,NO,-34.084194,-70.382111
OH227,3487,Centro,D,C,ONGRID,NO,NO,NO,NO,NO,NO,-34.088074,-70.387582
RA073,3488,Centro,C,C,ONGRID,NO,SI,NO,NO,NO,NO,-34.32333,-71.408473
FN501,3489,Centro,C,C,ONGRID,NO,NO,NO,NO,NO,NO,-34.354478,-71.415056
RS059,2540,Metropolitano,C,C,ONGRID,NO,SI,NO,NO,NO,,-33.417447,-70.6818111
FN511,3490,Centro,C,C,ONGRID,NO,NO,NO,NO,NO,NO,-34.246417,-70.793555
ESTOH002,3492,Centro,B1,nan,ONGRID,SI,SI,NO,NO,NO,NO,-33.949761,-70.574089
RM972,2546,Metropolitano,D,C,ONGRID,NO,NO,NO,NO,NO,,-33.523361,-70.6367779
RO990,3493,Centro,D,C,ONGRID,NO,NO,NO,NO,NO,NO,-34.185761,-70.777264
ESTOH003,3494,Centro,B2,nan,ONGRID,NO,NO,NO,NO,NO,NO,-34.18515,-70.722386
OH592,3495,Centro,D,C,ONGRID,NO,NO,NO,NO,NO,NO,-34.165342,-70.762603
OH593,3496,Centro,D,C,ONGRID,NO,NO,NO,NO,NO,NO,-34.1717,-70.73568
FN493,3497,Centro,C,C,ONGRID,NO,NO,NO,NO,NO,NO,-34.091361,-70.743028
RA169,3498,Centro,C,C,ONGRID,SI,SI,NO,NO,NO,NO,-34.069088,-70.731368
OH388,3499,Centro,B2,C,ONGRID,NO,NO,NO,NO,NO,NO,-34.05372,-70.72461
FN504,3500,Centro,C,C,ONGRID,NO,NO,NO,NO,NO,NO,-34.370028,-70.986611
RA056,3501,Centro,B2,C,ONGRID,NO,SI,NO,NO,NO,NO,-34.202233,-70.759827
ZO506,3502,Centro,D,C,ONGRID,NO,SI,NO,NO,NO,NO,-34.728379,-71.568023
RA351,3503,Centro,B1,C+,ONGRID,NO,NO,SI,SI,NO,NO,-34.180567,-70.708713
FN773,3504,Centro,C,C,ONGRID,NO,NO,NO,NO,NO,NO,-34.222556,-71.033306
ZO066,3505,Centro,D,C,ONGRID,NO,NO,NO,NO,NO,NO,-34.180592,-70.7317459
FN560,3506,Centro,C,C,ONGRID,NO,NO,NO,NO,NO,NO,-34.709944,-70.844306
FN482,3507,Centro,C,C,ONGRID,NO,NO,NO,NO,NO,NO,-34.022278,-70.705583
FN522,3508,Centro,C,C,ONGRID,NO,NO,NO,NO,NO,NO,-33.929842,-71.841914
FN456,3509,Centro,C,C,ONGRID,NO,NO,NO,NO,NO,NO,-34.409667,-70.813278
FN494,3510,Centro,C,C,ONGRID,NO,NO,NO,NO,NO,NO,-34.053639,-70.670861
RA072,3511,Centro,C,C,ONGRID,NO,SI,NO,NO,NO,NO,-34.208604,-71.663205
RA106,3512,Centro,C,C,ONGRID,NO,SI,NO,NO,NO,NO,-34.097722,-70.799889
FN515,3513,Centro,C,C,ONGRID,NO,NO,NO,NO,NO,NO,-34.472417,-71.159306
FN452,3514,Centro,C,C,ONGRID,NO,NO,NO,NO,NO,NO,-34.133111,-70.764
FN483,3515,Centro,C,C,ONGRID,NO,NO,NO,NO,NO,NO,-34.090863,-70.667109
FN561,3516,Centro,C,C,ONGRID,NO,NO,NO,NO,NO,NO,-34.566361,-70.954083
RO112,3517,Centro,D,C,ONGRID,NO,NO,NO,NO,NO,NO,-34.436656,-71.739881
FN525,3518,Centro,C,C,ONGRID,NO,NO,NO,NO,NO,NO,-34.693278,-71.8865
RA091,3519,Centro,C,C,ONGRID,NO,SI,NO,NO,NO,NO,-34.006404,-70.639538
OH725,3520,Centro,C,C,ONGRID,NO,NO,NO,NO,NO,NO,-34.666092,-71.162336
FN500,3521,Centro,C,C,ONGRID,NO,NO,NO,NO,NO,NO,-34.312639,-71.262139
FN540,3522,Centro,C,C,ONGRID,NO,NO,NO,NO,NO,NO,-34.707083,-71.712972
RA084,3523,Centro,C,C,ONGRID,NO,SI,NO,NO,NO,NO,-34.17153,-70.64592
FN526,3524,Centro,C,C,ONGRID,NO,NO,NO,NO,NO,NO,-34.775972,-71.349222
ZM010,2586,Metropolitano,D,C,ONGRID,NO,NO,NO,NO,NO,,-33.411306,-70.700694
FN469,3525,Centro,C,C,ONGRID,NO,NO,NO,NO,NO,NO,-34.711583,-71.238
OH961,3526,Centro,B2,C,ONGRID,NO,SI,NO,NO,NO,NO,-34.28595,-71.29573
FN512,3527,Centro,C,C,ONGRID,NO,NO,NO,NO,NO,NO,-34.256667,-70.87
FN445,3528,Centro,C,C,ONGRID,NO,NO,NO,NO,NO,NO,-34.692389,-71.224472
RA961,3529,Centro,C,C,ONGRID,NO,NO,NO,NO,NO,NO,-34.298444,-71.393695
FN449,3530,Centro,C,C,ONGRID,NO,NO,NO,NO,NO,NO,-34.397083,-70.961139
FN527,3531,Centro,C,C,ONGRID,NO,NO,NO,NO,NO,NO,-34.805667,-71.24425
FN523,3532,Centro,C,C,ONGRID,NO,NO,NO,NO,NO,NO,-33.928417,-71.804556
FN954,3533,Centro,C,C,ONGRID,NO,NO,NO,NO,NO,NO,-33.942444,-71.791333
RA108,3534,Centro,D,C,ONGRID,NO,NO,NO,NO,NO,NO,-34.18339,-71.45525
FN489,3535,Centro,C,C,ONGRID,NO,NO,NO,NO,NO,NO,-34.217972,-70.997806
RA088,3536,Centro,C,C,ONGRID,NO,NO,NO,NO,NO,NO,-34.376083,-70.8185
OH258,3537,Centro,C,C,ONGRID,NO,SI,NO,NO,NO,NO,-34.192867,-70.889233
FN556,3538,Centro,C,C,ONGRID,NO,NO,NO,NO,NO,NO,-34.595778,-71.101083
ESTOH010,3540,Centro,B2,nan,ONGRID,NO,NO,NO,NO,NO,NO,-34.4423905,-70.9463887
ESTOH029,3541,Centro,B2,nan,ONGRID,NO,NO,NO,NO,NO,NO,-34.439748,-71.072293
OH509,3542,Centro,C,C,ONGRID,NO,SI,NO,NO,NO,NO,-34.728056,-71.638278
FN481,3543,Centro,C,C,ONGRID,NO,NO,NO,NO,NO,NO,-34.620528,-71.405139
ZO114,3544,Centro,D,C,ONGRID,NO,NO,NO,NO,NO,NO,-34.745389,-71.926694
OH073,3545,Centro,C,C,ONGRID,NO,SI,NO,NO,NO,NO,-34.064445,-71.377353
ZO005,3546,Centro,D,C,ONGRID,NO,NO,NO,NO,NO,NO,-34.029472,-70.728694
FN453,3547,Centro,C,C,ONGRID,NO,NO,NO,NO,NO,NO,-34.3525,-70.874056
FN562,3548,Centro,C,C,ONGRID,NO,NO,NO,NO,NO,NO,-34.506056,-70.904472
FN498,3549,Centro,C,C,ONGRID,NO,NO,NO,NO,NO,NO,-34.487333,-70.826833
FN451,3550,Centro,C,C,ONGRID,NO,NO,NO,NO,NO,NO,-34.344611,-71.321806
ZO004,3551,Centro,D,C,ONGRID,NO,NO,NO,NO,NO,NO,-34.169,-70.672361
RA800,3552,Centro,D,C,ONGRID,NO,SI,NO,NO,NO,NO,-34.180861,-70.642417
RA086,3553,Centro,C,C,ONGRID,NO,SI,NO,NO,NO,NO,-34.206489,-70.656292
OH186,3554,Centro,C,C,ONGRID,NO,SI,NO,NO,NO,NO,-34.17967,-70.65372
RA046,3555,Centro,C,C,ONGRID,NO,SI,NO,NO,NO,NO,-34.153904,-70.528703
FN458,3556,Centro,C,C,ONGRID,NO,NO,NO,NO,NO,NO,-34.429694,-70.835194
ZO000,3557,Centro,C,C,ONGRID,NO,NO,NO,NO,NO,NO,-34.1689444,-70.7415556
OH973,3558,Centro,C,C,ONGRID,NO,NO,NO,NO,NO,NO,-34.168333,-70.740555
ESTOH028,3559,Centro,B2,nan,ONGRID,NO,SI,NO,NO,NO,NO,-34.442391,-70.946389
RA960,3560,Centro,D,C,ONGRID,NO,NO,NO,NO,NO,NO,-34.443822,-70.936934
OH505,3561,Centro,C,C,ONGRID,NO,SI,NO,NO,NO,NO,-34.4544,-70.97231
OH733,3562,Centro,D,C,ONGRID,NO,NO,NO,NO,NO,NO,-33.954167,-71.86825
OH456,3563,Centro,C,C,ONGRID,NO,NO,NO,NO,NO,NO,-34.092199,-70.452116
FN486,3564,Centro,C,C,ONGRID,NO,NO,NO,NO,NO,NO,-34.124667,-70.660944
RS436,3565,Centro,C,C,ONGRID,NO,SI,NO,NO,NO,NO,-33.9205696,-70.7223171
FN464,3566,Centro,C,C,ONGRID,NO,NO,NO,NO,NO,NO,-34.325,-70.917194
RA035,3567,Centro,C,C,ONGRID,NO,SI,NO,NO,NO,NO,-34.65168,-71.201952
FN558,3568,Centro,C,C,ONGRID,NO,NO,NO,NO,NO,NO,-34.664083,-71.737472
FN542,3569,Centro,C,C,ONGRID,NO,NO,NO,NO,NO,NO,-34.71825,-71.777056
ZO103,3570,Centro,C,C,ONGRID,NO,NO,NO,NO,NO,NO,-34.15516,-70.7665359
FN495,3571,Centro,C,C,ONGRID,NO,NO,NO,NO,NO,NO,-34.114555,-70.707583
FN492,3572,Centro,C,C,ONGRID,NO,NO,NO,NO,NO,NO,-34.229972,-70.878139
RO224,3574,Centro,D,C,ONGRID,NO,NO,NO,NO,NO,NO,-34.343627,-70.378979
OH521,3575,Centro,C,C,ONGRID,NO,SI,NO,NO,NO,NO,-34.59972,-71.35847
RS384,2657,Metropolitano,D,C,ONGRID,NO,NO,NO,NO,NO,,-33.5730561,-70.5838611
ZO507,3576,Centro,D,C,ONGRID,NO,NO,NO,NO,NO,NO,-34.708197,-71.44132
RA080,3577,Centro,C,C,ONGRID,NO,SI,NO,NO,NO,NO,-34.6255,-71.347492
ZO064,3578,Centro,D,C,ONGRID,NO,NO,NO,NO,NO,NO,-34.641367,-71.376282
FN448,3579,Centro,C,C,ONGRID,NO,NO,NO,NO,NO,NO,-34.405222,-70.918083
RA069,3580,Centro,C,C,ONGRID,NO,SI,NO,NO,NO,NO,-34.642886,-71.913422
RA085,3581,Centro,C,C,ONGRID,NO,SI,NO,NO,NO,NO,-34.19019,-70.65078
FN439,3582,Centro,C,C,ONGRID,NO,NO,NO,NO,NO,NO,-34.273194,-71.052861
RA400,3583,Centro,D,C,ONGRID,NO,NO,NO,NO,NO,NO,-34.169278,-70.743139
ZO118,3584,Centro,D,C,ONGRID,NO,NO,NO,NO,NO,NO,-34.124028,-71.890083
RA344,3586,Centro,D,C,ONGRID,NO,NO,NO,NO,NO,NO,-34.153788,-70.740252
OH349,3587,Centro,B2,C,ONGRID,NO,NO,NO,NO,NO,NO,-34.472958,-70.879689
RPL047,5744757,Austral,B2,nan,ONGRID,NO,NO,NO,NO,NO,NO,-33.444406,-70.65592
SA446,2675,Metropolitano,C,C,ONGRID,NO,NO,NO,NO,NO,,-33.517583,-70.6551941
RA692,3588,Centro,C,C,ONGRID,NO,NO,NO,NO,NO,NO,-34.437389,-71.112694
FN499,3589,Centro,C,C,ONGRID,NO,NO,NO,NO,NO,NO,-33.959917,-70.643472
ESTOH014,3591,Centro,B2,nan,ONGRID,NO,SI,NO,NO,NO,NO,-34.387434,-72.00818
RA031,3592,Centro,C,C,ONGRID,NO,NO,NO,NO,NO,NO,-34.38611,-72.00239
RA032,3593,Centro,C,C,ONGRID,NO,NO,NO,NO,NO,NO,-34.434706,-72.023784
OH347,3594,Centro,B2,C,ONGRID,NO,SI,NO,NO,NO,NO,-34.400978,-72.01353
FN953,3595,Centro,C,C,ONGRID,NO,NO,NO,NO,NO,NO,-34.328806,-70.732583
FN513,3596,Centro,C,C,ONGRID,NO,NO,NO,NO,NO,NO,-34.335896,-70.725364
AM078,2685,Metropolitano,D,C,ONGRID,NO,NO,NO,NO,NO,,-33.6089372,-70.5762778
RA074,3597,Centro,C,C,ONGRID,NO,SI,NO,NO,NO,NO,-34.635361,-71.115389
ZM301,2687,Metropolitano,D,C,ONGRID,NO,NO,NO,NO,NO,,-33.381011,-70.7692641
RA061,3598,Centro,C,C,ONGRID,NO,NO,NO,NO,NO,NO,-34.455167,-71.549028
ZO020,3599,Centro,D,C,ONGRID,NO,NO,NO,NO,NO,NO,-34.184167,-70.724722
OH597,3600,Centro,B2,C,ONGRID,NO,NO,NO,NO,NO,NO,-34.183344,-70.744825
OH627,3601,Centro,C,C,ONGRID,NO,NO,NO,NO,NO,NO,-34.679725,-70.884289
OH962,3602,Centro,B2,C,ONGRID,NO,NO,NO,NO,NO,NO,-34.6686,-71.63016
RA087,3603,Centro,C,C,ONGRID,NO,SI,NO,NO,NO,NO,-34.601306,-71.650556
ESTOH026,3604,Centro,B2,nan,ONGRID,NO,NO,NO,NO,NO,NO,-34.1341029,-70.7303843
ZO008,3605,Centro,D,C,ONGRID,NO,NO,NO,NO,NO,NO,-34.703917,-71.177083
FN554,3606,Centro,C,C,ONGRID,NO,NO,NO,NO,NO,NO,-34.476306,-71.516139
FN518,3607,Centro,C,C,ONGRID,NO,NO,NO,NO,NO,NO,-34.023278,-71.549472
FN517,3608,Centro,C,C,ONGRID,NO,NO,NO,NO,NO,NO,-34.02875,-71.580028
FN496,3609,Centro,C,C,ONGRID,NO,NO,NO,NO,NO,NO,-34.238417,-71.299472
FN470,3610,Centro,C,C,ONGRID,NO,NO,NO,NO,NO,NO,-34.692194,-71.300667
OH830,3611,Centro,B2,C,ONGRID,NO,NO,NO,NO,NO,NO,-34.351961,-70.959872
RA775,3612,Centro,D,C,ONGRID,NO,NO,NO,NO,NO,NO,-34.186683,-70.731614
SWRAN,3613,Centro,A,nan,ONGRID,NO,NO,NO,NO,SI,NO,-34.170457,-70.749259
OH624,3614,Centro,B2,C,ONGRID,NO,NO,NO,NO,NO,NO,-34.160911,-70.737342
RA058,3615,Centro,D,C,ONGRID,NO,NO,NO,NO,NO,NO,-34.174734,-70.726213
RA083,3616,Centro,C,C,ONGRID,NO,NO,NO,NO,NO,NO,-34.19347,-70.72264
OH379,3617,Centro,D,C,ONGRID,NO,NO,NO,NO,NO,NO,-34.138345,-70.740935
RA772,3618,Centro,B2,C,ONGRID,NO,NO,NO,NO,NO,NO,-34.162257,-70.750301
RA770,3619,Centro,C,C,ONGRID,NO,NO,NO,NO,NO,NO,-34.126944,-70.7325
RA771,3620,Centro,D,C,ONGRID,NO,NO,NO,NO,NO,NO,-34.149844,-70.71848
OH802,3621,Centro,B2,C,ONGRID,NO,NO,NO,NO,NO,NO,-34.15678,-70.70773
RA348,3622,Centro,D,C,ONGRID,NO,NO,NO,NO,NO,NO,-34.163351,-70.720625
RA773,3623,Centro,C,C,ONGRID,NO,NO,NO,NO,NO,NO,-34.16148,-70.695433
RA774,3624,Centro,D,C,ONGRID,NO,NO,NO,NO,NO,NO,-34.17285,-70.702163
ESTOH025,3625,Centro,B2,nan,ONGRID,NO,NO,NO,NO,NO,NO,-34.170457,-70.749259
OH940,3626,Centro,C,C,ONGRID,NO,SI,NO,NO,NO,NO,-34.152153,-70.857725
RA082,3627,Centro,C,C,ONGRID,NO,NO,NO,NO,NO,NO,-34.16977,-70.77784
RO497,3629,Centro,D,C,ONGRID,NO,NO,NO,NO,NO,NO,-34.185722,-70.758722
ZO503,3630,Centro,D,C,ONGRID,NO,NO,NO,NO,NO,NO,-34.845496,-71.686532
RA955,3631,Centro,C,C,ONGRID,NO,NO,NO,NO,NO,NO,-34.099486,-71.553072
FN718,3632,Centro,C,C,ONGRID,NO,NO,NO,NO,NO,NO,-34.107694,-71.518945
RM915,2737,Metropolitano,D,C,ONGRID,NO,NO,NO,NO,NO,,-33.6189555,-70.572141
RA111,3633,Centro,C,C,ONGRID,NO,NO,NO,NO,NO,NO,-34.395139,-70.85
RA791,3634,Centro,C,C,ONGRID,NO,NO,NO,NO,NO,NO,-34.40824,-70.852222
RA103,3635,Centro,C,C,ONGRID,NO,SI,NO,NO,NO,NO,-34.3992,-70.8704
ZM342,2741,Metropolitano,D,C,ONGRID,NO,NO,NO,NO,NO,,-33.437694,-70.647089
ESTOH020,3636,Centro,B2,nan,OFFGRID,NO,NO,NO,NO,NO,NO,-34.160556,-70.597222
ESTOH021,3637,Centro,B2,nan,OFFGRID,NO,NO,NO,NO,NO,NO,-34.160556,-70.597222
ESTOH022,3638,Centro,B2,nan,OFFGRID,NO,NO,NO,NO,NO,NO,-34.184914,-70.722178
ESTOH006,3640,Centro,B1,nan,ONGRID,SI,SI,NO,NO,NO,NO,-34.282454,-70.816094
RA099,3641,Centro,C,C,ONGRID,NO,NO,NO,NO,NO,NO,-34.278009,-70.817861
FN478,3642,Centro,C,C,ONGRID,NO,NO,NO,NO,NO,NO,-34.584667,-71.448111
FN491,3643,Centro,C,C,ONGRID,NO,NO,NO,NO,NO,NO,-34.211361,-70.954861
FN553,3644,Centro,C,C,ONGRID,NO,NO,NO,NO,NO,NO,-34.517583,-71.448833
FN443,3645,Centro,C,C,ONGRID,NO,NO,NO,NO,NO,NO,-34.256778,-71.057028
RO999,3646,Centro,D,C,ONGRID,NO,NO,NO,NO,NO,NO,-34.167,-70.726
FN475,3647,Centro,C,C,ONGRID,NO,NO,NO,NO,NO,NO,-34.622444,-70.940639
FN465,3648,Centro,C,C,ONGRID,NO,NO,NO,NO,NO,NO,-34.356167,-71.107195
RA100,3649,Centro,C,C,ONGRID,NO,NO,NO,NO,NO,NO,-34.350563,-70.835668
FN450,3650,Centro,C,C,ONGRID,NO,NO,NO,NO,NO,NO,-34.355861,-71.213083
OH693,3651,Centro,C,C,ONGRID,NO,SI,NO,NO,NO,NO,-34.345564,-70.805388
ESTOH030,3652,Centro,B2,nan,ONGRID,NO,NO,NO,NO,NO,NO,-34.722128,-71.684894
RP391,3653,Centro,D,nan,ONGRID,NO,NO,NO,NO,NO,NO,-33.920611,-70.722361
RPL005,3654,Centro,D,nan,OFFGRID,NO,NO,NO,NO,NO,NO,-35.671468,-71.34523
ZO082,3655,Centro,D,C,ONGRID,NO,NO,NO,NO,NO,NO,-34.534861,-70.9395
ZB141,3656,Sur,D,C,ONGRID,NO,NO,NO,NO,NO,NO,-36.713639,-72.268139
RO110,3657,Centro,D,C,ONGRID,NO,SI,NO,NO,NO,NO,-34.330824,-71.741267
RO111,3658,Centro,C,C,ONGRID,NO,NO,NO,NO,NO,NO,-34.30249,-71.79988
RS837,2767,Metropolitano,C,C,ONGRID,NO,NO,NO,NO,NO,,-33.3663888,-70.7294445
ZM310,2768,Metropolitano,C,C,ONGRID,NO,NO,NO,NO,NO,,-33.485988,-70.6515008
RP291,5744829,Austral,D,nan,ONGRID,NO,NO,NO,NO,NO,NO,-33.444334,-70.655848
RO114,3659,Centro,D,C,ONGRID,NO,NO,NO,NO,NO,NO,-34.24388,-71.739043
SA006,2774,Metropolitano,C,C,ONGRID,NO,NO,NO,NO,NO,,-33.5141939,-70.5922499
RO104,3660,Centro,C,C,ONGRID,NO,NO,NO,NO,NO,NO,-34.388889,-71.734472
RO122,3661,Centro,C,C,ONGRID,NO,NO,NO,NO,NO,NO,-34.770753,-71.129411
OH809,3662,Centro,D,C,ONGRID,NO,NO,NO,NO,NO,NO,-34.332975,-71.077069
OH484,3663,Centro,C,C,ONGRID,NO,NO,NO,NO,NO,NO,-34.254458,-70.555374
OH491,3664,Centro,C,C,ONGRID,NO,SI,NO,NO,NO,NO,-34.481549,-71.474321
OH490,3665,Centro,C,C,ONGRID,NO,SI,NO,NO,NO,NO,-34.405911,-71.625483
RO106,3666,Centro,C,C,ONGRID,NO,NO,NO,NO,NO,NO,-34.762764,-71.697944
OH776,3667,Centro,D,C,ONGRID,NO,SI,NO,NO,NO,NO,-34.193833,-70.6395
RO126,3668,Centro,D,C,ONGRID,NO,NO,NO,NO,NO,NO,-34.115571,-70.526202
RO105,3669,Centro,D,C,ONGRID,NO,NO,NO,NO,NO,NO,-34.534015,-71.414477
RA048,3670,Centro,D,C,ONGRID,NO,NO,NO,NO,NO,NO,-34.300552,-71.465142
RA049,3671,Centro,B2,C,ONGRID,NO,SI,NO,NO,NO,NO,-34.351795,-71.284726
RA068,3672,Centro,C,C,ONGRID,NO,SI,NO,NO,NO,NO,-34.414166,-71.205688
OH519,3673,Centro,C,C,ONGRID,NO,SI,NO,NO,NO,NO,-34.335778,-71.584167
RO118,3674,Centro,C,C,ONGRID,NO,NO,NO,NO,NO,NO,-34.359219,-71.040842
RO109,3675,Centro,C,C,ONGRID,NO,SI,NO,NO,NO,NO,-34.349449,-71.008454
RO965,3676,Centro,D,C,ONGRID,NO,NO,NO,NO,NO,NO,-34.614717,-70.956249
RA077,3677,Centro,D,C,ONGRID,NO,NO,NO,NO,NO,NO,-34.671103,-71.458763
RA078,3678,Centro,D,C,ONGRID,NO,NO,NO,NO,NO,NO,-34.67888,-71.542101
RM040,2803,Metropolitano,D,C,ONGRID,NO,NO,NO,NO,NO,,-33.416111,-70.5913329
ZO033,3679,Centro,D,C,ONGRID,NO,NO,NO,NO,NO,NO,-34.16725,-70.648778
FN471,3680,Centro,C,C,ONGRID,NO,NO,NO,NO,NO,NO,-34.730639,-71.009694
OH960,3681,Centro,C,C,ONGRID,NO,NO,NO,NO,NO,NO,-34.572819,-70.992211
RM483,2807,Metropolitano,D,C,ONGRID,NO,NO,NO,NO,NO,,-33.425072,-70.6124391
RM469,2808,Metropolitano,D,C,ONGRID,NO,NO,NO,NO,NO,,-33.4383534,-70.6489675
RM466,2809,Metropolitano,D,C,ONGRID,NO,NO,NO,NO,NO,,-33.442122,-70.6504889
RA090,3682,Centro,C,C,ONGRID,NO,NO,NO,NO,NO,NO,-34.59758,-70.96899
RA778,3683,Centro,C,C,ONGRID,NO,NO,NO,NO,NO,NO,-34.581,-71.002539
RM464,2812,Metropolitano,D,C,ONGRID,NO,NO,NO,NO,NO,,-33.444608,-70.651733
SA707,2813,Metropolitano,D,C,ONGRID,NO,NO,NO,NO,NO,,-33.445915,-70.654001
RM211,2815,Metropolitano,D,C,ONGRID,NO,NO,NO,NO,NO,,-33.4808536,-70.6186894
RS404,2816,Metropolitano,D,C,ONGRID,NO,NO,NO,NO,NO,,-33.442,-70.6479998
RM408,2817,Metropolitano,D,C,ONGRID,NO,NO,NO,NO,NO,,-33.4414089,-70.649523
SA706,2818,Metropolitano,D,C,ONGRID,NO,NO,NO,NO,NO,,-33.4389088,-70.6523008
RS272,2819,Metropolitano,D,B+,ONGRID,NO,NO,NO,NO,NO,,-33.4255641,-70.6132941
RM194,2820,Metropolitano,D,C,ONGRID,NO,NO,NO,NO,NO,,-33.4241878,-70.6045205
RA777,3684,Centro,C,C,ONGRID,NO,NO,NO,NO,NO,NO,-34.59813,-70.98725
OH866,3685,Centro,C,C,ONGRID,NO,SI,NO,NO,NO,NO,-33.981241,-70.705263
OH529,3686,Centro,C,C,ONGRID,NO,SI,NO,NO,NO,NO,-33.98458,-70.71445
FN507,3687,Centro,C,C,ONGRID,NO,NO,NO,NO,NO,NO,-34.313972,-70.873556
FN502,3688,Centro,C,C,ONGRID,NO,NO,NO,NO,NO,NO,-34.297694,-71.436028
FN531,3689,Centro,C,C,ONGRID,NO,NO,NO,NO,NO,NO,-34.682031,-70.991838
FN474,3690,Centro,C,C,ONGRID,NO,NO,NO,NO,NO,NO,-34.612583,-71.065167
ZO047,3691,Centro,D,C,ONGRID,NO,NO,NO,NO,NO,NO,-34.166639,-70.745083
ZO006,3692,Centro,D,C,ONGRID,NO,NO,NO,NO,NO,NO,-34.437194,-71.082722
RA112,3693,Centro,C,C,ONGRID,NO,SI,NO,NO,NO,NO,-34.43672,-71.07408
RM473,2831,Metropolitano,D,C,ONGRID,NO,NO,NO,NO,NO,,-33.441131,-70.6494611
RM148,2832,Metropolitano,D,C,ONGRID,NO,NO,NO,NO,NO,,-33.4530748,-70.6836913
OH785,3694,Centro,C,C,ONGRID,NO,NO,NO,NO,NO,NO,-34.43483,-71.05104
RS474,2834,Metropolitano,D,C,ONGRID,NO,NO,NO,NO,NO,,-33.450417,-70.5384079
ESTOH018,3695,Centro,B2,nan,ONGRID,NO,SI,NO,NO,NO,NO,-34.438896,-71.079186
RM191,2836,Metropolitano,D,C,ONGRID,NO,NO,NO,NO,NO,,-33.426169,-70.614801
RM221,2837,Metropolitano,D,C,ONGRID,NO,NO,NO,NO,NO,,-33.3530788,-70.5222922
RM129,2838,Metropolitano,D,C,ONGRID,NO,NO,NO,NO,NO,,-33.5930756,-70.5717457
ESTOH008,3696,Centro,B1,B+,ONGRID,SI,SI,NO,NO,NO,NO,-34.64353,-71.3652
RA792,3697,Centro,D,C,ONGRID,NO,NO,NO,NO,NO,NO,-34.637772,-71.36697
OH161,3698,Centro,B1,C,ONGRID,NO,SI,NO,NO,NO,NO,-34.684066,-71.356247
RA079,3699,Centro,C,C,ONGRID,NO,NO,NO,NO,NO,NO,-34.6355,-71.36253
FN472,3700,Centro,C,C,ONGRID,NO,NO,NO,NO,NO,NO,-34.703667,-70.928667
RO275,3701,Centro,D,C,ONGRID,NO,NO,NO,NO,NO,NO,-34.170068,-70.7418119
RM477,2847,Metropolitano,D,C,ONGRID,NO,NO,NO,NO,NO,,-33.433406,-70.6356061
RM124,2848,Metropolitano,D,C,ONGRID,NO,NO,NO,NO,NO,,-33.5075175,-70.7528632
RM119,2849,Metropolitano,D,C,ONGRID,NO,NO,NO,NO,NO,,-33.3589085,-70.7125792
ZO015,3702,Centro,D,C,ONGRID,NO,NO,NO,NO,NO,NO,-34.587694,-70.9850559
RA117,3703,Centro,D,C,ONGRID,NO,NO,NO,NO,NO,NO,-34.475279,-71.110685
FN467,3704,Centro,C,C,ONGRID,NO,NO,NO,NO,NO,NO,-34.469028,-71.101889
ZO502,3705,Centro,D,C,ONGRID,NO,NO,NO,NO,NO,NO,-34.21103,-71.920448
TL067,3706,Centro,C,C,ONGRID,NO,SI,NO,NO,NO,NO,-34.828672,-71.226986
RM209,2855,Metropolitano,D,C,ONGRID,NO,NO,NO,NO,NO,,-33.5158534,-70.6061898
ZO019,3707,Centro,D,C,ONGRID,NO,NO,NO,NO,NO,NO,-34.1666667,-70.7508335
SA901,2857,Metropolitano,D,C,ONGRID,NO,NO,NO,NO,NO,,-33.4883535,-70.6189669
SA906,2858,Metropolitano,D,C,ONGRID,NO,NO,NO,NO,NO,,-33.43299,-70.6567208
FN532,3708,Centro,C,C,ONGRID,NO,NO,NO,NO,NO,NO,-34.752639,-70.968444
SA482,2861,Metropolitano,D,C,ONGRID,NO,NO,NO,NO,NO,,-33.423355,-70.5536842
FN533,3709,Centro,C,C,ONGRID,NO,NO,NO,NO,NO,NO,-34.74575,-70.9355
FN538,3710,Centro,C,C,ONGRID,NO,NO,NO,NO,NO,NO,-34.653556,-70.967
SA648,2865,Metropolitano,D,C,ONGRID,NO,NO,NO,NO,NO,,-33.4369646,-70.646467
ESTOH016,3711,Centro,B2,nan,ONGRID,NO,NO,NO,NO,NO,NO,-34.166475,-70.736103
FN514,3712,Centro,C,C,ONGRID,NO,NO,NO,NO,NO,NO,-34.33725,-70.756083
FN539,3713,Centro,C,C,ONGRID,NO,NO,NO,NO,NO,NO,-34.630083,-70.978528
FN521,3714,Centro,C,C,ONGRID,NO,NO,NO,NO,NO,NO,-34.378472,-71.564333
FN516,3715,Centro,C,C,ONGRID,NO,NO,NO,NO,NO,NO,-34.412222,-71.103528
RM526,2871,Metropolitano,D,C,ONGRID,NO,NO,NO,NO,NO,,-33.4403331,-70.646886
FN468,3716,Centro,C,C,ONGRID,NO,NO,NO,NO,NO,NO,-34.385889,-71.085056
RS441,2873,Metropolitano,D,C,ONGRID,NO,NO,NO,NO,NO,,-33.401328,-70.5750418
RA349,3717,Centro,D,C,ONGRID,NO,NO,NO,NO,NO,NO,-34.179467,-70.749119
FN446,3718,Centro,C,C,ONGRID,NO,NO,NO,NO,NO,NO,-34.111194,-71.372778
RA104,3719,Centro,C,C,ONGRID,NO,SI,NO,NO,NO,NO,-34.624718,-71.315144
RO430,3720,Centro,D,C,ONGRID,NO,SI,NO,NO,NO,NO,-34.171833,-70.760306
FN444,3721,Centro,C,C,ONGRID,NO,NO,NO,NO,NO,NO,-34.268056,-71.018806
MA177,3724,Centro,D,C,ONGRID,NO,NO,NO,NO,NO,NO,-35.4397,-71.6852
MA642,3725,Centro,B2,C,ONGRID,NO,NO,NO,NO,NO,NO,-35.423505,-71.64197
MA643,3726,Centro,D,C,ONGRID,NO,NO,NO,NO,NO,NO,-35.442203,-71.633794
MA176,3727,Centro,D,C,ONGRID,NO,NO,NO,NO,NO,NO,-35.443667,-71.663944
TL111,3728,Centro,D,C,ONGRID,NO,NO,NO,NO,NO,NO,-34.990056,-71.771306
TL115,3729,Centro,D,C,ONGRID,NO,NO,NO,NO,NO,NO,-34.781647,-72.039073
TL114,3730,Centro,C,C,ONGRID,NO,NO,NO,NO,NO,NO,-36.103447,-71.896839
SA580,2889,Metropolitano,D,C,ONGRID,NO,NO,NO,NO,NO,,-33.4697418,-70.6550796
FN661,3731,Centro,C,C,ONGRID,NO,SI,NO,NO,NO,NO,-36.145806,-71.786278
SA983,2891,Metropolitano,D,C,ONGRID,NO,NO,NO,NO,NO,,-33.4152989,-70.6039646
SA284,2892,Metropolitano,D,C,ONGRID,NO,NO,NO,NO,NO,,-33.4427979,-70.6478562
FN664,3732,Centro,C,C,ONGRID,NO,NO,NO,NO,NO,NO,-36.165889,-71.737417
MA091,3733,Centro,C,C,ONGRID,NO,NO,NO,NO,NO,NO,-34.914444,-71.3525
MA591,3734,Centro,D,C,ONGRID,NO,NO,NO,NO,NO,NO,-35.426167,-71.655278
TL120,3735,Centro,B2,C,ONGRID,NO,SI,NO,NO,NO,NO,-35.4885,-71.542889
FN658,3736,Centro,C,C,ONGRID,NO,NO,NO,NO,NO,NO,-36.289694,-71.727444
ZM197,2898,Metropolitano,D,C,ONGRID,NO,NO,NO,NO,NO,,-33.444444,-70.6552779
FN603,3737,Centro,C,C,ONGRID,NO,NO,NO,NO,NO,NO,-35.459444,-71.307583
ZU037,3738,Centro,D,C,ONGRID,NO,NO,NO,NO,NO,NO,-34.983444,-71.254722
MA020,3739,Centro,B2,C,ONGRID,NO,SI,NO,NO,NO,NO,-35.441278,-71.613833
SA556,2902,Metropolitano,D,C,ONGRID,NO,NO,NO,NO,NO,,-33.444187,-70.655357
FN690,3740,Centro,C,C,OFFGRID,NO,NO,NO,NO,NO,NO,-35.169805,-71.327389
TL125,3741,Centro,C,C,ONGRID,NO,NO,NO,NO,NO,NO,-35.87965,-71.678719
FN687,3742,Centro,C,C,ONGRID,NO,NO,NO,NO,NO,NO,-35.286111,-71.776972
TL407,3743,Centro,D,C,ONGRID,NO,NO,NO,NO,NO,NO,-34.688889,-72.052778
MA336,3744,Centro,B2,C,ONGRID,NO,SI,NO,NO,NO,NO,-35.285824,-71.205157
RS038,2909,Metropolitano,D,C,ONGRID,NO,NO,NO,NO,NO,,-33.4358533,-70.654523
MA335,3745,Centro,B2,C,ONGRID,NO,SI,NO,NO,NO,NO,-35.688861,-71.919094
MA092,3746,Centro,C,C,ONGRID,NO,NO,NO,NO,NO,NO,-35.0677777,-70.898611
MA022,3747,Centro,C,C,ONGRID,NO,NO,NO,NO,NO,NO,-35.481074,-72.50356
RS041,2914,Metropolitano,D,C,ONGRID,NO,NO,NO,NO,NO,,-33.441686,-70.692858
FN668,3748,Centro,C,C,ONGRID,NO,NO,NO,NO,NO,NO,-35.608083,-71.670694
FN599,3749,Centro,C,C,ONGRID,NO,NO,NO,NO,NO,NO,-35.516722,-71.616611
FN634,3750,Centro,C,C,ONGRID,NO,NO,NO,NO,NO,NO,-35.008487,-72.032308
MA565,3751,Centro,D,C,ONGRID,NO,NO,NO,NO,NO,NO,-35.219987,-71.418777
MA024,3752,Centro,B2,C,ONGRID,NO,NO,NO,NO,NO,NO,-35.869957,-72.594133
ZU149,3753,Centro,D,C,ONGRID,NO,NO,NO,NO,NO,NO,-35.957889,-72.026083
MA646,3754,Centro,D,C,ONGRID,NO,NO,NO,NO,NO,NO,-35.422167,-71.671
FN618,3755,Centro,C,C,ONGRID,NO,NO,NO,NO,NO,NO,-35.651444,-72.533472
FN609,3756,Centro,C,C,ONGRID,NO,NO,NO,NO,NO,NO,-35.492222,-71.207694
FN726,3757,Centro,C,C,ONGRID,NO,NO,NO,NO,NO,NO,-35.545306,-71.227722
FN677,3758,Centro,C,C,ONGRID,NO,NO,NO,NO,NO,NO,-35.250778,-72.247778
MA061,3759,Centro,C,C,ONGRID,NO,SI,NO,NO,NO,NO,-35.842056,-72.628389
ZU150,3760,Centro,D,C,ONGRID,NO,NO,NO,NO,NO,NO,-35.350889,-71.120306
TL079,3761,Centro,D,C,ONGRID,NO,NO,NO,NO,NO,NO,-36.29136,-71.655766
ESTMA009,3762,Centro,B1,nan,ONGRID,SI,SI,NO,NO,NO,NO,-35.964636,-72.312951
MA532,3763,Centro,B2,C,ONGRID,NO,NO,NO,NO,NO,NO,-35.957608,-72.303869
MA283,3764,Centro,C,C,ONGRID,NO,NO,NO,NO,NO,NO,-35.991508,-72.315006
MA304,3765,Centro,B2,C,ONGRID,NO,NO,NO,NO,NO,NO,-35.97,-72.3236
SA147,2936,Metropolitano,C,C,ONGRID,NO,SI,NO,NO,NO,,-33.468675,-70.6255639
MA426,3766,Centro,D,B+,ONGRID,NO,NO,NO,NO,NO,NO,-35.964528,-72.31275
MA256,3767,Centro,C,C,ONGRID,NO,NO,NO,NO,NO,NO,-35.962056,-72.339392
RS363,2939,Metropolitano,D,C,ONGRID,NO,NO,NO,NO,NO,,-33.558694,-70.6974721
MA282,3768,Centro,B2,C,ONGRID,NO,NO,NO,NO,NO,NO,-35.965794,-72.365513
TL174,3769,Centro,D,C,ONGRID,NO,NO,NO,NO,NO,NO,-35.6614372,-71.3554255
FN578,3770,Centro,C,C,ONGRID,NO,NO,NO,NO,NO,NO,-35.032028,-71.299944
RS426,2944,Metropolitano,D,C,ONGRID,NO,SI,NO,NO,NO,,-33.436467,-70.5259029
ESTMA010,3771,Centro,B1,nan,OFFGRID,NO,NO,NO,NO,NO,NO,-35.828056,-72.424722
MA609,3772,Centro,C,C,ONGRID,NO,NO,NO,NO,NO,NO,-35.045541,-71.616282
ESTMA018,3773,Centro,B2,nan,ONGRID,NO,NO,NO,NO,NO,NO,-34.4178972,-71.6210472
TL353,3774,Centro,D,C,ONGRID,NO,NO,NO,NO,NO,NO,-35.346221,-72.421645
MA793,3775,Centro,B1,B+,ONGRID,SI,SI,NO,NO,NO,NO,-35.725244,-72.527885
SA887,2951,Metropolitano,D,C,ONGRID,NO,NO,NO,NO,NO,,-33.4153941,-70.6056941
FN619,3776,Centro,C,C,ONGRID,NO,NO,NO,NO,NO,NO,-35.692333,-72.518
ZL564,5745122,Austral,D,nan,ONGRID,NO,NO,NO,NO,NO,NO,-33.444041,-70.655555
FN621,3777,Centro,C,C,ONGRID,NO,NO,NO,NO,NO,NO,-35.756611,-72.496167
FN620,3778,Centro,C,C,ONGRID,NO,NO,NO,NO,NO,NO,-35.759028,-72.518028
TL072,3779,Centro,C,C,ONGRID,NO,NO,NO,NO,NO,NO,-35.796692,-72.524394
MA333,3780,Centro,C,C,ONGRID,NO,NO,NO,NO,NO,NO,-35.602694,-71.704889
ZU500,3781,Centro,D,C,ONGRID,NO,NO,NO,NO,NO,NO,-35.152231,-72.197403
FN623,3782,Centro,C,C,ONGRID,NO,NO,NO,NO,NO,NO,-35.904662,-72.676839
FN678,3783,Centro,C,C,ONGRID,NO,NO,NO,NO,NO,NO,-35.237972,-72.124528
FN679,3784,Centro,C,C,ONGRID,NO,NO,NO,NO,NO,NO,-35.253167,-72.099611
ESTMA012,3785,Centro,B2,nan,ONGRID,NO,NO,NO,NO,NO,NO,-35.700035,-71.393006
MA288,3786,Centro,C,C,ONGRID,NO,SI,NO,NO,NO,NO,-35.695944,-71.406917
MA314,3787,Centro,B2,C,ONGRID,NO,SI,NO,NO,NO,NO,-35.705056,-71.355233
FN683,3788,Centro,C,C,ONGRID,NO,NO,NO,NO,NO,NO,-35.478222,-71.747555
MA636,3789,Centro,B2,C,ONGRID,NO,NO,NO,NO,NO,NO,-35.322459,-72.412309
MA809,3790,Centro,D,C,ONGRID,NO,NO,NO,NO,NO,NO,-35.335,-72.4147
SA579,2970,Metropolitano,D,C,ONGRID,NO,SI,NO,NO,NO,,-33.54423,-70.6704541
MA629,3791,Centro,D,C,ONGRID,NO,SI,NO,NO,NO,NO,-35.341556,-72.398611
MA628,3792,Centro,C,C,ONGRID,NO,NO,NO,NO,NO,NO,-35.340045,-72.413792
FN625,3793,Centro,C,C,ONGRID,NO,NO,NO,NO,NO,NO,-34.97825,-71.299222
FN693,3794,Centro,C,C,ONGRID,NO,NO,NO,NO,NO,NO,-35.588278,-71.203722
FN688,3795,Centro,C,C,ONGRID,NO,NO,NO,NO,NO,NO,-35.440111,-71.867889
FN616,3796,Centro,C,C,ONGRID,NO,NO,NO,NO,NO,NO,-36.043861,-72.449445
MA388,3797,Centro,C,C,ONGRID,NO,NO,NO,NO,NO,NO,-35.627083,-71.7035
MA419,3798,Centro,C,C,ONGRID,NO,SI,NO,NO,NO,NO,-35.450111,-72.268028
MA544,3800,Centro,C,C,ONGRID,NO,SI,NO,NO,NO,NO,-35.2775,-71.262694
ESTMA023,3801,Centro,B2,nan,ONGRID,NO,SI,NO,NO,NO,NO,-35.095855,-72.020889
MA660,3802,Centro,C,C,ONGRID,NO,SI,NO,NO,NO,NO,-35.094101,-72.037194
SWCUR,3803,Centro,A,nan,ONGRID,NO,NO,NO,SI,SI,NO,-34.978183,-71.244896
MA010,3804,Centro,D,C,ONGRID,NO,NO,NO,NO,NO,NO,-34.981167,-71.246111
RS386,2986,Metropolitano,D,C,ONGRID,NO,NO,NO,NO,NO,,-33.447911,-70.6451828
MA240,3805,Centro,C,C,ONGRID,NO,SI,NO,NO,NO,NO,-34.971552,-71.248432
ZM024,2988,Metropolitano,D,C,ONGRID,NO,NO,NO,NO,NO,,-33.441111,-70.648056
MA007,3806,Centro,B2,C,ONGRID,NO,NO,NO,NO,NO,NO,-34.990532,-71.238593
MA359,3807,Centro,D,C,ONGRID,NO,SI,NO,NO,NO,NO,-34.986558,-71.243665
MA275,3808,Centro,C,C,ONGRID,NO,NO,NO,NO,NO,NO,-34.969193,-71.200346
MA257,3809,Centro,C,C,ONGRID,NO,SI,NO,NO,NO,NO,-35.014847,-71.248648
MA008,3810,Centro,D,C,ONGRID,NO,NO,NO,NO,NO,NO,-34.975969,-71.214414
MA298,3811,Centro,C,C,ONGRID,NO,NO,NO,NO,NO,NO,-34.976104,-71.25654
MA291,3812,Centro,C,C,ONGRID,NO,SI,NO,NO,NO,NO,-34.960181,-71.229268
MA608,3813,Centro,D,C,ONGRID,NO,NO,NO,NO,NO,NO,-34.983064,-71.238704
TL020,3814,Centro,D,C,ONGRID,NO,SI,NO,NO,NO,NO,-34.998861,-71.243028
MA180,3815,Centro,D,C,ONGRID,NO,NO,NO,NO,NO,NO,-34.986893,-71.232822
MA276,3816,Centro,C,C,ONGRID,NO,NO,NO,NO,NO,NO,-34.998835,-71.197925
ZU160,3817,Centro,C,C,ONGRID,NO,NO,NO,NO,NO,NO,-35.687278,-72.142111
MA644,3818,Centro,D,C,ONGRID,NO,NO,NO,NO,NO,NO,-35.43942,-71.653083
TL189,3819,Centro,D,C,ONGRID,NO,NO,NO,NO,NO,NO,-35.417222,-71.662694
FN674,3820,Centro,C,C,ONGRID,NO,NO,NO,NO,NO,NO,-35.655,-71.571278
MA951,3821,Centro,C,C,ONGRID,NO,NO,NO,NO,NO,NO,-34.887198,-72.164915
FN577,3822,Centro,C,C,ONGRID,NO,NO,NO,NO,NO,NO,-34.890389,-72.174222
FN739,3823,Centro,C,C,ONGRID,NO,NO,NO,NO,NO,NO,-34.903607,-72.180133
ESTMA019,3824,Centro,B2,nan,ONGRID,NO,NO,NO,NO,NO,NO,-35.428029,-71.653381
MA348,3825,Centro,D,C,ONGRID,NO,NO,NO,NO,NO,NO,-35.429697,-71.675307
FN604,3826,Centro,C,C,ONGRID,NO,NO,NO,NO,NO,NO,-35.223361,-71.335972
TL018,3827,Centro,D,C,ONGRID,NO,NO,NO,NO,NO,NO,-34.972972,-71.230972
FN608,3828,Centro,B2,C,ONGRID,NO,NO,NO,NO,NO,NO,-35.627111,-71.275528
FN569,3829,Centro,C,C,ONGRID,NO,NO,NO,NO,NO,NO,-35.41575,-71.870139
FS969,3830,Centro,C,C,ONGRID,NO,NO,NO,NO,NO,NO,-34.963889,-71.072194
FN669,3831,Centro,C,C,ONGRID,NO,SI,NO,NO,NO,NO,-35.569167,-71.691722
FN637,3832,Centro,C,C,ONGRID,NO,NO,NO,NO,NO,NO,-34.875917,-71.274528
TL126,3833,Centro,C,C,ONGRID,NO,NO,NO,NO,NO,NO,-36.0575,-71.5625
MA618,3834,Centro,B2,C,ONGRID,NO,NO,NO,NO,NO,NO,-35.588694,-72.236528
MA566,3835,Centro,C,C,ONGRID,NO,SI,NO,NO,NO,NO,-35.588129,-72.283029
TL504,3836,Centro,D,C,ONGRID,NO,NO,NO,NO,NO,NO,-35.8437,-71.6063739
FN591,3837,Centro,C,C,ONGRID,NO,NO,NO,NO,NO,NO,-35.692833,-71.620611
MA343,3838,Centro,C,C,ONGRID,NO,NO,NO,NO,NO,NO,-35.16653,-71.4066
TL063,3839,Centro,B2,C,ONGRID,NO,NO,NO,NO,NO,NO,-35.740533,-71.643804
MA654,3840,Centro,C,C,ONGRID,NO,NO,NO,NO,NO,NO,-35.684979,-71.73908
MA278,3841,Centro,C,C,ONGRID,NO,SI,NO,NO,NO,NO,-35.841648,-71.62337
TL162,3842,Centro,D,C,ONGRID,NO,NO,NO,NO,NO,NO,-35.391667,-72.3744439
FN639,3843,Centro,C,C,ONGRID,NO,NO,NO,NO,NO,NO,-34.970278,-71.004972
FN633,3844,Centro,C,C,ONGRID,NO,NO,NO,NO,NO,NO,-35.042532,-72.110057
FN653,3845,Centro,C,C,ONGRID,NO,NO,NO,NO,NO,NO,-35.891056,-71.587111
FN592,3846,Centro,C,C,ONGRID,NO,NO,NO,NO,NO,NO,-35.691028,-71.667
FN636,3847,Centro,C,C,ONGRID,NO,NO,NO,NO,NO,NO,-34.867972,-71.211778
TL187,3848,Centro,D,C,ONGRID,NO,NO,NO,NO,NO,NO,-34.990278,-71.244722
AM429,3046,Metropolitano,D,C,ONGRID,NO,NO,NO,NO,NO,,-33.42119,-70.6157301
ESTMA014,3849,Centro,B2,nan,ONGRID,NO,SI,NO,NO,NO,NO,-34.972516,-71.799337
MA651,3850,Centro,C,C,ONGRID,NO,SI,NO,NO,NO,NO,-34.99411,-71.81514
FN530,3851,Centro,C,C,ONGRID,NO,NO,NO,NO,NO,NO,-34.846889,-70.981417
MA963,3852,Centro,B2,C,ONGRID,NO,NO,NO,NO,NO,NO,-34.942667,-72.1845
FN617,3853,Centro,C,C,ONGRID,NO,NO,NO,NO,NO,NO,-35.925917,-72.318833
RM970,3055,Metropolitano,D,C,ONGRID,NO,NO,NO,NO,NO,,-33.597478,-70.6278031
FN564,3854,Centro,C,C,ONGRID,NO,NO,NO,NO,NO,NO,-35.136278,-71.355917
MA806,3855,Centro,C,C,ONGRID,NO,NO,NO,NO,NO,NO,-35.396972,-72.365889
FN581,3856,Centro,C,C,ONGRID,NO,NO,NO,NO,NO,NO,-35.869472,-71.733389
FN582,3857,Centro,C,C,ONGRID,NO,NO,NO,NO,NO,NO,-35.844722,-71.74225
FN735,3858,Centro,C,C,ONGRID,NO,NO,NO,NO,NO,NO,-35.534639,-71.27625
FN691,3859,Centro,C,C,ONGRID,NO,NO,NO,NO,NO,NO,-35.314361,-71.345444
ZU165,3860,Centro,D,C,ONGRID,NO,NO,NO,NO,NO,NO,-35.17875,-71.11925
FN659,3861,Centro,C,C,ONGRID,NO,NO,NO,NO,NO,NO,-36.081778,-71.843472
FN631,3862,Centro,C,C,ONGRID,NO,NO,NO,NO,NO,NO,-35.061861,-71.6945
SA276,3067,Metropolitano,D,C,ONGRID,NO,NO,NO,NO,NO,,-33.4372423,-70.649801
FN644,3863,Centro,C,C,ONGRID,NO,NO,NO,NO,NO,NO,-34.950028,-70.989334
SA900,3072,Metropolitano,B2,C+,ONGRID,NO,NO,NO,NO,NO,,-33.343586,-70.7090609
FN645,3864,Centro,C,C,ONGRID,NO,NO,NO,NO,NO,NO,-34.983306,-70.950167
SA662,3075,Metropolitano,D,C,ONGRID,NO,NO,NO,NO,NO,,-33.366508,-70.7135249
FN567,3865,Centro,C,C,ONGRID,NO,NO,NO,NO,NO,NO,-36.217667,-71.573889
FN598,3866,Centro,C,C,ONGRID,NO,NO,NO,NO,NO,NO,-35.622972,-72.260528
FN583,3867,Centro,C,C,ONGRID,NO,NO,NO,NO,NO,NO,-35.989028,-71.556972
FN731,3868,Centro,C,C,ONGRID,NO,NO,NO,NO,NO,NO,-35.95625,-71.518278
FN656,3869,Centro,C,C,ONGRID,NO,NO,NO,NO,NO,NO,-36.083944,-71.623194
FN932,3870,Centro,C,C,ONGRID,NO,NO,NO,NO,NO,NO,-35.876972,-72.445917
FN622,3871,Centro,C,C,ONGRID,NO,NO,NO,NO,NO,NO,-35.879139,-72.470806
FN647,3872,Centro,C,C,ONGRID,NO,NO,NO,NO,NO,NO,-34.848333,-71.306389
TL222,3873,Centro,C,C,ONGRID,NO,NO,NO,NO,NO,NO,-34.8475,-72.050414
FN646,3874,Centro,C,C,ONGRID,NO,NO,NO,NO,NO,NO,-35.903167,-72.635167
RS534,3092,Metropolitano,D,C,ONGRID,NO,NO,NO,NO,NO,,-33.391833,-70.6516391
FN624,3875,Centro,C,C,OFFGRID,NO,NO,NO,NO,NO,NO,-35.885,-72.636028
FN689,3876,Centro,C,C,ONGRID,NO,NO,NO,NO,NO,NO,-35.320111,-71.901555
FN740,3877,Centro,C,C,ONGRID,NO,NO,NO,NO,NO,NO,-34.993833,-71.972417
ESTMA016,3878,Centro,B2,nan,ONGRID,NO,SI,NO,NO,NO,NO,-34.985772,-71.980441
MA299,3879,Centro,C,C,ONGRID,NO,SI,NO,NO,NO,NO,-34.979998,-71.983075
FN602,3880,Centro,C,C,ONGRID,NO,NO,NO,NO,NO,NO,-35.45475,-71.271806
MA361,3881,Centro,B2,C,ONGRID,NO,NO,NO,NO,NO,NO,-35.858,-71.602722
MA581,3882,Centro,D,C,ONGRID,NO,NO,NO,NO,NO,NO,-35.85195,-71.5864
TL001,3883,Centro,B2,C,ONGRID,NO,NO,NO,NO,NO,NO,-35.839136,-71.577186
MA988,3884,Centro,D,C,ONGRID,NO,SI,NO,NO,NO,NO,-35.842,-71.5999
MA989,3885,Centro,D,C,ONGRID,NO,NO,NO,NO,NO,NO,-35.83505,-71.59084
TL167,3886,Centro,D,C,ONGRID,NO,NO,NO,NO,NO,NO,-35.842568,-71.587276
MA986,3887,Centro,D,C,ONGRID,NO,NO,NO,NO,NO,NO,-35.834567,-71.614806
RS390,3108,Metropolitano,D,C,ONGRID,NO,NO,NO,NO,NO,,-33.403059,-70.570673
TL003,3888,Centro,D,C,ONGRID,NO,NO,NO,NO,NO,NO,-35.852375,-71.608958
SA189,3111,Metropolitano,D,C,ONGRID,NO,NO,NO,NO,NO,,-33.4394644,-70.6514674
MA277,3889,Centro,B1,C,ONGRID,NO,SI,NO,NO,NO,NO,-35.86605,-71.59592
TL002,3890,Centro,D,C,ONGRID,NO,NO,NO,NO,NO,NO,-35.85883,-71.57822
MA034,3891,Centro,C,C,ONGRID,NO,SI,NO,NO,NO,NO,-34.753688,-72.068356
ZU502,3892,Centro,D,C,ONGRID,NO,NO,NO,NO,NO,NO,-35.176086,-71.983844
FN601,3893,Centro,C,C,ONGRID,NO,NO,NO,NO,NO,NO,-35.379278,-71.479056
FN579,3894,Centro,C,C,ONGRID,NO,NO,NO,NO,NO,NO,-35.001333,-71.331944
FN673,3895,Centro,C,C,ONGRID,NO,NO,NO,NO,NO,NO,-35.65325,-71.7185
MA175,3896,Centro,C,C,ONGRID,NO,SI,NO,NO,NO,NO,-35.968733,-71.687753
TL098,3897,Centro,C,C,ONGRID,NO,SI,NO,NO,NO,NO,-35.960251,-71.685758
TL069,3898,Centro,D,C,ONGRID,NO,NO,NO,NO,NO,NO,-36.004417,-71.728261
MA155,3899,Centro,C,C,ONGRID,NO,NO,NO,NO,NO,NO,-35.088047,-71.269322
MA347,3900,Centro,C,C,ONGRID,NO,NO,NO,NO,NO,NO,-35.060825,-71.264321
TL119,3901,Centro,C,C,ONGRID,NO,SI,NO,NO,NO,NO,-35.055824,-71.352658
FN660,3902,Centro,C,C,ONGRID,NO,NO,NO,NO,NO,NO,-36.226361,-71.735639
TL096,3903,Centro,B2,C,ONGRID,NO,NO,NO,NO,NO,NO,-36.016861,-71.647417
FN931,3904,Centro,C,C,ONGRID,NO,NO,NO,NO,NO,NO,-34.928361,-71.237639
FN692,3905,Centro,B2,C,ONGRID,NO,NO,NO,NO,NO,NO,-35.307417,-71.142056
ZU506,3906,Centro,D,C,ONGRID,NO,NO,NO,NO,NO,NO,-35.966226,-71.438932
FN753,3907,Centro,C,C,ONGRID,NO,NO,NO,NO,NO,NO,-35.572667,-71.275972
FN573,3908,Centro,C,C,ONGRID,NO,NO,NO,NO,NO,NO,-35.110528,-71.213639
MA121,3909,Centro,C,C,ONGRID,NO,NO,NO,NO,NO,NO,-35.080143,-71.125405
FN597,3910,Centro,C,C,ONGRID,NO,SI,NO,NO,NO,NO,-35.497611,-72.515806
FN641,3911,Centro,C,C,ONGRID,NO,NO,NO,NO,NO,NO,-35.004556,-70.815472
FN643,3912,Centro,C,C,ONGRID,NO,NO,NO,NO,NO,NO,-35.073306,-71.474528
FN587,3913,Centro,C,C,ONGRID,NO,NO,NO,NO,NO,NO,-36.1495,-71.690278
FN588,3914,Centro,C,C,ONGRID,NO,NO,NO,NO,NO,NO,-36.117361,-71.749944
ZU046,3915,Centro,D,C,ONGRID,NO,NO,NO,NO,NO,NO,-35.111556,-71.288944
FN675,3916,Centro,C,C,ONGRID,NO,NO,NO,NO,NO,NO,-35.643389,-71.499028
FN580,3917,Centro,C,C,ONGRID,NO,NO,NO,NO,NO,NO,-35.837472,-71.678639
RS822,3145,Metropolitano,D,C,ONGRID,NO,NO,NO,NO,NO,,-33.4405556,-70.6541667
FN589,3918,Centro,C,C,ONGRID,NO,NO,NO,NO,NO,NO,-36.033083,-71.738945
MA596,3919,Centro,C,C,ONGRID,NO,NO,NO,NO,NO,NO,-34.991944,-71.2443391
TL338,3920,Centro,D,C,ONGRID,NO,NO,NO,NO,NO,NO,-35.432572,-71.6306721
FN611,3921,Centro,C,C,ONGRID,NO,NO,NO,NO,NO,NO,-35.51775,-71.442694
MA042,3922,Centro,C,C,ONGRID,NO,SI,NO,NO,NO,NO,-35.52567,-71.70492
MA849,3923,Centro,C,C,ONGRID,NO,NO,NO,NO,NO,NO,-35.636372,-71.399067
TL103,3928,Centro,C,C,ONGRID,NO,NO,NO,NO,NO,NO,-35.7245,-71.757361
MA338,3929,Centro,C,C,ONGRID,NO,NO,NO,NO,NO,NO,-36.028308,-71.596866
MA290,3930,Centro,C,C,ONGRID,NO,NO,NO,NO,NO,NO,-35.1045,-71.30257
MA174,3931,Centro,C,C,ONGRID,NO,SI,NO,NO,NO,NO,-35.11531,-71.2793
FN590,3932,Centro,C,C,ONGRID,NO,NO,NO,NO,NO,NO,-35.565028,-72.037611
TL123,3933,Centro,C,C,ONGRID,NO,NO,NO,NO,NO,NO,-35.554872,-72.090414
ZU072,3934,Centro,D,C,ONGRID,NO,NO,NO,NO,NO,NO,-35.30425,-71.518417
MA342,3935,Centro,C,C,ONGRID,NO,NO,NO,NO,NO,NO,-35.161658,-71.769953
MA123,3936,Centro,C,C,ONGRID,NO,NO,NO,NO,NO,NO,-35.583867,-71.627807
TL116,3937,Centro,C,C,ONGRID,NO,NO,NO,NO,NO,NO,-35.614333,-72.57675
FN655,3938,Centro,C,C,ONGRID,NO,NO,NO,NO,NO,NO,-35.771272,-71.802789
FN635,3939,Centro,C,C,ONGRID,NO,NO,NO,NO,NO,NO,-35.032417,-71.522639
FN696,3940,Centro,C,C,ONGRID,NO,NO,NO,NO,NO,NO,-35.332583,-71.453139
MA669,3941,Centro,C,C,ONGRID,NO,NO,NO,NO,NO,NO,-35.780278,-71.4235
TL068,3942,Centro,C,C,ONGRID,NO,NO,NO,NO,NO,NO,-35.7299,-71.489117
MA289,3943,Centro,B2,C,ONGRID,NO,NO,NO,NO,NO,NO,-36.139031,-71.834356
TL349,3944,Centro,D,C,ONGRID,NO,NO,NO,NO,NO,NO,-35.98,-72.206944
TL071,3945,Centro,C,C,ONGRID,NO,NO,NO,NO,NO,NO,-36.218875,-71.813611
MA340,3946,Centro,B2,C,ONGRID,NO,NO,NO,NO,NO,NO,-35.698572,-72.477177
FN694,3947,Centro,B2,C,ONGRID,NO,NO,NO,NO,NO,NO,-35.720833,-71.174861
FN767,3948,Centro,B2,C,ONGRID,NO,NO,NO,NO,NO,NO,-35.722972,-71.227222
TL066,3949,Centro,B2,C,ONGRID,NO,NO,NO,NO,NO,NO,-34.82972,-71.0834
TL494,3950,Centro,B2,C,ONGRID,NO,NO,NO,NO,NO,NO,-36.002306,-71.434806
MA153,3951,Centro,C,C,ONGRID,NO,SI,NO,NO,NO,NO,-35.379854,-71.442458
FN725,3952,Centro,C,C,ONGRID,NO,NO,NO,NO,NO,NO,-35.384806,-71.513806
FN570,3953,Centro,C,C,ONGRID,NO,SI,NO,NO,NO,NO,-35.575222,-72.598278
MA062,3954,Centro,C,C,ONGRID,NO,SI,NO,NO,NO,NO,-35.407478,-71.779634
TL121,3955,Centro,C,C,ONGRID,NO,NO,NO,NO,NO,NO,-35.569139,-71.333806
FN600,3957,Centro,C,C,ONGRID,NO,NO,NO,NO,NO,NO,-35.448,-71.4205
TL132,3958,Centro,C,C,ONGRID,NO,NO,NO,NO,NO,NO,-35.52425,-72.187556
FN665,3959,Centro,C,C,ONGRID,NO,NO,NO,NO,NO,NO,-35.973083,-71.770361
ZU509,3960,Centro,C,C,ONGRID,NO,NO,NO,NO,NO,NO,-35.748749,-71.940732
ONUMA001,3961,Centro,B2,nan,ONGRID,NO,NO,NO,NO,NO,NO,-35.429332,-71.635482
FN615,3962,Centro,C,C,ONGRID,NO,NO,NO,NO,NO,NO,-35.929556,-72.359333
FN681,3963,Centro,C,C,ONGRID,NO,NO,NO,NO,NO,NO,-35.63125,-72.165167
FN758,3964,Centro,C,C,ONGRID,NO,NO,NO,NO,NO,NO,-35.494228,-71.304283
FN612,3965,Centro,C,C,ONGRID,NO,NO,NO,NO,NO,NO,-35.438722,-71.528472
MA139,3966,Centro,C,C,ONGRID,NO,NO,NO,NO,NO,NO,-35.776556,-71.65931
MA656,3967,Centro,C,C,ONGRID,NO,NO,NO,NO,NO,NO,-35.213056,-72.273333
ZU047,3968,Centro,C,C,ONGRID,NO,NO,NO,NO,NO,NO,-35.12278,-71.284839
MA280,3969,Centro,B1,C,ONGRID,NO,NO,NO,NO,NO,NO,-36.046631,-72.088001
FN719,3970,Centro,C,C,ONGRID,NO,SI,NO,NO,NO,NO,-35.586444,-71.446167
FN585,3971,Centro,C,C,ONGRID,NO,NO,NO,NO,NO,NO,-36.100028,-72.06175
FN685,3972,Centro,C,C,ONGRID,NO,NO,NO,NO,NO,NO,-35.54525,-71.639972
FN572,3973,Centro,C,C,ONGRID,NO,NO,NO,NO,NO,NO,-35.866778,-72.644695
FN670,3974,Centro,C,C,ONGRID,NO,NO,NO,NO,NO,NO,-35.653222,-72.019972
TL009,3975,Centro,D,C,ONGRID,NO,NO,NO,NO,NO,NO,-35.783333,-71.391111
SA355,3216,Metropolitano,D,C,ONGRID,NO,NO,NO,NO,NO,,-33.444358,-70.624053
ZU510,3976,Centro,D,C,ONGRID,NO,NO,NO,NO,NO,NO,-35.588328,-72.123781
MA346,3977,Centro,C,C,ONGRID,NO,SI,NO,NO,NO,NO,-34.916104,-71.319597
FN663,3978,Centro,C,C,ONGRID,NO,NO,NO,NO,NO,NO,-36.240806,-71.714111
ESTMA020,3979,Centro,B2,nan,ONGRID,NO,NO,NO,NO,NO,NO,-35.675147,-71.542969
ESTMA024,3980,Centro,B2,nan,ONGRID,NO,NO,NO,NO,NO,NO,-34.900591,-72.179165
ESTMA025,3981,Centro,B2,nan,ONGRID,NO,NO,NO,NO,NO,NO,-34.856234,-72.141177
ESTMA011,3983,Centro,B2,nan,ONGRID,NO,NO,NO,NO,NO,NO,-35.967677,-72.350712
ESTMA006,3984,Centro,B2,nan,ONGRID,NO,SI,NO,NO,NO,NO,-36.019062,-71.75441
MA012,3985,Centro,C,C,ONGRID,NO,NO,NO,NO,NO,NO,-36.052694,-71.764833
TL070,3986,Centro,C,C,ONGRID,NO,NO,NO,NO,NO,NO,-36.104565,-71.796876
ZU512,3987,Centro,D,C,ONGRID,NO,NO,NO,NO,NO,NO,-35.984873,-72.455456
FN584,3988,Centro,B2,C,ONGRID,NO,NO,NO,NO,NO,NO,-35.945444,-71.621722
ZU056,3989,Centro,D,C,ONGRID,NO,NO,NO,NO,NO,NO,-35.399444,-71.6295
MA652,3990,Centro,B2,C,ONGRID,NO,NO,NO,NO,NO,NO,-34.947515,-71.111506
ESTMA029,3991,Centro,B2,nan,ONGRID,NO,NO,NO,NO,NO,NO,-34.816667,-72.103611
ESTMA028,3992,Centro,B2,nan,ONGRID,NO,NO,NO,NO,NO,NO,-35.967628,-72.322233
ESTMA027,3993,Centro,B2,nan,ONGRID,NO,NO,NO,NO,NO,NO,-34.985245,-71.984988
ZU106,3994,Centro,D,C,ONGRID,NO,NO,NO,NO,NO,NO,-35.661632,-71.69373
MA303,3995,Centro,C,C,ONGRID,NO,NO,NO,NO,NO,NO,-34.918101,-71.16457
TL163,3996,Centro,D,C,ONGRID,NO,NO,NO,NO,NO,NO,-35.836139,-72.506139
TL117,3997,Centro,C,C,ONGRID,NO,NO,NO,NO,NO,NO,-35.850417,-72.483722
TL484,3998,Centro,D,C,ONGRID,NO,NO,NO,NO,NO,NO,-35.456667,-71.695556
MA248,3999,Centro,D,C,ONGRID,NO,NO,NO,NO,NO,NO,-35.322198,-71.934083
MA249,4000,Centro,B2,C,ONGRID,NO,NO,NO,NO,NO,NO,-35.375255,-71.871304
MA246,4001,Centro,D,C,ONGRID,NO,NO,NO,NO,NO,NO,-35.115534,-71.947967
MA247,4002,Centro,C,C,ONGRID,NO,NO,NO,NO,NO,NO,-35.291369,-71.978529
MA349,4003,Centro,C,C,ONGRID,NO,NO,NO,NO,NO,NO,-35.131025,-71.649706
TL112,4004,Centro,C,C,ONGRID,NO,NO,NO,NO,NO,NO,-34.991667,-71.927417
RM621,3251,Metropolitano,D,C,ONGRID,NO,NO,NO,NO,NO,,-33.500956,-70.725864
MA655,4005,Centro,C,C,ONGRID,NO,SI,NO,NO,NO,NO,-35.907896,-71.650735
MA306,4006,Centro,C,C,ONGRID,NO,NO,NO,NO,NO,NO,-35.270246,-72.341046
MA305,4007,Centro,C,C,ONGRID,NO,NO,NO,NO,NO,NO,-34.96639,-71.15678
TL118,4008,Centro,C,C,ONGRID,NO,NO,NO,NO,NO,NO,-35.587889,-71.994611
MA245,4009,Centro,B2,C,ONGRID,NO,SI,NO,NO,NO,NO,-34.87211,-72.005599
MA255,4010,Centro,C,C,ONGRID,NO,SI,NO,NO,NO,NO,-35.002271,-71.384501
AM481,3264,Metropolitano,D,C,ONGRID,NO,NO,NO,NO,NO,,-33.404362,-70.5704332
ZU513,4011,Centro,D,C,ONGRID,NO,NO,NO,NO,NO,NO,-35.966187,-72.662015
FN654,4012,Centro,C,C,ONGRID,NO,NO,NO,NO,NO,NO,-35.886611,-71.531806
FN671,4013,Centro,C,C,ONGRID,NO,NO,NO,NO,NO,NO,-35.659389,-71.817361
MA466,4014,Centro,C,C,ONGRID,NO,SI,NO,NO,NO,NO,-35.53301,-71.49242
MA296,4015,Centro,C,C,ONGRID,NO,SI,NO,NO,NO,NO,-35.519389,-71.514861
FN605,4016,Centro,C,C,ONGRID,NO,NO,NO,NO,NO,NO,-35.210944,-71.253667
FN667,4017,Centro,C,C,ONGRID,NO,NO,NO,NO,NO,NO,-36.086083,-71.728944
MA653,4018,Centro,B2,C,ONGRID,NO,NO,NO,NO,NO,NO,-35.5955,-71.7263
AM397,3273,Metropolitano,D,C,ONGRID,NO,NO,NO,NO,NO,,-33.43869,-70.6087901
MA396,4019,Centro,B2,C,ONGRID,NO,SI,NO,NO,NO,NO,-35.602322,-71.767853
TL495,4020,Centro,C,C,ONGRID,NO,NO,NO,NO,NO,NO,-35.157222,-71.189389
FN657,4021,Centro,C,C,ONGRID,NO,NO,NO,NO,NO,NO,-36.164139,-71.560194
ZU051,4022,Centro,D,C,ONGRID,NO,NO,NO,NO,NO,NO,-35.455528,-71.70828
TL124,4023,Centro,C,C,ONGRID,NO,NO,NO,NO,NO,NO,-35.764444,-71.508333
FN594,4024,Centro,C,C,ONGRID,NO,NO,NO,NO,NO,NO,-35.647139,-71.639694
ZV072,5745181,Centro,D,nan,ONGRID,NO,NO,NO,NO,NO,NO,-33.443982,-70.655496
RS448,3284,Metropolitano,D,C,ONGRID,NO,NO,NO,NO,NO,,-33.4497425,-70.6289667
MA823,4025,Centro,C,C,ONGRID,NO,NO,NO,NO,NO,NO,-35.415444,-72.346194
FN662,4026,Centro,C,C,ONGRID,NO,NO,NO,NO,NO,NO,-35.885361,-71.465944
RS001,3288,Metropolitano,D,C,ONGRID,NO,NO,NO,NO,NO,,-33.449297,-70.6060861
AM175,3289,Metropolitano,D,C,ONGRID,NO,NO,NO,NO,NO,,-33.442047,-70.6519631
AM433,3290,Metropolitano,D,C,ONGRID,NO,NO,NO,NO,NO,,-33.41895,-70.6094201
FN596,4027,Centro,C,C,ONGRID,NO,NO,NO,NO,NO,NO,-35.69725,-71.547
ZM340,3292,Metropolitano,D,C,ONGRID,NO,NO,NO,NO,NO,,-33.4086981,-70.5678541
RS385,3293,Metropolitano,D,C,ONGRID,NO,NO,NO,NO,NO,,-33.352967,-70.5212439
ZM341,3294,Metropolitano,D,C,ONGRID,NO,NO,NO,NO,NO,,-33.370894,-70.510649
RS284,3295,Metropolitano,D,C,ONGRID,NO,NO,NO,NO,NO,,-33.401944,-70.5140391
ZU195,4028,Centro,D,C,ONGRID,NO,NO,NO,NO,NO,NO,-34.892278,-71.025056
AM130,3297,Metropolitano,D,C,ONGRID,NO,NO,NO,NO,NO,,-33.424613,-70.6121301
AM434,3298,Metropolitano,D,C,ONGRID,NO,NO,NO,NO,NO,,-33.43925,-70.64631
FN676,4029,Centro,C,C,ONGRID,NO,NO,NO,NO,NO,NO,-35.608417,-71.5625
FN650,4030,Centro,C,C,ONGRID,NO,NO,NO,NO,NO,NO,-34.868611,-71.056056
ZM206,3301,Metropolitano,D,C,ONGRID,NO,NO,NO,NO,NO,,-33.4444439,-70.656381
FN568,4031,Centro,C,C,ONGRID,NO,SI,NO,NO,NO,NO,-35.423583,-71.598056
FN686,4032,Centro,C,C,ONGRID,NO,SI,NO,NO,NO,NO,-35.550556,-71.745611
FN651,4033,Centro,C,C,ONGRID,NO,NO,NO,NO,NO,NO,-34.916472,-71.038917
MA294,4034,Centro,C,C,ONGRID,NO,SI,NO,NO,NO,NO,-34.94253,-71.19712
ZO016,4035,Centro,D,C,ONGRID,NO,NO,NO,NO,NO,NO,-34.981389,-71.2394449
FN614,4036,Centro,C,C,ONGRID,NO,NO,NO,NO,NO,NO,-35.9049,-72.384555
FN680,4037,Centro,C,C,ONGRID,NO,NO,NO,NO,NO,NO,-35.190444,-71.990056
SA285,3312,Metropolitano,D,C,ONGRID,NO,NO,NO,NO,NO,,-33.4408533,-70.6559122
MA837,4039,Centro,D,C,ONGRID,NO,NO,NO,NO,NO,NO,-35.43578,-71.64364
RS982,3314,Metropolitano,D,C,ONGRID,NO,NO,NO,NO,NO,,-33.435514,-70.659072
MA462,4040,Centro,D,C,ONGRID,NO,NO,NO,NO,NO,NO,-35.424697,-71.660306
MA181,4041,Centro,D,C,ONGRID,NO,SI,NO,NO,NO,NO,-35.43024,-71.6489
ZM331,3317,Metropolitano,D,C,ONGRID,NO,NO,NO,NO,NO,,-33.519167,-70.739167
MA285,4042,Centro,C,C,ONGRID,NO,NO,NO,NO,NO,NO,-35.45375,-71.589222
MA360,4043,Centro,C,A+,ONGRID,NO,NO,NO,NO,NO,NO,-35.41736,-71.65636
MA284,4044,Centro,B2,C,ONGRID,NO,SI,NO,NO,NO,NO,-35.474467,-71.645578
MA599,4045,Centro,D,C,ONGRID,NO,NO,NO,NO,NO,NO,-35.414697,-71.638359
MA172,4046,Centro,D,C,ONGRID,NO,NO,NO,NO,NO,NO,-35.410791,-71.656999
MA286,4047,Centro,D,C,ONGRID,NO,NO,NO,NO,NO,NO,-35.409417,-71.646811
MA979,4048,Centro,D,C,ONGRID,NO,NO,NO,NO,NO,NO,-35.400392,-71.650811
MA981,4049,Centro,B1,C,ONGRID,NO,NO,SI,SI,NO,NO,-35.42637,-71.629627
MA094,4050,Centro,D,C,ONGRID,NO,NO,NO,NO,NO,NO,-35.425861,-71.665111
MA985,4051,Centro,D,C,ONGRID,NO,NO,NO,NO,NO,NO,-35.441646,-71.702409
MA982,4052,Centro,D,C,ONGRID,NO,NO,NO,NO,NO,NO,-35.447481,-71.629072
MA287,4053,Centro,C,C,ONGRID,NO,SI,NO,NO,NO,NO,-35.44927,-71.678626
MA630,4054,Centro,C,C,ONGRID,NO,NO,NO,NO,NO,NO,-35.444079,-71.646603
MA631,4055,Centro,D,C,ONGRID,NO,NO,NO,NO,NO,NO,-35.435367,-71.673581
ZM000,3337,Metropolitano,D,C,ONGRID,NO,NO,NO,NO,NO,,-33.415556,-70.6044442
FN586,4056,Centro,C,C,ONGRID,NO,NO,NO,NO,NO,NO,-36.230889,-71.846167
FN652,4057,Centro,C,C,ONGRID,NO,NO,NO,NO,NO,NO,-34.893889,-71.108694
MA730,4058,Centro,C,C,ONGRID,NO,SI,NO,NO,NO,NO,-34.86769,-71.16989
MA178,4059,Centro,C,C,ONGRID,NO,NO,NO,NO,NO,NO,-34.857775,-71.101111
MA295,4060,Centro,C,C,ONGRID,NO,SI,NO,NO,NO,NO,-34.880397,-71.158976
MA023,4061,Centro,B2,C,ONGRID,NO,NO,NO,NO,NO,NO,-35.820289,-72.586472
TL019,4062,Centro,D,C,ONGRID,NO,NO,NO,NO,NO,NO,-34.993092,-71.261825
FN684,4063,Centro,C,C,ONGRID,NO,NO,NO,NO,NO,NO,-35.558639,-71.578083
FN576,4064,Centro,C,C,ONGRID,NO,NO,NO,NO,NO,NO,-34.972833,-71.336361
FN503,4065,Centro,C,C,ONGRID,NO,NO,NO,NO,NO,NO,-35.494056,-71.705528
FN630,4066,Centro,C,C,ONGRID,NO,NO,NO,NO,NO,NO,-35.194417,-71.081
FN672,4067,Centro,C,C,ONGRID,NO,NO,NO,NO,NO,NO,-35.598472,-71.848583
TL099,4068,Centro,C,C,ONGRID,NO,NO,NO,NO,NO,NO,-35.830611,-71.518139
ZU507,4069,Centro,D,C,ONGRID,NO,NO,NO,NO,NO,NO,-35.984708,-71.390194
FN935,4070,Centro,C,C,ONGRID,NO,NO,NO,NO,NO,NO,-35.344667,-72.406056
SA564,3356,Metropolitano,D,C,ONGRID,NO,NO,NO,NO,NO,,-33.4504109,-70.6787308
MA345,4071,Centro,C,C,ONGRID,NO,NO,NO,NO,NO,NO,-34.813817,-72.058919
MA297,4072,Centro,D,C,ONGRID,NO,NO,NO,NO,NO,NO,-34.889344,-71.991059
FN695,4073,Centro,C,C,ONGRID,NO,NO,NO,NO,NO,NO,-35.582528,-71.107694
FN752,4074,Centro,C,C,ONGRID,NO,NO,NO,NO,NO,NO,-35.558361,-71.252111
MA281,4075,Centro,B2,C,ONGRID,NO,NO,NO,NO,NO,NO,-35.57552,-71.145959
MA279,4076,Centro,C,C,ONGRID,NO,NO,NO,NO,NO,NO,-35.670532,-71.744362
MA627,4077,Centro,D,C,ONGRID,NO,NO,NO,NO,NO,NO,-35.40837,-71.63552
MA645,4078,Centro,D,C,ONGRID,NO,NO,NO,NO,NO,NO,-35.443313,-71.694908
ZU508,4079,Centro,D,C,ONGRID,NO,NO,NO,NO,NO,NO,-35.863199,-71.829983
MA301,4080,Centro,B1,C,ONGRID,NO,NO,NO,NO,NO,NO,-35.36911,-72.398773
SA780,3367,Metropolitano,D,C,ONGRID,NO,NO,NO,NO,NO,,-33.428046,-70.5863801
ZU002,4081,Centro,D,C,ONGRID,NO,NO,NO,NO,NO,NO,-35.831028,-71.581778
MA055,4082,Centro,C,C,ONGRID,NO,SI,NO,NO,NO,NO,-35.743611,-71.586222
SA037,3370,Metropolitano,C,C,ONGRID,NO,NO,NO,NO,NO,,-33.384204,-70.640737
BI169,4083,Sur,D,C,ONGRID,NO,NO,NO,NO,NO,NO,-36.614406,-72.101208
ZB018,4084,Sur,D,C,ONGRID,NO,NO,NO,NO,NO,NO,-37.255643,-72.670027
CC364,4085,Sur,D,C,ONGRID,NO,NO,NO,NO,NO,NO,-37.41125,-72.342278
ZB071,4086,Sur,D,C,ONGRID,NO,NO,NO,NO,NO,NO,-36.586306,-72.099639
ZM529,3378,Metropolitano,D,C,ONGRID,NO,NO,NO,NO,NO,,-33.416197,-70.5894689
CC045,4087,Sur,C,C,ONGRID,NO,NO,NO,NO,NO,NO,-37.401361,-72.414667
BI937,4088,Sur,C,C,ONGRID,NO,NO,NO,NO,NO,NO,-36.73382,-72.8379
FS596,4089,Sur,C,C,ONGRID,NO,NO,NO,NO,NO,NO,-36.408417,-71.853361
FS842,4090,Sur,C,C,ONGRID,NO,NO,NO,NO,NO,NO,-36.835056,-72.931528
FS978,4091,Sur,C,C,ONGRID,NO,NO,NO,NO,NO,NO,-36.829333,-72.9215
BI917,4092,Sur,C,C,ONGRID,NO,NO,NO,NO,NO,NO,-37.354092,-72.387765
BI641,4093,Sur,D,C,ONGRID,NO,NO,NO,NO,NO,NO,-37.479361,-72.364806
ZB038,4094,Sur,D,C,ONGRID,NO,NO,NO,NO,NO,NO,-37.464389,-72.327833
BI719,4095,Sur,D,C,ONGRID,NO,SI,NO,NO,NO,NO,-36.769531,-73.08125
BI137,4096,Sur,C,C,ONGRID,NO,SI,NO,NO,NO,NO,-36.861472,-73.090861
CC088,4097,Sur,C,C,ONGRID,NO,NO,NO,NO,NO,NO,-37.658611,-73.392639
FS854,4098,Sur,C,C,ONGRID,NO,NO,NO,NO,NO,NO,-38.064722,-73.416111
ESTBI023,4099,Sur,B2,nan,ONGRID,NO,SI,NO,NO,NO,NO,-37.331316,-71.676428
CC094,4100,Sur,C,C,ONGRID,NO,NO,NO,NO,NO,NO,-37.328194,-71.661889
ESTBI001,4101,Sur,B2,nan,ONGRID,NO,SI,NO,NO,NO,NO,-37.24544,-73.314799
BI774,4102,Sur,C,C,ONGRID,NO,SI,NO,NO,NO,NO,-37.252333,-73.236614
BI941,4103,Sur,B2,C,ONGRID,NO,NO,NO,NO,NO,NO,-37.252713,-73.32366
CC248,4104,Sur,C,C,ONGRID,NO,NO,NO,NO,NO,NO,-37.247425,-73.330047
RM367,3400,Metropolitano,D,C,ONGRID,NO,NO,NO,NO,NO,,-33.4358532,-70.6584121
BI491,4105,Sur,D,C,ONGRID,NO,NO,NO,NO,NO,NO,-36.829908,-73.057739
BI568,4106,Sur,B1,B+,ONGRID,SI,SI,SI,SI,NO,NO,-36.791747,-73.085864
BI610,4107,Sur,C,C,ONGRID,NO,NO,NO,NO,NO,NO,-36.601422,-72.097864
CC331,4108,Sur,D,C,ONGRID,NO,NO,NO,NO,NO,NO,-37.4737859,-72.3472023
ZM444,3408,Metropolitano,D,C,ONGRID,NO,NO,NO,NO,NO,,-33.3848528,-70.7470168
ESTBI017,4109,Sur,B2,nan,ONGRID,NO,NO,NO,NO,NO,NO,-36.718392,-73.114015
BI718,4110,Sur,D,C,ONGRID,NO,NO,NO,NO,NO,NO,-36.776732,-73.10791
BI077,4111,Sur,B2,C,ONGRID,NO,SI,NO,NO,NO,NO,-36.741511,-72.936369
ZB564,4112,Sur,D,C,ONGRID,NO,NO,NO,NO,NO,NO,-38.002975,-73.271973
BI485,4113,Sur,D,C,ONGRID,NO,NO,NO,NO,NO,NO,-36.895228,-72.333319
ZO013,3415,Centro,D,C,ONGRID,NO,NO,NO,NO,NO,,-34.4591667,-70.9538889
BI748,4114,Sur,C,C,ONGRID,NO,SI,NO,NO,NO,NO,-36.830507,-72.325816
CC365,4115,Sur,D,C,ONGRID,NO,NO,NO,NO,NO,NO,-36.736389,-72.310278
BI048,4116,Sur,B1,C,ONGRID,SI,NO,NO,NO,NO,NO,-36.739956,-72.29005
ZB061,4117,Sur,D,C,ONGRID,NO,NO,NO,NO,NO,NO,-36.7493,-72.3002
FS576,4118,Sur,C,C,ONGRID,NO,NO,NO,NO,NO,NO,-36.559833,-71.764889
FS657,4119,Sur,C,C,ONGRID,NO,NO,NO,NO,NO,NO,-37.57675,-72.441722
OH594,3427,Centro,D,C,ONGRID,NO,NO,NO,NO,NO,,-34.16792,-70.7115
FS578,4120,Sur,C,C,ONGRID,NO,NO,NO,NO,NO,NO,-36.606944,-71.789917
BI324,4121,Sur,B1,C,ONGRID,NO,SI,NO,NO,NO,NO,-36.711602,-73.128074
BI331,4122,Sur,C,C,ONGRID,NO,NO,NO,NO,NO,NO,-36.384149,-72.254549
BI597,4123,Sur,B2,C,ONGRID,NO,NO,NO,NO,NO,NO,-36.809223,-73.036973
BI486,4124,Sur,D,C,ONGRID,NO,NO,NO,NO,NO,NO,-37.119113,-72.38444
ZB068,4125,Sur,C,C,ONGRID,NO,NO,NO,NO,NO,NO,-37.042583,-72.403472
BI044,4126,Sur,C,C,ONGRID,NO,SI,NO,NO,NO,NO,-37.029722,-72.403556
CC128,4127,Sur,D,C,ONGRID,NO,NO,NO,NO,NO,NO,-36.9741,-72.3578
BI752,4128,Sur,C,C,ONGRID,NO,SI,NO,NO,NO,NO,-37.189445,-72.39255
ZB196,4129,Sur,D,C,ONGRID,NO,NO,NO,NO,NO,NO,-36.826347,-73.04625
ZB011,4130,Sur,D,C,ONGRID,NO,NO,NO,NO,NO,NO,-36.459056,-71.720222
BI322,4131,Sur,C,C,ONGRID,NO,NO,NO,NO,NO,NO,-36.941172,-72.713894
ZB536,4132,Sur,D,C,ONGRID,NO,NO,NO,NO,NO,NO,-36.335056,-72.621136
FS629,4133,Sur,C,C,ONGRID,NO,NO,NO,NO,NO,NO,-37.955278,-73.240722
FS622,4134,Sur,C,C,ONGRID,NO,NO,NO,NO,NO,NO,-36.847806,-72.089472
FS661,4135,Sur,C,C,ONGRID,NO,NO,NO,NO,NO,NO,-37.02875,-72.547139
BI880,4136,Sur,D,C,ONGRID,NO,NO,NO,NO,NO,NO,-36.835493,-73.003906
BI715,4137,Sur,D,C,ONGRID,NO,SI,NO,NO,NO,NO,-36.78445,-73.020681
BI882,4138,Sur,D,C,ONGRID,NO,NO,NO,NO,NO,NO,-36.805028,-73.03025
ZB163,4139,Sur,D,C,ONGRID,NO,NO,NO,NO,NO,NO,-37.484722,-73.34
MA518,5745182,Centro,D,nan,ONGRID,NO,NO,NO,NO,NO,NO,-33.443981,-70.655495
RO119,3464,Centro,C,C,ONGRID,NO,NO,NO,NO,NO,,-34.291089,-71.079339
ZB540,4140,Sur,D,C,ONGRID,NO,NO,NO,NO,NO,NO,-36.9085,-72.682417
FS646,4141,Sur,C,C,ONGRID,NO,NO,NO,NO,NO,NO,-37.487911,-72.533286
ZB533,4142,Sur,D,C,ONGRID,NO,NO,NO,NO,NO,NO,-37.026028,-71.958556
ESTBI026,4143,Sur,A,nan,ONGRID,NO,SI,NO,NO,SI,NO,-37.80582,-73.391974
ZB066,4144,Sur,D,C,ONGRID,NO,NO,NO,NO,NO,NO,-37.807448,-73.404531
ZB541,4145,Sur,D,C,ONGRID,NO,NO,NO,NO,NO,NO,-37.494139,-71.826694
ESTBI028,4146,Sur,B2,nan,ONGRID,NO,NO,NO,NO,NO,NO,-36.607837,-72.133631
CC091,4147,Sur,C,C,ONGRID,NO,NO,NO,NO,NO,NO,-37.394556,-71.994861
BI836,4148,Sur,C,C,ONGRID,NO,NO,NO,NO,NO,NO,-37.794361,-73.389731
ZV408,3491,Centro,D,C,ONGRID,NO,NO,NO,NO,NO,,-33.574022,-71.540762
BI801,4149,Sur,C,C,ONGRID,NO,NO,NO,NO,NO,NO,-37.8033,-73.3992
CC346,4150,Sur,D,C,ONGRID,NO,NO,NO,NO,NO,NO,-37.756111,-73.3675
BI735,4151,Sur,D,C,ONGRID,NO,NO,NO,NO,NO,NO,-36.755581,-73.125292
ZB547,4152,Sur,C,C,ONGRID,NO,NO,NO,NO,NO,NO,-37.29848,-73.498746
ZB137,4153,Sur,D,C,ONGRID,NO,NO,NO,NO,NO,NO,-36.763361,-73.085389
ONUBI006,4154,Sur,B2,nan,ONGRID,NO,NO,NO,NO,NO,NO,-37.470723,-72.406596
BI421,4155,Sur,C,C,ONGRID,NO,NO,NO,NO,NO,NO,-36.667415,-72.499088
CC960,4156,Sur,D,C,ONGRID,NO,NO,NO,NO,NO,NO,-36.9127778,-73.0238889
BI874,4157,Sur,C,C,ONGRID,NO,NO,NO,NO,NO,NO,-36.557969,-72.021906
BI967RP,4158,Sur,D,nan,ONGRID,NO,SI,NO,NO,NO,NO,-37.207735,-73.227084
ZB542,4159,Sur,D,C,ONGRID,NO,NO,NO,NO,NO,NO,-37.514728,-71.882773
BI321,4160,Sur,B2,C,ONGRID,NO,SI,NO,NO,NO,NO,-36.316802,-72.470972
ZB343,4161,Sur,D,C,ONGRID,NO,NO,NO,NO,NO,NO,-37.296556,-73.289028
CC257,4162,Sur,D,C,ONGRID,NO,NO,NO,NO,NO,NO,-37.769917,-71.7035
ZB070,4163,Sur,D,C,ONGRID,NO,NO,NO,NO,NO,NO,-36.918014,-73.009535
BI947,4164,Sur,B2,C,ONGRID,NO,SI,NO,NO,NO,NO,-37.852367,-73.375083
CC065,4165,Sur,C,C,ONGRID,NO,SI,NO,NO,NO,NO,-36.513864,-72.413469
ZO068,3539,Centro,D,C,ONGRID,NO,NO,NO,NO,NO,,-34.1698469,-70.7426838
BI414,4166,Sur,B2,C,ONGRID,NO,SI,NO,NO,NO,NO,-37.631609,-72.270285
FS560,4167,Sur,C,C,ONGRID,NO,NO,NO,NO,NO,NO,-37.438444,-72.133556
BI071,4168,Sur,D,C,ONGRID,NO,SI,NO,NO,NO,NO,-36.797194,-72.958222
CC085,4169,Sur,C,C,ONGRID,NO,SI,NO,NO,NO,NO,-37.098833,-72.333058
ZB505,4170,Sur,D,C,ONGRID,NO,NO,NO,NO,NO,NO,-37.333766,-73.375037
ZB526,4171,Sur,B2,C,ONGRID,NO,NO,NO,NO,NO,NO,-36.596914,-72.654801
ZB507,4172,Sur,D,C,ONGRID,NO,NO,NO,NO,NO,NO,-37.320412,-73.382079
ZB508,4173,Sur,D,C,ONGRID,NO,NO,NO,NO,NO,NO,-37.318595,-73.346145
BI739,4174,Sur,B1,C,ONGRID,NO,SI,NO,SI,NO,NO,-36.916,-73.0264
BI678,4175,Sur,D,C,ONGRID,NO,NO,NO,NO,NO,NO,-36.90299,-73.03391
BI893,4176,Sur,D,C,ONGRID,NO,NO,NO,NO,NO,NO,-36.939769,-73.018191
BI892,4177,Sur,D,C,ONGRID,NO,NO,NO,NO,NO,NO,-36.908836,-73.033844
BI148,4178,Sur,D,C,ONGRID,NO,NO,NO,NO,NO,NO,-36.93275,-73.02208
BI894,4179,Sur,D,C,ONGRID,NO,NO,NO,NO,NO,NO,-36.949389,-73.020306
SWCHIL,4180,Sur,A,nan,ONGRID,NO,NO,NO,NO,SI,NO,-36.608863,-72.10513
ESTOH017,3573,Centro,B2,nan,ONGRID,NO,NO,NO,NO,NO,,-34.148788,-70.716887
CC262,4181,Sur,D,C,ONGRID,NO,NO,NO,NO,NO,NO,-36.619694,-72.104583
CC263,4182,Sur,D,C,ONGRID,NO,NO,NO,NO,NO,NO,-36.630278,-72.126389
BI028,4183,Sur,D,C,ONGRID,NO,NO,NO,NO,NO,NO,-36.592459,-72.059962
BI767,4184,Sur,C,C,ONGRID,NO,NO,NO,NO,NO,NO,-36.659126,-71.987739
BI624,4185,Sur,D,C,ONGRID,NO,NO,NO,NO,NO,NO,-36.609644,-72.125376
CC316,4186,Sur,D,C,ONGRID,NO,NO,NO,NO,NO,NO,-36.616361,-72.08375
BI582,4188,Sur,D,C,ONGRID,NO,NO,NO,NO,NO,NO,-36.617552,-72.12578
BI147,4189,Sur,D,C,ONGRID,NO,NO,NO,NO,NO,NO,-36.604294,-72.128717
OH994,3585,Centro,D,C,ONGRID,NO,SI,NO,NO,NO,,-34.17794,-70.6945899
BI738,4190,Sur,C,C,ONGRID,NO,NO,NO,NO,NO,NO,-36.607343,-72.096694
BI622,4191,Sur,D,C,ONGRID,NO,NO,NO,NO,NO,NO,-36.61564,-72.10886
FN457,3590,Centro,B1,C,ONGRID,NO,NO,NO,NO,NO,,-34.308333,-70.827361
BI431,4192,Sur,B2,C,ONGRID,NO,NO,NO,NO,NO,NO,-36.594889,-72.104475
CC261,4193,Sur,D,C,ONGRID,NO,NO,NO,NO,NO,NO,-36.602167,-72.10375
BI605,4194,Sur,C,C,ONGRID,NO,NO,NO,NO,NO,NO,-36.585762,-72.080395
BI127,4195,Sur,C,C,ONGRID,NO,NO,NO,NO,NO,NO,-36.6094,-72.0783
BI699,4196,Sur,B1,C,ONGRID,SI,SI,NO,NO,NO,NO,-36.553015,-72.101074
BI569,4197,Sur,D,C,ONGRID,NO,NO,NO,NO,NO,NO,-36.6172,-72.093
BI931,4198,Sur,C,C,ONGRID,NO,NO,NO,NO,NO,NO,-36.61869,-72.07378
CC095,4199,Sur,D,C,ONGRID,NO,NO,NO,NO,NO,NO,-36.775116,-72.11511
BI152,4200,Sur,D,C,ONGRID,NO,NO,NO,NO,NO,NO,-36.624403,-72.109132
BI490,4201,Sur,C,C,ONGRID,NO,NO,NO,NO,NO,NO,-36.624443,-72.085328
BI940,4202,Sur,C,C,ONGRID,NO,NO,NO,NO,NO,NO,-36.633572,-72.081258
ONUBI001,4204,Sur,B2,nan,ONGRID,NO,NO,NO,NO,NO,NO,-36.624812,-72.132829
CC317,4205,Sur,C,C,ONGRID,NO,SI,NO,NO,NO,NO,-36.626912,-72.077845
ZB549,4206,Sur,D,C,ONGRID,NO,NO,NO,NO,NO,NO,-37.065756,-72.888242
ZB346,4207,Sur,B2,C,ONGRID,NO,NO,NO,NO,NO,NO,-36.643583,-72.822472
FS579,4208,Sur,C,C,ONGRID,NO,NO,NO,NO,NO,NO,-36.650694,-71.892889
FS662,4209,Sur,C,C,ONGRID,NO,NO,NO,NO,NO,NO,-36.954167,-72.530667
CC086,4210,Sur,C,C,ONGRID,NO,SI,NO,NO,NO,NO,-37.129139,-72.197306
ZB560,4211,Sur,D,C,OFFGRID,NO,NO,NO,NO,NO,SI,-37.554075,-72.821739
FS635,4212,Sur,C,C,ONGRID,NO,NO,NO,NO,NO,NO,-37.288528,-72.584083
ZB208,4213,Sur,C,C,ONGRID,NO,NO,NO,NO,NO,NO,-37.4674773,-72.3367069
ZB001,4214,Sur,D,C,ONGRID,NO,NO,NO,NO,NO,NO,-36.785639,-73.087278
OH102,3628,Centro,D,C,ONGRID,NO,NO,NO,NO,NO,,-34.180284,-70.735532
ONUBI007,4215,Sur,B2,nan,ONGRID,NO,SI,NO,NO,NO,NO,-36.766131,-73.143085
BI113,4216,Sur,B1,C,ONGRID,SI,NO,NO,NO,NO,NO,-36.103914,-72.741617
CC362,4217,Sur,D,C,ONGRID,NO,NO,NO,NO,NO,NO,-36.135217,-72.793036
BI166,4218,Sur,D,C,ONGRID,NO,NO,NO,NO,NO,NO,-36.611069,-72.114688
BI613,4219,Sur,D,C,ONGRID,NO,NO,NO,NO,NO,NO,-36.609125,-72.087187
ZB040,4220,Sur,D,C,ONGRID,NO,NO,NO,NO,NO,NO,-36.601429,-72.97511
ESTBI027,4221,Sur,B2,nan,ONGRID,NO,SI,NO,NO,NO,NO,-36.498394,-72.757002
ESTOH019,3639,Centro,B2,nan,ONGRID,NO,NO,NO,NO,NO,,-34.699838,-71.607516
BI018,4222,Sur,C,C,ONGRID,NO,NO,NO,NO,NO,NO,-36.492214,-72.697822
BI758,4223,Sur,C,C,ONGRID,NO,NO,NO,NO,NO,NO,-37.552778,-72.595278
BI930,4224,Sur,C,C,ONGRID,NO,NO,NO,NO,NO,NO,-36.589682,-72.064685
BI852,4225,Sur,C,C,ONGRID,NO,SI,NO,NO,NO,NO,-36.633861,-71.827119
CC059,4226,Sur,C,C,ONGRID,NO,NO,NO,NO,NO,NO,-36.622741,-71.861342
CC051,4227,Sur,D,C,ONGRID,NO,NO,NO,NO,NO,NO,-36.38329,-72.309135
CC392,4228,Sur,D,C,ONGRID,NO,NO,NO,NO,NO,NO,-37.708333,-71.819278
CC390,4229,Sur,D,C,ONGRID,NO,NO,NO,NO,NO,NO,-37.085556,-72.324722
CC389,4231,Sur,D,C,ONGRID,NO,NO,NO,NO,NO,NO,-37.364222,-71.860306
FS673,4232,Sur,C,C,ONGRID,NO,NO,NO,NO,NO,NO,-36.743556,-71.752833
FS645,4233,Sur,C,C,ONGRID,NO,NO,NO,NO,NO,NO,-37.045917,-72.281189
ZB567,4234,Sur,D,C,ONGRID,NO,NO,NO,NO,NO,NO,-37.297571,-72.847719
ZB521,4235,Sur,C,C,ONGRID,NO,NO,NO,NO,NO,NO,-37.280274,-72.882999
BI312,4236,Sur,C,C,ONGRID,NO,NO,NO,NO,NO,NO,-36.816434,-73.021206
ONUBI002,4237,Sur,B2,nan,ONGRID,NO,NO,NO,NO,NO,NO,-36.820636,-73.012622
BI327,4238,Sur,B2,C,OFFGRID,NO,NO,NO,NO,NO,NO,-37.113197,-73.054472
BI936,4239,Sur,C,C,ONGRID,NO,SI,NO,NO,NO,NO,-36.66551,-72.252474
ZB524,4240,Sur,D,C,ONGRID,NO,NO,NO,NO,NO,NO,-36.264589,-72.807631
ONUBI003,4241,Sur,B2,nan,ONGRID,NO,NO,NO,NO,NO,NO,-36.750725,-73.092989
FS681,4242,Sur,C,C,ONGRID,NO,NO,NO,NO,NO,NO,-36.827806,-72.035528
ZB232,4243,Sur,D,C,ONGRID,NO,NO,NO,NO,NO,NO,-36.818319,-73.0611692
SWCONCE,4244,Sur,A,nan,ONGRID,NO,NO,NO,NO,SI,NO,-36.820856,-73.05253
BI753,4245,Sur,C,C,ONGRID,NO,NO,NO,NO,NO,NO,-36.868829,-72.88029
CC315,4246,Sur,D,C,ONGRID,NO,NO,NO,NO,NO,NO,-36.833611,-73.053889
BI492,4247,Sur,D,C,ONGRID,NO,NO,NO,NO,NO,NO,-36.821986,-73.044459
BI811,4248,Sur,D,C,ONGRID,SI,NO,NO,NO,NO,NO,-36.826325,-73.049741
BI813,4249,Sur,D,C,ONGRID,NO,NO,NO,NO,NO,NO,-36.8252,-73.0455
CC314,4251,Sur,D,C,ONGRID,NO,NO,NO,NO,NO,NO,-36.828333,-73.043611
ESTBI050,4252,Sur,B2,nan,ONGRID,NO,NO,NO,NO,NO,NO,-36.821162,-73.052624
ESTBI047,4253,Sur,A,A+,ONGRID,NO,NO,NO,NO,SI,NO,-36.820723,-73.052848
BI881,4255,Sur,D,C,ONGRID,NO,NO,NO,NO,NO,NO,-36.8241,-72.9936
BI114,4256,Sur,C,C,ONGRID,NO,SI,NO,NO,NO,NO,-38.015751,-73.238402
ESTBI004,4257,Sur,B2,nan,ONGRID,NO,SI,NO,NO,NO,NO,-37.030914,-73.144054
BI676,4258,Sur,C,C,ONGRID,NO,SI,NO,NO,NO,NO,-37.01811,-73.16911
BI740,4260,Sur,B2,C,ONGRID,NO,SI,NO,NO,NO,NO,-37.0349,-73.142
BI914,4261,Sur,C,C,ONGRID,NO,NO,NO,NO,NO,NO,-36.965307,-73.161917
BI919,4262,Sur,C,C,ONGRID,NO,NO,NO,NO,NO,NO,-37.009602,-73.149145
ZB514,4263,Sur,D,C,ONGRID,NO,NO,NO,NO,NO,NO,-36.651495,-72.923046
ZB515,4264,Sur,D,C,ONGRID,NO,NO,NO,NO,NO,NO,-36.662947,-72.905377
FS592,4265,Sur,C,C,ONGRID,NO,NO,NO,NO,NO,NO,-36.737139,-72.529056
BI454,4267,Sur,D,C,ONGRID,NO,NO,NO,NO,NO,NO,-37.690136,-73.6474252
BI755,4268,Sur,C,C,ONGRID,NO,SI,NO,NO,NO,NO,-36.749417,-72.995472
ZO051,3722,Centro,D,C,ONGRID,NO,NO,NO,NO,NO,,-34.1928056,-70.7413333
RA776,3723,Centro,C,C,ONGRID,NO,NO,NO,NO,NO,,-34.17595,-70.7572501
BI756,4269,Sur,D,C,OFFGRID,NO,NO,NO,NO,NO,NO,-36.763,-72.9611
BI757,4270,Sur,D,C,ONGRID,NO,NO,NO,NO,NO,NO,-36.743328,-72.907909
CC303,4271,Sur,D,C,ONGRID,NO,NO,NO,NO,NO,NO,-36.996667,-72.567222
CC355,4272,Sur,D,C,ONGRID,NO,NO,NO,NO,NO,NO,-37.020583,-72.476389
ZB554,4273,Sur,D,C,ONGRID,NO,NO,NO,NO,NO,NO,-38.274921,-73.449546
ESTBI029,4274,Sur,A,C,ONGRID,NO,SI,NO,NO,SI,NO,-37.4788,-73.3581
BI835,4275,Sur,D,C,ONGRID,NO,NO,NO,NO,NO,NO,-37.479644,-73.347278
FS624,4276,Sur,C,C,ONGRID,NO,NO,NO,NO,NO,NO,-36.529139,-72.179639
BI916,4277,Sur,C,C,ONGRID,NO,SI,NO,NO,NO,NO,-36.993893,-73.173599
ZB511,4278,Sur,D,C,ONGRID,NO,NO,NO,NO,NO,NO,-37.793258,-71.94284
BI920,4279,Sur,C,C,ONGRID,NO,NO,NO,NO,NO,NO,-37.026877,-73.127529
BI848,4280,Sur,C,C,ONGRID,NO,NO,NO,NO,NO,NO,-36.548281,-72.941175
ZB562,4281,Sur,D,C,ONGRID,NO,NO,NO,NO,NO,NO,-37.447998,-72.776905
CC043,4282,Sur,C,C,ONGRID,NO,NO,NO,NO,NO,NO,-36.622194,-72.054139
BI262,4283,Sur,C,C,ONGRID,NO,NO,NO,NO,NO,NO,-37.55,-72.294722
FS841,4284,Sur,C,C,ONGRID,NO,NO,NO,NO,NO,NO,-37.538667,-72.52925
BI711,4285,Sur,D,C,ONGRID,NO,NO,NO,NO,NO,NO,-36.81222,-73.05947
FS580,4286,Sur,C,C,ONGRID,NO,NO,NO,NO,NO,NO,-36.544889,-71.778917
BI005,4287,Sur,B2,C,ONGRID,NO,SI,NO,NO,NO,NO,-36.902722,-72.027472
FS678,4288,Sur,C,C,ONGRID,NO,NO,NO,NO,NO,NO,-36.817556,-71.717083
FS593,4289,Sur,C,C,ONGRID,NO,NO,NO,NO,NO,NO,-36.851528,-72.423111
ZB353,4290,Sur,D,C,ONGRID,NO,NO,NO,NO,NO,NO,-38.3482,-73.338028
ZB516,4291,Sur,D,C,ONGRID,NO,NO,NO,NO,NO,NO,-36.691333,-72.872472
FS571,4292,Sur,C,C,ONGRID,NO,NO,NO,NO,NO,NO,-36.613028,-72.260417
CC101,4293,Sur,C,C,ONGRID,NO,NO,NO,NO,NO,NO,-36.612734,-72.200525
BI640,4294,Sur,D,C,ONGRID,NO,NO,NO,NO,NO,NO,-37.458949,-72.285182
FS563,4295,Sur,C,C,ONGRID,NO,NO,NO,NO,NO,NO,-37.00875,-72.988778
FS862,4296,Sur,C,C,ONGRID,NO,NO,NO,NO,NO,NO,-37.019056,-73.02175
FS863,4297,Sur,C,C,ONGRID,NO,NO,NO,NO,NO,NO,-37.016222,-73.006417
FS864,4298,Sur,C,C,ONGRID,NO,NO,NO,NO,NO,NO,-37.027667,-72.985139
FS647,4299,Sur,C,C,ONGRID,NO,NO,NO,NO,NO,NO,-37.483833,-72.210083
MA211,3799,Centro,D,C,ONGRID,NO,NO,NO,NO,NO,,-35.431361,-71.6545282
FS959,4300,Sur,C,C,ONGRID,NO,NO,NO,NO,NO,NO,-36.820889,-72.859083
FS670,4301,Sur,C,C,ONGRID,NO,NO,NO,NO,NO,NO,-36.824611,-72.87275
ZB506,4302,Sur,D,C,ONGRID,NO,NO,NO,NO,NO,NO,-37.240784,-73.648342
BI639,4303,Sur,C,C,ONGRID,NO,NO,NO,NO,NO,NO,-37.435222,-72.305558
FS598,4304,Sur,C,C,ONGRID,NO,NO,NO,NO,NO,NO,-36.432806,-71.826972
ZB358,4305,Sur,C,C,ONGRID,NO,NO,NO,NO,NO,NO,-36.158306,-72.698778
BI413,4308,Sur,D,C,ONGRID,NO,NO,NO,NO,NO,NO,-37.837994,-72.385575
ESTBI052,4309,Sur,B2,nan,ONGRID,NO,NO,NO,NO,NO,NO,-36.724783,-73.116981
BI623,4310,Sur,D,C,ONGRID,NO,NO,NO,NO,NO,NO,-36.604587,-72.113745
CC252,4311,Sur,D,C,ONGRID,NO,NO,NO,NO,NO,NO,-36.825483,-73.0467389
BI850,4312,Sur,D,C,ONGRID,NO,NO,NO,NO,NO,NO,-36.8279917,-73.0472408
CC108,4313,Sur,C,C,ONGRID,NO,SI,NO,NO,NO,NO,-36.835606,-72.663528
FS597,4314,Sur,C,C,ONGRID,NO,NO,NO,NO,NO,NO,-36.379278,-71.936611
BI878,4315,Sur,D,C,ONGRID,NO,NO,NO,NO,NO,NO,-36.825222,-73.019778
BI915,4316,Sur,D,C,ONGRID,NO,NO,NO,NO,NO,NO,-36.973975,-73.1716
ZB116,4317,Sur,D,C,ONGRID,NO,NO,NO,NO,NO,NO,-36.795833,-73.106667
ZB501,4318,Sur,D,C,ONGRID,NO,NO,NO,NO,NO,NO,-36.706423,-72.658786
FS562,4319,Sur,C,C,ONGRID,NO,NO,NO,NO,NO,NO,-37.622417,-72.551833
FS679,4320,Sur,C,C,ONGRID,NO,NO,NO,NO,NO,NO,-36.821417,-72.461361
ZB504,4321,Sur,D,C,ONGRID,NO,NO,NO,NO,NO,NO,-38.178688,-73.267672
ZB503,4322,Sur,D,C,ONGRID,NO,NO,NO,NO,NO,NO,-38.150589,-73.261798
FS585,4323,Sur,C,C,ONGRID,NO,NO,NO,NO,NO,NO,-36.444139,-72.402417
FS574,4324,Sur,C,C,ONGRID,NO,NO,NO,NO,NO,NO,-36.559942,-72.724542
FS838,4325,Sur,C,C,ONGRID,NO,NO,NO,NO,NO,NO,-36.559606,-72.713981
ZB528,4326,Sur,C,C,ONGRID,NO,NO,NO,NO,NO,NO,-36.593639,-72.7175
FS625,4327,Sur,C,C,ONGRID,NO,NO,NO,NO,NO,NO,-36.462944,-72.685861
ZB212,4328,Sur,D,C,ONGRID,NO,NO,NO,NO,NO,NO,-36.9952662,-73.1617485
ZB214,4329,Sur,D,C,ONGRID,NO,NO,NO,NO,NO,NO,-36.8288889,-73.0605557
ZB216,4330,Sur,D,C,ONGRID,NO,NO,NO,NO,NO,NO,-36.615647,-72.105633
ZB213,4331,Sur,D,C,ONGRID,NO,NO,NO,NO,NO,NO,-37.4730959,-72.349416
ZB215,4332,Sur,D,C,ONGRID,NO,NO,NO,NO,NO,NO,-36.828838,-73.060614
ZB186,4333,Sur,C,C,ONGRID,NO,NO,NO,NO,NO,NO,-37.028548,-73.1360819
CC332,4334,Sur,C,C,ONGRID,NO,NO,NO,NO,NO,NO,-36.74081,-73.1088202
ZB189,4335,Sur,C,C,ONGRID,NO,NO,NO,NO,NO,NO,-37.12178,-72.0238202
ZB221,4336,Sur,D,C,ONGRID,NO,NO,NO,NO,NO,NO,-36.8325,-73.0541668
ESTBI036,4337,Sur,B2,nan,ONGRID,NO,SI,NO,NO,NO,NO,-36.619216,-72.078302
ZB222,4338,Sur,D,C,ONGRID,NO,NO,NO,NO,NO,NO,-36.828263,-73.0543151
FS659,4339,Sur,C,C,ONGRID,NO,NO,NO,NO,NO,NO,-37.229083,-71.903444
BI293,4340,Sur,D,C,ONGRID,NO,NO,NO,NO,NO,NO,-36.769972,-73.094889
BI685,4341,Sur,D,C,ONGRID,NO,SI,NO,NO,NO,NO,-36.791,-73.1042
BI684,4342,Sur,D,C,ONGRID,NO,NO,NO,NO,NO,NO,-36.788171,-73.12642
BI047,4343,Sur,C,C,ONGRID,NO,SI,NO,NO,NO,NO,-36.983585,-72.935889
CC100,4344,Sur,D,C,ONGRID,NO,NO,NO,NO,NO,NO,-36.619398,-72.348866
ZB530,4345,Sur,D,C,ONGRID,NO,NO,NO,NO,NO,NO,-36.903979,-71.811041
FS628,4346,Sur,C,C,ONGRID,NO,NO,NO,NO,NO,NO,-37.946222,-73.423861
BI116,4347,Sur,C,C,ONGRID,NO,SI,NO,NO,NO,NO,-37.231048,-71.943701
CC256,4348,Sur,D,C,ONGRID,NO,NO,NO,NO,NO,NO,-37.700833,-71.794444
CC300,4349,Sur,C,C,ONGRID,NO,NO,NO,NO,NO,NO,-37.2669,-71.907
ZB559,4350,Sur,D,C,ONGRID,NO,NO,NO,NO,NO,NO,-38.14815,-73.189577
MA514,3924,Centro,D,C,ONGRID,NO,NO,NO,NO,NO,,-34.98416,-71.245706
TL166,3925,Centro,D,C,ONGRID,NO,NO,NO,NO,NO,,-35.326242,-72.4160171
TL214,3926,Centro,D,C,ONGRID,NO,NO,NO,NO,NO,,-34.987755,-72.023522
MA510,3927,Centro,D,C,ONGRID,NO,NO,NO,NO,NO,,-34.978605,-71.220705
BI474,4351,Sur,D,C,ONGRID,NO,NO,NO,NO,NO,NO,-37.43578,-72.219164
ZB046,4352,Sur,D,C,ONGRID,NO,NO,NO,NO,NO,NO,-36.803778,-73.076417
BI827,4353,Sur,D,C,ONGRID,NO,NO,NO,NO,NO,NO,-36.725111,-73.109278
ZB153,4354,Sur,D,C,ONGRID,NO,NO,NO,NO,NO,NO,-36.816777,-73.069638
ZB224,4355,Sur,D,C,ONGRID,NO,NO,NO,NO,NO,NO,-36.595568,-72.106731
ZB525,4356,Sur,D,C,ONGRID,NO,NO,NO,NO,NO,NO,-36.201286,-72.790203
FS663,4357,Sur,C,C,ONGRID,NO,NO,NO,NO,NO,NO,-37.198333,-72.440194
ZB522,4358,Sur,D,C,ONGRID,NO,NO,NO,NO,NO,NO,-37.034397,-72.887402
CC060,4359,Sur,C,C,ONGRID,NO,SI,NO,NO,NO,NO,-36.553017,-71.976901
ZB520,4360,Sur,D,C,ONGRID,NO,NO,NO,NO,NO,NO,-37.37381,-72.981642
ZB363,4361,Sur,D,C,ONGRID,NO,NO,NO,NO,NO,NO,-36.118111,-72.693056
ZB365,4362,Sur,D,C,ONGRID,NO,NO,NO,NO,NO,NO,-36.297389,-72.812
BI311,4363,Sur,C,C,ONGRID,NO,SI,NO,NO,NO,NO,-37.593472,-71.747972
ZB198,4364,Sur,D,C,ONGRID,NO,NO,NO,NO,NO,NO,-36.61079,-72.1026
BI270,4365,Sur,C,C,ONGRID,NO,NO,NO,NO,NO,NO,-36.930775,-73.147977
ZB033,4366,Sur,D,C,ONGRID,NO,NO,NO,NO,NO,NO,-36.810222,-73.080778
FS570,4367,Sur,C,C,ONGRID,NO,NO,NO,NO,NO,NO,-36.634222,-72.024917
BI737,4368,Sur,D,C,ONGRID,NO,NO,NO,NO,NO,NO,-37.473126,-72.361274
BI712,4369,Sur,D,C,ONGRID,NO,SI,NO,NO,NO,NO,-36.796381,-73.040371
ESTMA026,3982,Centro,B2,nan,ONGRID,NO,NO,NO,NO,NO,,-35.3333,-72.4167
ESTBI008,4370,Sur,B2,nan,ONGRID,NO,SI,NO,NO,NO,NO,-37.262501,-72.726229
BI779,4371,Sur,D,C,ONGRID,NO,NO,NO,NO,NO,NO,-37.332716,-72.680573
BI765,4372,Sur,C,C,ONGRID,NO,NO,NO,NO,NO,NO,-37.290982,-72.704894
BI308,4373,Sur,B2,C,ONGRID,NO,SI,NO,NO,NO,NO,-37.255972,-72.725056
CC127,4374,Sur,C,C,ONGRID,NO,NO,NO,NO,NO,NO,-37.235497,-72.571953
ZB009,4375,Sur,D,C,ONGRID,NO,NO,NO,NO,NO,NO,-36.649278,-72.145917
BI635,4376,Sur,D,C,ONGRID,NO,NO,NO,NO,NO,NO,-36.59639,-72.11406
CC104,4377,Sur,C,C,ONGRID,NO,NO,NO,NO,NO,NO,-37.163361,-73.181444
ZB509,4378,Sur,D,C,ONGRID,NO,NO,NO,NO,NO,NO,-36.5924,-72.11948
ZB510,4379,Sur,D,C,ONGRID,NO,NO,NO,NO,NO,NO,-37.228959,-71.785386
ZB551,4380,Sur,D,C,ONGRID,NO,NO,NO,NO,NO,NO,-37.777804,-72.079207
FS637,4381,Sur,C,C,ONGRID,NO,NO,NO,NO,NO,NO,-37.340444,-72.53025
FS636,4382,Sur,C,C,ONGRID,NO,NO,NO,NO,NO,NO,-37.352278,-72.472084
BI720,4383,Sur,D,C,ONGRID,NO,NO,NO,NO,NO,NO,-36.734583,-73.11905
ZB165,4384,Sur,D,C,ONGRID,NO,NO,NO,NO,NO,NO,-37.437194,-72.326611
FS660,4385,Sur,C,C,ONGRID,NO,NO,NO,NO,NO,NO,-37.328611,-71.922531
ESTBI051,4386,Sur,B2,nan,ONGRID,NO,NO,NO,NO,NO,NO,-36.64025,-71.993583
ZB014,4387,Sur,D,C,ONGRID,NO,NO,NO,NO,NO,NO,-36.64025,-71.993583
ZB096,4388,Sur,D,C,ONGRID,NO,NO,NO,NO,NO,NO,-36.626444,-72.061416
FS664,4389,Sur,C,C,ONGRID,NO,NO,NO,NO,NO,NO,-37.064528,-72.563361
FS581,4390,Sur,C,C,ONGRID,NO,NO,NO,NO,NO,NO,-36.597722,-71.851972
ESTBI037,4391,Sur,B2,nan,ONGRID,NO,SI,NO,NO,NO,NO,-36.44239,-71.973043
BI732,4392,Sur,D,C,ONGRID,NO,NO,NO,NO,NO,NO,-37.459972,-72.3605
BI681,4393,Sur,C,C,ONGRID,NO,NO,NO,NO,NO,NO,-37.606303,-73.652019
CC231,4394,Sur,D,C,ONGRID,NO,NO,NO,NO,NO,NO,-36.795858,-73.0695612
BI252,4395,Sur,D,C,ONGRID,NO,NO,NO,NO,NO,NO,-36.828611,-73.052778
BI946,4396,Sur,D,C,ONGRID,NO,NO,NO,NO,NO,NO,-36.71375,-72.97691
FS599,4397,Sur,C,C,ONGRID,NO,NO,NO,NO,NO,NO,-36.427083,-71.898805
CC087,4398,Sur,D,C,ONGRID,NO,NO,NO,NO,NO,NO,-37.749639,-73.440903
FS565,4399,Sur,C,C,ONGRID,NO,NO,NO,NO,NO,NO,-36.675028,-72.774055
ZB545,4400,Sur,D,C,ONGRID,NO,NO,NO,NO,NO,NO,-37.690413,-71.743224
ZB228,4403,Sur,D,C,ONGRID,NO,NO,NO,NO,NO,NO,-37.4693609,-72.351535
ESTBI035,4404,Sur,B2,nan,ONGRID,NO,NO,NO,NO,NO,NO,-37.72487,-72.234706
ESTBI038,4405,Sur,B2,nan,ONGRID,NO,NO,NO,NO,NO,NO,-37.687554,-71.998663
BI769,4406,Sur,C,C,ONGRID,NO,NO,NO,NO,NO,NO,-36.786629,-71.776343
BI225,4407,Sur,B1,C,ONGRID,NO,SI,NO,SI,NO,NO,-36.886872,-73.138964
BI796,4408,Sur,D,C,ONGRID,NO,NO,NO,NO,NO,NO,-36.800083,-73.061389
BI354,4409,Sur,D,C,ONGRID,NO,NO,NO,NO,NO,NO,-36.789361,-73.059083
BI799,4410,Sur,D,C,ONGRID,NO,NO,NO,NO,NO,NO,-36.782833,-73.043278
BI558,4411,Sur,B1,C,ONGRID,NO,SI,SI,SI,NO,NO,-36.792988,-73.050487
ESTBI041,4412,Sur,B2,nan,ONGRID,NO,SI,NO,NO,NO,NO,-37.292305,-71.951218
BI006,4413,Sur,D,C,ONGRID,NO,NO,NO,NO,NO,NO,-36.877364,-73.064775
BI729,4414,Sur,D,C,ONGRID,NO,NO,NO,NO,NO,NO,-36.863825,-73.029741
ZB099,4415,Sur,D,C,ONGRID,NO,NO,NO,NO,NO,NO,-36.610891,-72.146162
BI675,4416,Sur,D,C,ONGRID,NO,NO,NO,NO,NO,NO,-36.805864,-73.05225
ESTBI032,4417,Sur,B1,nan,ONGRID,SI,SI,NO,NO,NO,NO,-37.626497,-73.456597
BI316,4419,Sur,B2,C,ONGRID,NO,NO,NO,NO,NO,NO,-37.474745,-72.349216
CC268,4420,Sur,D,C,ONGRID,NO,SI,NO,NO,NO,NO,-37.469341,-72.376097
CC266,4421,Sur,D,C,ONGRID,NO,NO,NO,NO,NO,NO,-37.450778,-72.325833
CC265,4422,Sur,D,C,ONGRID,NO,NO,NO,NO,NO,NO,-37.459416,-72.341685
CC090,4423,Sur,D,C,ONGRID,NO,NO,NO,NO,NO,NO,-37.352733,-71.841643
CC092,4424,Sur,D,C,ONGRID,NO,NO,NO,NO,NO,NO,-37.326347,-71.704135
CC267,4425,Sur,D,C,ONGRID,NO,SI,NO,NO,NO,NO,-37.47175,-72.324889
BI495,4426,Sur,D,C,ONGRID,NO,NO,NO,NO,NO,NO,-37.4658,-72.3531
BI954,4427,Sur,D,C,ONGRID,NO,NO,NO,NO,NO,NO,-37.477165,-72.357228
BI956,4428,Sur,C,C,ONGRID,NO,SI,NO,NO,NO,NO,-37.467472,-72.36375
BI570,4429,Sur,C,C,ONGRID,NO,NO,NO,NO,NO,NO,-37.452778,-72.342778
MA520,5745183,Centro,D,nan,ONGRID,NO,NO,NO,NO,NO,NO,-33.44398,-70.655494
BI733,4430,Sur,D,C,ONGRID,NO,NO,NO,NO,NO,NO,-37.459212,-72.35329
BI110,4431,Sur,C,C,ONGRID,NO,NO,NO,NO,NO,NO,-37.390514,-72.357881
BI477,4432,Sur,D,C,ONGRID,NO,NO,NO,NO,NO,NO,-37.465292,-72.31937
BI955,4433,Sur,D,C,ONGRID,NO,NO,NO,NO,NO,NO,-37.490777,-72.325561
BI149,4434,Sur,D,C,ONGRID,NO,NO,NO,NO,NO,NO,-37.471888,-72.352228
BI648,4435,Sur,D,C,ONGRID,NO,NO,NO,NO,NO,NO,-37.4599,-72.3756
BI743,4436,Sur,D,C,ONGRID,NO,SI,NO,NO,NO,NO,-37.473,-72.3689
BI734,4437,Sur,D,C,ONGRID,NO,NO,NO,NO,NO,NO,-37.484615,-72.353477
BI746,4438,Sur,D,C,ONGRID,NO,NO,NO,NO,NO,NO,-37.4858,-72.3281
BI614,4439,Sur,D,C,ONGRID,NO,NO,NO,NO,NO,NO,-36.6258,-72.0941
FS843,4440,Sur,C,C,ONGRID,NO,NO,NO,NO,NO,NO,-37.629417,-72.16675
ZB550,4441,Sur,D,C,ONGRID,NO,NO,NO,NO,NO,NO,-36.947237,-72.466228
BI897,4442,Sur,D,C,ONGRID,NO,NO,NO,NO,NO,NO,-36.789233,-73.079417
ZB372,4443,Sur,D,C,ONGRID,NO,NO,NO,NO,NO,NO,-37.449972,-72.975083
ZB513,4444,Sur,D,C,ONGRID,NO,NO,NO,NO,NO,NO,-37.872697,-72.161751
ZB374,4445,Sur,D,C,ONGRID,NO,NO,NO,NO,NO,NO,-37.305833,-73.561056
ZB375,4446,Sur,D,C,ONGRID,NO,NO,NO,NO,NO,NO,-37.322944,-73.557222
ZB013,4447,Sur,D,C,ONGRID,NO,NO,NO,NO,NO,NO,-36.8685,-71.623722
ZB561,4448,Sur,D,C,ONGRID,NO,NO,NO,NO,NO,NO,-37.446419,-72.897154
ZB569,4449,Sur,D,C,OFFGRID,NO,NO,NO,NO,NO,SI,-37.472667,-72.956667
ZB519,4450,Sur,C,C,ONGRID,NO,NO,NO,NO,NO,NO,-37.331395,-72.997278
ZB571,4451,Sur,D,C,ONGRID,NO,NO,NO,NO,NO,NO,-37.317611,-73.027806
ZB537,4452,Sur,D,C,ONGRID,NO,NO,NO,NO,NO,NO,-36.217521,-72.510621
FS623,4453,Sur,C,C,ONGRID,NO,NO,NO,NO,NO,NO,-36.827611,-72.145028
FS567,4454,Sur,C,C,ONGRID,NO,NO,NO,NO,NO,NO,-36.883333,-72.241389
ESTBI011,4455,Sur,B2,nan,ONGRID,NO,SI,NO,NO,NO,NO,-37.091672,-73.162859
BI313,4456,Sur,B2,C,ONGRID,NO,NO,NO,NO,NO,NO,-37.08331,-73.14244
ESTBI034,4457,Sur,B2,nan,ONGRID,NO,NO,NO,NO,NO,NO,-37.153832,-73.180899
BI182,4458,Sur,C,C,ONGRID,NO,NO,NO,NO,NO,NO,-37.093662,-73.153577
BI626,4459,Sur,D,C,ONGRID,NO,NO,NO,NO,NO,NO,-37.090486,-73.161144
ZB381,4460,Sur,D,C,ONGRID,NO,NO,NO,NO,NO,NO,-37.905111,-73.076472
ZB382,4461,Sur,D,C,ONGRID,NO,NO,NO,NO,NO,NO,-37.884028,-73.065667
FS682,4462,Sur,C,C,ONGRID,NO,NO,NO,NO,NO,NO,-36.822194,-72.089222
FS674,4463,Sur,C,C,ONGRID,NO,NO,NO,NO,NO,NO,-36.954833,-72.036417
CC499,4464,Sur,C,C,ONGRID,NO,NO,NO,NO,NO,NO,-36.8252778,-73.0577779
BI258,4465,Sur,C,C,ONGRID,NO,NO,NO,NO,NO,NO,-37.470472,-72.354306
BI344,4187,Sur,D,C,ONGRID,NO,NO,NO,NO,NO,,-36.600346,-72.088075
ESTBI018,4466,Sur,B2,nan,ONGRID,NO,SI,NO,NO,NO,NO,-36.780235,-73.058708
ZB512,4467,Sur,D,C,ONGRID,NO,NO,NO,NO,NO,NO,-37.681015,-72.378394
ZB039,4468,Sur,D,C,ONGRID,NO,NO,NO,NO,NO,NO,-37.467194,-72.347667
BI533,4203,Sur,C,C,ONGRID,NO,NO,NO,NO,NO,,-36.6243,-72.1377
BI625,4469,Sur,D,C,ONGRID,NO,NO,NO,NO,NO,NO,-36.625597,-72.129307
FS683,4470,Sur,C,C,ONGRID,NO,NO,NO,NO,NO,NO,-36.820389,-71.903833
BI847,4471,Sur,C,C,ONGRID,NO,NO,NO,NO,NO,NO,-36.909969,-71.417718
BI557,4476,Sur,C,C,ONGRID,NO,NO,NO,NO,NO,NO,-36.7774366,-73.0586286
FS684,4481,Sur,C,C,ONGRID,NO,NO,NO,NO,NO,NO,-36.785333,-71.935667
BI315,4482,Sur,B1,B+,ONGRID,SI,SI,NO,NO,NO,NO,-37.157228,-72.650503
FS566,4483,Sur,C,C,ONGRID,NO,NO,NO,NO,NO,NO,-36.558944,-72.86925
BI493,4484,Sur,D,C,ONGRID,NO,NO,NO,NO,NO,NO,-36.824529,-73.051233
BI680,4485,Sur,B2,C,ONGRID,NO,SI,NO,NO,NO,NO,-36.837322,-73.135544
BI803,4486,Sur,C,C,ONGRID,NO,NO,NO,NO,NO,NO,-37.394661,-72.622238
FS603,4487,Sur,C,C,ONGRID,NO,NO,NO,NO,NO,NO,-36.322806,-72.03825
FS582,4488,Sur,C,C,ONGRID,NO,NO,NO,NO,NO,NO,-36.676417,-71.842194
FS644,4489,Sur,C,C,ONGRID,NO,NO,NO,NO,NO,NO,-37.335917,-71.731417
BI428,4490,Sur,D,C,ONGRID,NO,NO,NO,NO,NO,NO,-37.796052,-72.317237
FS685,4491,Sur,C,C,ONGRID,NO,SI,NO,NO,NO,NO,-36.848167,-71.988195
FS604,4492,Sur,C,C,ONGRID,NO,NO,NO,NO,NO,NO,-36.480611,-71.917444
CC387,4230,Centro,D,C,ONGRID,NO,NO,NO,NO,NO,,-35.671468,-71.34523
CC259,4493,Sur,C,C,ONGRID,NO,SI,NO,NO,NO,NO,-37.088333,-72.440333
BI731,4494,Sur,D,C,ONGRID,NO,NO,NO,NO,NO,NO,-37.4691,-72.3403
ESTBI010,4495,Sur,B1,nan,ONGRID,SI,SI,NO,NO,NO,NO,-37.385833,-72.333889
FS650,4496,Sur,C,C,ONGRID,NO,NO,NO,NO,NO,NO,-37.366667,-72.099917
ESTBI012,4497,Sur,B2,nan,ONGRID,NO,SI,NO,NO,NO,NO,-37.721508,-72.244747
BI788,4498,Sur,C,C,ONGRID,NO,NO,NO,NO,NO,NO,-37.715886,-72.244894
BI415,4499,Sur,C,C,ONGRID,NO,NO,NO,NO,NO,NO,-37.725067,-72.23463
BI884,4250,Sur,D,C,ONGRID,NO,NO,NO,NO,NO,,-36.8221879,-73.0536502
ESTBI024,4500,Sur,B2,nan,ONGRID,NO,NO,NO,NO,NO,NO,-37.329747,-71.680205
FS605,4501,Sur,C,C,ONGRID,NO,NO,NO,NO,NO,NO,-36.467111,-71.8255
BI879,4502,Sur,D,C,ONGRID,NO,NO,NO,NO,NO,NO,-36.795549,-73.035327
BI341,4503,Sur,B2,C,ONGRID,NO,NO,NO,NO,NO,NO,-37.437811,-72.725592
BI713,4254,Sur,D,C,ONGRID,NO,NO,NO,NO,NO,,-36.776017,-73.050828
BI815,4504,Sur,D,C,ONGRID,NO,SI,NO,NO,NO,NO,-37.5091,-72.6509
CC093,4505,Sur,C,C,ONGRID,NO,SI,NO,NO,NO,NO,-37.58716,-72.538352
BI217,4506,Sur,C,C,ONGRID,NO,SI,NO,NO,NO,NO,-36.397722,-72.404139
FS606,4507,Sur,C,C,ONGRID,NO,NO,NO,NO,NO,NO,-36.479361,-72.0275
BI802,4259,Sur,C,C,ONGRID,NO,SI,NO,NO,NO,,-36.992806,-73.163989
CC064,4508,Sur,C,C,ONGRID,NO,SI,NO,NO,NO,NO,-36.609088,-72.536597
BI707,4509,Sur,D,C,ONGRID,NO,NO,NO,NO,NO,NO,-36.844103,-73.052797
BI603,4510,Sur,D,C,ONGRID,NO,NO,NO,NO,NO,NO,-36.820783,-73.009722
ZB192,4266,Sur,D,C,ONGRID,NO,NO,NO,NO,NO,,-36.79422,-73.06087
CC242,4511,Sur,C,C,ONGRID,NO,NO,NO,NO,NO,NO,-36.648833,-72.4825
ZB200,4512,Sur,D,C,ONGRID,NO,NO,NO,NO,NO,NO,-36.9071,-71.4114
BI158,4513,Sur,D,C,ONGRID,NO,NO,NO,NO,NO,NO,-36.690973,-73.11479
ONUBI004,4514,Sur,B2,nan,ONGRID,NO,NO,NO,NO,NO,NO,-36.808498,-73.051304
CC182,4515,Sur,D,C,ONGRID,NO,NO,NO,NO,NO,NO,-36.81661,-73.049484
BI583,4516,Sur,D,C,ONGRID,NO,NO,NO,NO,NO,NO,-37.484137,-72.345596
FS651,4517,Sur,C,C,ONGRID,NO,NO,NO,NO,NO,NO,-37.514111,-72.362
FS627,4518,Sur,C,C,ONGRID,NO,NO,NO,NO,NO,NO,-37.80725,-73.449806
ZB502,4519,Sur,D,C,ONGRID,NO,NO,NO,NO,NO,NO,-36.854532,-72.731849
FS588,4520,Sur,C,C,ONGRID,NO,NO,NO,NO,NO,NO,-36.283944,-71.871833
CC312,4306,Sur,D,C,ONGRID,NO,NO,NO,NO,NO,,-36.6887999,-72.253089
BI272,4307,Sur,D,C,ONGRID,NO,NO,NO,NO,NO,,-36.7763242,-73.1177983
FS652,4521,Sur,C,C,ONGRID,NO,NO,NO,NO,NO,NO,-37.202167,-72.233861
ZB390,4522,Sur,D,C,ONGRID,NO,NO,NO,NO,NO,NO,-36.253556,-72.080222
ZB069,4523,Sur,D,C,ONGRID,NO,NO,NO,NO,NO,NO,-36.825119,-73.047667
ESTBI019,4524,Sur,B2,nan,ONGRID,NO,SI,NO,NO,NO,NO,-36.759529,-73.089862
ZB539,4526,Sur,D,C,ONGRID,NO,NO,NO,NO,NO,NO,-36.455869,-71.660809
FS653,4527,Sur,C,C,ONGRID,NO,NO,NO,NO,NO,NO,-37.498083,-72.404445
CC516,4528,Sur,D,C,ONGRID,NO,NO,NO,NO,NO,NO,-36.6078,-72.1015999
FS844,4529,Sur,C,C,ONGRID,NO,NO,NO,NO,NO,NO,-37.299944,-72.228945
ONUBI005,4530,Sur,B2,nan,ONGRID,NO,SI,NO,NO,NO,NO,-37.468979,-72.340645
CC457,4531,Sur,C,C,ONGRID,NO,NO,NO,NO,NO,NO,-37.670806,-73.531083
BI165,4532,Sur,D,C,ONGRID,NO,NO,NO,NO,NO,NO,-36.815139,-73.036639
CC106,4533,Sur,C,C,ONGRID,NO,NO,NO,NO,NO,NO,-37.828775,-73.389166
CC107,4534,Sur,C,C,ONGRID,NO,NO,NO,NO,NO,NO,-38.248389,-73.495333
BI162,4535,Sur,C,C,ONGRID,NO,SI,NO,NO,NO,NO,-36.966675,-72.098175
BI292,4536,Sur,B1,C+,ONGRID,NO,SI,SI,SI,NO,NO,-36.739013,-73.001901
BI830,4537,Sur,D,C,ONGRID,NO,SI,NO,NO,NO,NO,-36.724387,-72.973257
BI952,4538,Sur,C,C,ONGRID,NO,NO,NO,NO,NO,NO,-36.623289,-72.940197
BI638,4539,Sur,D,C,ONGRID,NO,SI,NO,NO,NO,NO,-36.804878,-73.106411
BI128,4540,Sur,B2,C,ONGRID,NO,NO,NO,NO,NO,NO,-36.524028,-72.929167
BI036,4541,Sur,B2,C,ONGRID,NO,SI,NO,NO,NO,NO,-36.696667,-71.895167
ZB395,4542,Sur,D,C,ONGRID,NO,NO,NO,NO,NO,NO,-37.826917,-71.5615
CC270,4543,Sur,D,C,ONGRID,NO,NO,NO,NO,NO,NO,-36.908046,-73.143158
BI709,4544,Sur,D,C,ONGRID,NO,NO,NO,NO,NO,NO,-36.823644,-73.060953
CC218,4545,Sur,D,C,ONGRID,NO,NO,NO,NO,NO,NO,-36.818547,-73.067242
BI117,4546,Sur,C,C,ONGRID,NO,NO,NO,NO,NO,NO,-36.791886,-73.066457
BI328,4547,Sur,D,C,ONGRID,NO,SI,NO,NO,NO,NO,-36.823151,-73.038434
ZB517,4548,Sur,D,C,ONGRID,NO,NO,NO,NO,NO,NO,-37.245442,-72.948602
ZB518,4549,Sur,D,C,ONGRID,NO,NO,NO,NO,NO,NO,-37.266018,-72.952443
ZB570,4550,Sur,D,C,ONGRID,NO,NO,NO,NO,NO,NO,-37.257314,-72.943229
BI595,4551,Sur,D,C,ONGRID,NO,NO,NO,NO,NO,NO,-36.9207661,-73.1533601
BI310,4552,Sur,C,C,ONGRID,NO,NO,NO,NO,NO,NO,-36.933778,-71.648733
BI167,4553,Sur,C,C,ONGRID,NO,NO,NO,NO,NO,NO,-36.752634,-73.103602
BI637,4554,Sur,D,C,ONGRID,NO,SI,NO,NO,NO,NO,-36.805769,-73.088856
ZB396,4555,Sur,D,C,ONGRID,NO,NO,NO,NO,NO,NO,-36.399597,-72.795922
CC301,4556,Sur,C,C,ONGRID,NO,SI,NO,NO,NO,NO,-36.876222,-72.088305
BI634,4557,Sur,D,C,ONGRID,NO,SI,NO,NO,NO,NO,-36.811666,-73.071729
CC050,4558,Sur,C,C,ONGRID,NO,NO,NO,NO,NO,NO,-36.51885,-72.050237
FS638,4559,Sur,C,C,ONGRID,NO,NO,NO,NO,NO,NO,-37.24575,-72.535028
ZB226,4401,Sur,D,C,ONGRID,NO,NO,NO,NO,NO,,-36.608917,-72.1026292
ZB227,4402,Sur,D,C,ONGRID,NO,NO,NO,NO,NO,,-36.8253376,-73.0510041
FS584,4560,Sur,C,C,ONGRID,NO,NO,NO,NO,NO,NO,-36.876222,-71.978333
BI898,4561,Sur,B2,C,ONGRID,NO,NO,NO,NO,NO,NO,-36.7811,-73.0944
BI828,4562,Sur,D,C,ONGRID,NO,NO,NO,NO,NO,NO,-36.7255,-73.125
CC293,4563,Sur,C,C,ONGRID,NO,NO,NO,NO,NO,NO,-37.155222,-73.582472
FS680,4564,Sur,C,C,ONGRID,NO,NO,NO,NO,NO,NO,-36.775444,-72.567222
FS639,4565,Sur,C,C,ONGRID,NO,NO,NO,NO,NO,NO,-37.298056,-72.476028
FS607,4566,Sur,C,C,ONGRID,NO,NO,NO,NO,NO,NO,-36.498583,-71.968555
ZB544,4567,Sur,D,C,ONGRID,NO,NO,NO,NO,NO,NO,-37.643726,-71.70906
ZB573,4568,Sur,D,C,ONGRID,NO,NO,NO,NO,NO,NO,-37.651972,-71.711028
ZB574,4569,Sur,B2,C,ONGRID,NO,NO,NO,NO,NO,NO,-37.67475,-71.714194
BI701,4418,Sur,B1,C,ONGRID,NO,SI,NO,NO,NO,,-37.626497,-73.456597
CC260,4570,Sur,C,C,ONGRID,NO,SI,NO,NO,NO,NO,-37.467399,-71.971562
BI590,4571,Sur,C,C,ONGRID,NO,NO,NO,NO,NO,NO,-36.760321,-72.438674
BI102,4572,Sur,C,C,ONGRID,NO,NO,NO,NO,NO,NO,-36.742202,-72.475902
FS572,4573,Sur,C,C,ONGRID,NO,NO,NO,NO,NO,NO,-36.650898,-72.395543
FS609,4574,Sur,C,C,ONGRID,NO,NO,NO,NO,NO,NO,-36.379028,-71.997278
FS586,4575,Sur,C,C,ONGRID,NO,NO,NO,NO,NO,NO,-36.404389,-72.487695
CC062,4576,Sur,C,C,ONGRID,NO,SI,NO,NO,NO,NO,-36.290099,-72.545639
CC298,4577,Sur,C,C,ONGRID,NO,NO,NO,NO,NO,NO,-36.623528,-72.777611
FS671,4578,Sur,C,C,ONGRID,NO,NO,NO,NO,NO,NO,-36.638639,-72.707055
FS672,4579,Sur,C,C,ONGRID,NO,NO,NO,NO,NO,NO,-36.663944,-72.688278
FS738,4580,Sur,C,C,ONGRID,NO,NO,NO,NO,NO,NO,-38.078306,-71.385528
FS642,4581,Sur,C,C,ONGRID,NO,NO,NO,NO,NO,NO,-38.091194,-71.411389
FS626,4582,Sur,C,C,ONGRID,NO,NO,NO,NO,NO,NO,-37.307778,-73.260306
FS689,4583,Sur,C,C,ONGRID,NO,NO,NO,NO,NO,NO,-37.056472,-71.665028
FS845,4584,Sur,B2,C,ONGRID,NO,NO,NO,NO,NO,NO,-36.577167,-72.75575
BI770,4585,Sur,C,C,ONGRID,NO,NO,NO,NO,NO,NO,-36.838859,-71.675328
FS587,4586,Sur,C,C,ONGRID,NO,SI,NO,NO,NO,NO,-36.441833,-72.465861
BI693,4587,Sur,D,C,ONGRID,NO,NO,NO,NO,NO,NO,-36.829528,-73.054111
ESTBI030,4588,Sur,B2,nan,ONGRID,NO,NO,NO,NO,NO,NO,-37.271425,-72.719491
ESTBI043,4589,Sur,B2,nan,ONGRID,NO,NO,NO,NO,NO,NO,-38.014927,-73.229288
BI824,4472,Sur,D,C,ONGRID,NO,NO,NO,NO,NO,,-37.4719444,-72.3352777
BI459,4473,Sur,D,C,ONGRID,NO,NO,NO,NO,NO,,-36.7968805,-73.0680743
BI456,4474,Sur,D,C,ONGRID,NO,NO,NO,NO,NO,,-36.6088472,-72.1069092
CC289,4475,Sur,D,C,ONGRID,NO,NO,NO,NO,NO,,-36.6941667,-72.1702778
ZB234,4590,Sur,D,C,ONGRID,NO,NO,NO,NO,NO,NO,-37.581583,-72.075694
BI689,4477,Sur,D,C,ONGRID,NO,NO,NO,NO,NO,,-36.8254916,-73.0516857
BI484,4478,Sur,D,C,ONGRID,NO,NO,NO,NO,NO,,-36.826325,-73.0522411
BI100,4479,Sur,C,C,ONGRID,NO,NO,NO,NO,NO,,-36.6094445,-72.1002777
BI081,4480,Sur,D,C,ONGRID,NO,NO,NO,NO,NO,,-36.711325,-73.1141849
CC299,4591,Sur,C,C,ONGRID,NO,NO,NO,NO,NO,NO,-36.459806,-71.762611
FS591,4592,Sur,C,C,ONGRID,NO,NO,NO,NO,NO,NO,-36.679167,-71.934
ESTBI048,4593,Sur,B2,nan,ONGRID,NO,NO,NO,NO,NO,NO,-36.820856,-73.05253
ZB597,4594,Sur,D,C,ONGRID,NO,NO,NO,NO,NO,NO,-36.603426,-72.12066
RP100,4595,Sur,D,nan,ONGRID,NO,NO,NO,NO,NO,NO,-36.931708,-72.363503
RP139,4596,Sur,C,nan,ONGRID,NO,NO,NO,NO,NO,NO,-36.611708,-72.104026
RP394,4597,Sur,D,nan,ONGRID,NO,NO,NO,NO,NO,NO,-36.606845,-72.100899
RP411,4598,Sur,D,nan,ONGRID,NO,NO,NO,NO,NO,NO,-36.9733398,-73.1690084
RP365,4599,Sur,D,nan,ONGRID,NO,NO,NO,NO,NO,NO,-37.283935,-72.717995
FS640,4600,Sur,C,C,ONGRID,NO,NO,NO,NO,NO,NO,-37.277028,-72.666472
CC226,4601,Sur,D,C,ONGRID,NO,NO,NO,NO,NO,NO,-37.279106,-72.650292
CC308,4602,Sur,D,C,ONGRID,NO,NO,NO,NO,NO,NO,-37.186861,-72.515167
BI790,4603,Sur,B2,C,ONGRID,NO,NO,NO,NO,NO,NO,-37.688276,-72.250008
CC306,4604,Sur,D,C,ONGRID,NO,NO,NO,NO,NO,NO,-37.284111,-72.352111
ZB142,4605,Sur,D,C,ONGRID,NO,NO,NO,NO,NO,NO,-37.442861,-72.405978
CC305,4606,Sur,C,C,ONGRID,NO,SI,NO,NO,NO,NO,-36.637222,-72.205833
ZB007,4607,Sur,C,C,ONGRID,NO,NO,NO,NO,NO,NO,-37.245833,-73.2725
BI072,4608,Sur,D,C,ONGRID,NO,NO,NO,NO,NO,NO,-37.62353,-73.420342
BI045,4609,Sur,C,C,ONGRID,NO,NO,NO,NO,NO,NO,-37.12299,-72.936134
BI073,4610,Sur,D,C,ONGRID,NO,NO,NO,NO,NO,NO,-36.700482,-72.708293
BI807,4611,Sur,D,C,ONGRID,NO,NO,NO,NO,NO,NO,-36.649167,-72.357611
CC075,4612,Sur,D,C,ONGRID,NO,NO,NO,NO,NO,NO,-36.721055,-72.733611
CC141,4525,Sur,D,C,ONGRID,NO,NO,NO,NO,NO,,-36.6061911,-72.1039817
BI965,4613,Sur,C,C,ONGRID,NO,NO,NO,NO,NO,NO,-37.479663,-72.462512
CC366,4614,Sur,D,C,ONGRID,NO,NO,NO,NO,NO,NO,-37.509222,-72.277528
BI171,4615,Sur,C,C,ONGRID,NO,NO,NO,NO,NO,NO,-37.111472,-73.142583
ZB019,4616,Sur,C,C,ONGRID,NO,NO,NO,NO,NO,NO,-37.67875,-72.118722
CC307,4617,Sur,D,C,ONGRID,NO,NO,NO,NO,NO,NO,-37.04125,-72.060639
CC056,4618,Sur,C,C,ONGRID,NO,SI,NO,NO,NO,NO,-36.684389,-72.9595
CC304,4619,Sur,D,C,ONGRID,NO,NO,NO,NO,NO,NO,-36.706361,-72.4585
BI244,4620,Sur,C,C,ONGRID,NO,NO,NO,NO,NO,NO,-36.499126,-72.108295
ZB194,4621,Sur,D,C,ONGRID,NO,NO,NO,NO,NO,NO,-37.532972,-72.313861
BI025,4622,Sur,C,C,ONGRID,NO,NO,NO,NO,NO,NO,-37.504666,-72.324172
BI687,4623,Sur,D,C,ONGRID,NO,NO,NO,NO,NO,NO,-36.751,-73.092
BI934,4624,Sur,C,C,ONGRID,NO,NO,NO,NO,NO,NO,-37.2333,-72.3703
ZB193,4625,Sur,C,C,ONGRID,NO,NO,NO,NO,NO,NO,-37.215556,-72.388111
BI785,4626,Sur,C,C,ONGRID,NO,NO,NO,NO,NO,NO,-37.532362,-72.224153
FS686,4627,Sur,C,C,ONGRID,NO,NO,NO,NO,NO,NO,-36.843,-72.04325
ZB563,4628,Sur,D,C,ONGRID,NO,NO,NO,NO,NO,NO,-36.632129,-72.863268
ESTBI016,4629,Sur,B1,nan,ONGRID,NO,SI,NO,NO,NO,NO,-36.42402,-71.958696
BI118,4630,Sur,D,C,ONGRID,NO,SI,NO,NO,NO,NO,-36.429964,-71.948285
BI933,4631,Sur,B2,C,ONGRID,NO,NO,NO,NO,NO,NO,-36.420694,-71.963556
BI926,4632,Sur,C,C,ONGRID,NO,NO,NO,NO,NO,NO,-36.418745,-71.947933
BI928,4633,Sur,C,C,ONGRID,NO,NO,NO,NO,NO,NO,-36.434686,-71.958007
BI706,4634,Sur,C,C,ONGRID,NO,NO,NO,NO,NO,NO,-36.367417,-71.888306
CC109,4635,Sur,C,C,ONGRID,NO,SI,NO,NO,NO,NO,-36.558,-71.554861
ZB405,4636,Sur,D,C,ONGRID,NO,NO,NO,NO,NO,NO,-37.217722,-72.351139
FS655,4637,Sur,C,C,ONGRID,NO,NO,NO,NO,NO,NO,-37.384055,-72.226417
CC047,4638,Sur,C,C,ONGRID,NO,SI,NO,NO,NO,NO,-36.324167,-71.836667
FS595,4639,Sur,C,C,ONGRID,NO,NO,NO,NO,NO,NO,-36.626556,-72.602222
BI078,4640,Sur,B2,C,ONGRID,NO,SI,NO,NO,NO,NO,-36.798361,-72.033722
ZB531,4641,Sur,D,C,ONGRID,NO,NO,NO,NO,NO,NO,-36.92725,-71.963139
FS676,4642,Sur,C,C,ONGRID,NO,NO,NO,NO,NO,NO,-36.930167,-72.010556
BI786,4643,Sur,D,C,ONGRID,NO,NO,NO,NO,NO,NO,-37.624669,-72.106387
ZB406,4644,Sur,D,C,ONGRID,NO,NO,NO,NO,NO,NO,-36.422667,-72.516389
ESTBI033,4645,Sur,B2,nan,ONGRID,NO,SI,NO,NO,NO,NO,-37.5002778,-71.8059139
FS568,4646,Sur,C,C,ONGRID,NO,NO,NO,NO,NO,NO,-36.874167,-72.289472
CC240,4647,Sur,C,C,ONGRID,NO,NO,NO,NO,NO,NO,-36.575278,-72.14075
ZB154,4648,Sur,D,C,ONGRID,NO,NO,NO,NO,NO,NO,-36.831436,-73.056299
FS620,4649,Sur,C,C,ONGRID,NO,NO,NO,NO,NO,NO,-36.453028,-71.992667
FS687,4650,Sur,C,C,ONGRID,NO,NO,NO,NO,NO,NO,-36.813489,-71.963611
BI726,4651,Sur,C,C,ONGRID,NO,SI,NO,NO,NO,NO,-36.502,-72.221472
BI949,4652,Sur,C,C,ONGRID,NO,SI,NO,NO,NO,NO,-36.8558,-73.076
BI309,4653,Sur,C,C,ONGRID,NO,NO,NO,NO,NO,NO,-36.830696,-73.115179
BI679,4654,Sur,B1,B+,ONGRID,SI,SI,NO,SI,NO,NO,-36.843559,-73.104503
BI825,4655,Sur,D,C,ONGRID,NO,NO,NO,NO,NO,NO,-36.844583,-73.093611
ZB062,4657,Sur,D,C,ONGRID,NO,NO,NO,NO,NO,NO,-36.843056,-73.1395
BI727,4658,Sur,D,C,ONGRID,NO,NO,NO,NO,NO,NO,-36.827772,-73.138427
BI838,4659,Sur,D,C,ONGRID,NO,NO,NO,NO,NO,NO,-36.837778,-73.105
FS677,4660,Sur,C,C,ONGRID,NO,NO,NO,NO,NO,NO,-36.947528,-72.3045
BI728,4661,Sur,D,C,ONGRID,NO,NO,NO,NO,NO,NO,-36.848825,-73.142817
BI814,4656,Sur,D,C,ONGRID,NO,NO,NO,NO,NO,,-36.8446568,-73.1103002
FS633,4662,Sur,C,C,ONGRID,NO,NO,NO,NO,NO,NO,-38.155194,-73.372445
ESTBI020,4663,Sur,B2,nan,ONGRID,NO,SI,NO,NO,NO,NO,-36.793802,-73.108316
FS589,4664,Sur,C,C,ONGRID,NO,NO,NO,NO,NO,NO,-36.368417,-71.772083
ZB131,4665,Sur,D,C,ONGRID,NO,NO,NO,NO,NO,NO,-36.722806,-73.118833
ZB407,4666,Sur,D,C,ONGRID,NO,NO,NO,NO,NO,NO,-36.144306,-72.736639
ZB535,4667,Sur,D,C,ONGRID,NO,NO,NO,NO,NO,NO,-36.839083,-72.484889
FS641,4668,Sur,C,C,ONGRID,NO,NO,NO,NO,NO,NO,-37.314444,-72.701611
BI975,4669,Sur,B2,C,ONGRID,NO,SI,NO,NO,NO,NO,-37.683281,-72.028608
BI151,4670,Sur,C,C,ONGRID,NO,SI,NO,NO,NO,NO,-37.666448,-72.020038
FS656,4671,Sur,C,C,ONGRID,NO,NO,NO,NO,NO,NO,-37.376028,-72.298889
FS573,4672,Sur,C,C,ONGRID,NO,NO,NO,NO,NO,NO,-36.705222,-72.350694
BI226,4680,Sur,D,C,ONGRID,NO,NO,NO,NO,NO,,-37.527597,-73.3207
CC152,4684,Sur,D,C,ONGRID,NO,NO,NO,NO,NO,,-36.8312371,-73.0496701
CC533,4685,Sur,D,C,ONGRID,NO,NO,NO,NO,NO,,-37.4708334,-72.3522222
BI782,4673,Sur,C,C,ONGRID,NO,SI,NO,NO,NO,NO,-37.46355,-72.586406
ZB548,4674,Sur,D,C,ONGRID,NO,NO,NO,NO,NO,NO,-37.420796,-72.834542
FS569,4675,Sur,C,C,ONGRID,NO,NO,NO,NO,NO,NO,-36.738306,-72.362305
ZB408,4676,Sur,D,C,ONGRID,NO,NO,NO,NO,NO,NO,-37.1745,-72.614944
FS630,4677,Sur,C,C,ONGRID,NO,NO,NO,NO,NO,NO,-37.646306,-73.621722
BI436,4678,Sur,B2,C,ONGRID,NO,SI,NO,NO,NO,NO,-37.617183,-72.660756
ZB095,4679,Sur,D,C,ONGRID,NO,NO,NO,NO,NO,NO,-36.603426,-72.12066
BI717,4681,Sur,D,C,ONGRID,NO,NO,NO,NO,NO,NO,-36.789222,-73.096728
CC532,4682,Sur,D,C,ONGRID,NO,NO,NO,NO,NO,NO,-37.246944,-73.3180551
CC151,4683,Sur,D,C,ONGRID,NO,NO,NO,NO,NO,NO,-36.608866,-72.1029161
CC531,4686,Sur,D,C,ONGRID,NO,NO,NO,NO,NO,NO,-36.713984,-73.1124169
BI872,4687,Sur,D,C,ONGRID,NO,NO,NO,NO,NO,NO,-36.694306,-73.106306
BI873,4688,Sur,D,C,ONGRID,NO,NO,NO,NO,NO,NO,-36.779778,-73.079222
BI913,4689,Sur,D,C,ONGRID,NO,NO,NO,NO,NO,NO,-36.735769,-73.105574
BI159,4690,Sur,D,C,ONGRID,NO,NO,NO,NO,NO,NO,-36.716644,-73.139825
BI494,4691,Sur,D,C,ONGRID,NO,NO,NO,NO,NO,NO,-36.74142,-73.10017
BI716,4692,Sur,D,C,ONGRID,NO,NO,NO,NO,NO,NO,-36.798824,-73.09002
ZB532,4693,Sur,D,C,ONGRID,NO,NO,NO,NO,NO,NO,-36.270067,-72.317339
CC058,4694,Sur,C,C,ONGRID,NO,NO,NO,NO,NO,NO,-36.603194,-71.966889
FS583,4695,Sur,C,C,ONGRID,NO,NO,NO,NO,NO,NO,-36.719972,-71.829972
ZB409,4696,Sur,D,C,ONGRID,NO,NO,NO,NO,NO,NO,-36.431278,-72.550944
BI771,4697,Sur,D,C,ONGRID,NO,NO,NO,NO,NO,NO,-36.9252,-71.4838
BI506,4698,Sur,C,C,ONGRID,NO,NO,NO,NO,NO,NO,-36.911978,-71.415042
BI164,4699,Sur,B2,C,ONGRID,NO,SI,NO,NO,NO,NO,-38.349806,-73.4975
ZB060,4700,Sur,D,C,ONGRID,NO,NO,NO,NO,NO,NO,-36.606111,-72.956111
BI942,4701,Sur,B1,C+,ONGRID,NO,SI,NO,SI,NO,NO,-36.63125,-72.952417
BI768,4702,Sur,C,C,ONGRID,NO,SI,NO,NO,NO,NO,-36.61483,-72.950377
ESTBI040,4703,Sur,B2,nan,ONGRID,NO,NO,NO,NO,NO,NO,-36.613156,-72.958859
CC202,4704,Sur,D,C,ONGRID,NO,SI,NO,NO,NO,NO,-36.617718,-72.958063
ZB410,4705,Sur,C,C,ONGRID,NO,NO,NO,NO,NO,NO,-36.432556,-72.588667
BI921,4706,Sur,C,C,ONGRID,NO,SI,NO,NO,NO,NO,-36.605728,-72.961764
BI923,4707,Sur,D,C,ONGRID,NO,NO,NO,NO,NO,NO,-36.622657,-72.95605
BI805,4708,Sur,D,C,ONGRID,NO,NO,NO,NO,NO,NO,-36.97806,-72.62086
FS621,4709,Sur,C,C,ONGRID,NO,NO,NO,NO,NO,NO,-36.394806,-71.620222
FS634,4710,Sur,C,C,ONGRID,NO,NO,NO,NO,NO,NO,-38.191667,-73.422861
FS643,4711,Austral,C,C,ONGRID,NO,NO,NO,NO,NO,NO,-41.473492,-72.9351849
CC110,4712,Sur,B2,C,ONGRID,NO,SI,NO,NO,NO,NO,-36.417726,-72.658042
FS840,4713,Sur,C,C,ONGRID,NO,NO,NO,NO,NO,NO,-36.799667,-72.185361
CC296,4714,Sur,C,C,ONGRID,NO,NO,NO,NO,NO,NO,-37.55829,-73.420683
ZE131,4777,Sur,D,C,ONGRID,NO,NO,NO,NO,NO,,-38.7850561,-72.614506
CC294,4715,Sur,C,C,ONGRID,NO,NO,NO,NO,NO,NO,-37.230309,-73.441991
BI206,4716,Sur,C,C,ONGRID,NO,NO,NO,NO,NO,NO,-37.296065,-71.944701
FS564,4717,Sur,C,C,ONGRID,NO,NO,NO,NO,NO,NO,-36.637472,-73.063528
ZB414,4718,Sur,D,C,ONGRID,NO,NO,NO,NO,NO,NO,-37.113667,-71.744611
ZB415,4719,Sur,D,C,ONGRID,NO,NO,NO,NO,NO,NO,-37.102306,-71.803639
BI677,4720,Sur,B2,C,ONGRID,NO,NO,NO,NO,NO,NO,-36.827894,-72.999423
FS575,4721,Sur,C,C,ONGRID,NO,NO,NO,NO,NO,NO,-36.403805,-72.863167
BI168,4722,Sur,D,C,ONGRID,NO,NO,NO,NO,NO,NO,-36.605319,-72.106527
ZB026,4723,Sur,D,C,ONGRID,NO,NO,NO,NO,NO,NO,-36.598111,-72.952972
BI253,4724,Sur,D,C,ONGRID,NO,NO,NO,NO,NO,NO,-36.827,-73.0414
AR452,4796,Sur,B1,C,ONGRID,NO,NO,NO,NO,NO,,-38.453734,-71.90981
AR820,4797,Sur,C,C,ONGRID,NO,NO,NO,NO,NO,,-38.437201,-71.885122
ZB042,4725,Sur,D,C,ONGRID,NO,NO,NO,NO,NO,NO,-37.483414,-72.377156
ZB159,4726,Sur,D,C,ONGRID,NO,NO,NO,NO,NO,NO,-36.967972,-73.146167
FS658,4727,Sur,C,C,ONGRID,NO,NO,NO,NO,NO,NO,-37.586444,-71.881139
BI883,4728,Sur,D,C,ONGRID,NO,NO,NO,NO,NO,NO,-36.791222,-73.065917
FS654,4729,Sur,C,C,ONGRID,NO,NO,NO,NO,NO,NO,-37.462019,-72.497964
MA515,5745184,Centro,D,nan,ONGRID,NO,NO,NO,NO,NO,NO,-33.443979,-70.655493
ZE060,4814,Sur,D,C,ONGRID,NO,NO,NO,NO,NO,,-39.2887231,-72.221624
ZB557,4730,Sur,C,C,ONGRID,NO,NO,NO,NO,NO,NO,-37.725885,-73.569457
CC080,4731,Sur,C,C,ONGRID,NO,NO,NO,NO,NO,NO,-37.072861,-72.452083
ZE508,4835,Sur,D,C,ONGRID,NO,NO,NO,NO,NO,,-38.000556,-73.003583
CC084,4732,Sur,C,C,ONGRID,NO,NO,NO,NO,NO,NO,-37.158667,-72.5278
BI966,4733,Sur,C,C,ONGRID,SI,SI,NO,NO,NO,NO,-37.098452,-72.568535
CC258,4734,Sur,D,C,ONGRID,NO,NO,NO,NO,NO,NO,-37.1,-72.560806
BI053,4735,Sur,C,C,ONGRID,NO,NO,NO,NO,NO,NO,-37.124692,-72.002705
AR763,4841,Sur,D,C,ONGRID,NO,NO,NO,NO,NO,,-38.711556,-72.557474
FS590,4736,Sur,C,C,ONGRID,NO,NO,NO,NO,NO,NO,-36.418694,-71.752389
ZE126,4737,Sur,D,C,ONGRID,NO,NO,NO,NO,NO,NO,-39.280257,-71.972517
ZE066,4738,Sur,D,C,ONGRID,NO,NO,NO,NO,NO,NO,-38.773722,-72.634
ZE069,4739,Sur,D,C,ONGRID,NO,NO,NO,NO,NO,NO,-39.289065,-71.924697
ESTAR021,4740,Sur,B2,nan,ONGRID,NO,NO,NO,NO,NO,NO,-38.764664,-72.60564
ZE173,4741,Sur,D,C,ONGRID,NO,NO,NO,NO,NO,NO,-38.775694,-72.289806
AR449,4742,Sur,B2,C,ONGRID,NO,NO,NO,NO,NO,NO,-39.168102,-72.336803
TE000,4743,Sur,B2,C,ONGRID,NO,SI,NO,NO,NO,NO,-38.898799,-73.10926
ZE175,4744,Sur,D,C,ONGRID,NO,NO,NO,NO,NO,NO,-38.540972,-73.417667
ZE176,4745,Sur,D,C,ONGRID,NO,NO,NO,NO,NO,NO,-38.573056,-73.44275
ZE121,4854,Sur,D,C,ONGRID,NO,NO,NO,NO,NO,,-38.737757,-72.587272
ZE122,4855,Sur,D,C,ONGRID,NO,NO,NO,NO,NO,,-39.280378,-72.2254299
AR367,4859,Sur,C,C,ONGRID,NO,NO,NO,NO,NO,,-38.447944,-71.3715
TE145,4865,Sur,D,C,ONGRID,NO,NO,NO,NO,NO,,-38.6068721,-72.4483829
ZE179,4746,Sur,D,C,ONGRID,NO,NO,NO,NO,NO,NO,-39.059083,-72.752917
ESTAR039,4747,Sur,B2,nan,ONGRID,NO,SI,NO,NO,NO,NO,-39.281218,-72.228013
TE278,4748,Sur,D,C,ONGRID,NO,NO,NO,NO,NO,NO,-37.792806,-72.699167
AR754,4749,Sur,B2,C,ONGRID,NO,SI,NO,NO,NO,NO,-37.823762,-72.703779
TE276,4750,Sur,D,C,ONGRID,NO,NO,NO,NO,NO,NO,-37.808083,-72.685028
TE277,4751,Sur,D,C,ONGRID,NO,NO,NO,NO,NO,NO,-37.792778,-72.727417
AR138,4752,Sur,C,C,ONGRID,NO,NO,NO,NO,NO,NO,-37.801556,-72.696194
AR523,4878,Sur,D,C,ONGRID,NO,NO,NO,NO,NO,,-38.7365897,-72.5900613
AR521,4879,Sur,D,C,ONGRID,NO,NO,NO,NO,NO,,-38.7363121,-72.582839
AR524,4880,Sur,D,C,ONGRID,NO,NO,NO,NO,NO,,-38.7352004,-72.610618
AR666,4753,Sur,D,C,ONGRID,NO,NO,NO,NO,NO,NO,-38.73981,-72.57822
AR497,4754,Sur,D,C,ONGRID,NO,NO,NO,NO,NO,NO,-38.731034,-72.603117
AR661,4755,Sur,D,C,ONGRID,NO,NO,NO,NO,NO,NO,-38.7235,-72.619
AR323,4756,Sur,B2,C,ONGRID,NO,NO,NO,NO,NO,NO,-38.084722,-71.935278
ZE055,4757,Sur,D,C,ONGRID,NO,NO,NO,NO,NO,NO,-38.742556,-72.586417
ZE028,4758,Sur,D,C,ONGRID,NO,NO,NO,NO,NO,NO,-38.820167,-73.39525
ZE106,4759,Sur,D,C,ONGRID,NO,NO,NO,NO,NO,NO,-38.768222,-72.611333
AR759,4760,Sur,D,C,ONGRID,NO,NO,NO,NO,NO,NO,-38.734009,-72.644173
AR448,4761,Sur,C,C,ONGRID,NO,NO,NO,NO,NO,NO,-39.018324,-72.523444
AR362,4762,Sur,B2,C,ONGRID,NO,NO,NO,NO,NO,NO,-37.838817,-72.854765
AR363,4763,Sur,B2,C,ONGRID,NO,NO,NO,NO,NO,NO,-39.303545,-71.764206
AR371,4764,Sur,B2,C,ONGRID,NO,NO,NO,NO,NO,NO,-38.849722,-72.14225
BI329,4765,Sur,B2,C,ONGRID,NO,NO,NO,NO,NO,NO,-38.077039,-73.140733
ZE090,4766,Sur,D,C,ONGRID,NO,NO,NO,NO,NO,NO,-39.198111,-71.807608
TE382,4767,Sur,D,C,ONGRID,NO,NO,NO,NO,NO,NO,-39.185861,-71.75175
AR267,4768,Sur,D,C,ONGRID,NO,SI,NO,NO,NO,NO,-38.67659,-72.50978
ZE185,4769,Sur,D,C,ONGRID,NO,NO,NO,NO,NO,NO,-38.047556,-72.203972
ZE516,4770,Sur,D,C,ONGRID,NO,NO,NO,NO,NO,NO,-38.7475,-72.28625
AR366,4771,Sur,B2,C,ONGRID,NO,SI,NO,NO,NO,NO,-38.224417,-73.018861
AR208,4772,Sur,C,C,ONGRID,NO,NO,NO,NO,NO,NO,-38.712639,-73.168861
FS948,4773,Sur,C,C,ONGRID,NO,NO,NO,NO,NO,NO,-38.710806,-73.146556
ZE130,4774,Sur,C,C,ONGRID,NO,NO,NO,NO,NO,NO,-38.732834,-72.6158131
FS692,4775,Sur,C,C,ONGRID,NO,NO,NO,NO,NO,NO,-39.346861,-71.69475
CC016,4776,Sur,D,C,ONGRID,NO,NO,NO,NO,NO,NO,-37.640278,-72.857778
ESTAR024,4778,Sur,B2,nan,ONGRID,NO,NO,NO,NO,NO,NO,-38.735902,-72.590374
ZE172,4779,Sur,D,C,ONGRID,NO,NO,NO,NO,NO,NO,-38.418998,-71.547313
AR579,4780,Sur,D,C,ONGRID,NO,NO,NO,NO,NO,NO,-38.685496,-71.799186
AR015,4781,Sur,B2,C,ONGRID,NO,NO,NO,NO,NO,NO,-39.324299,-71.980984
ESTAR043,4782,Sur,B2,nan,ONGRID,NO,NO,NO,NO,NO,NO,-38.440425,-71.889743
AR616,4783,Sur,B2,C,ONGRID,NO,NO,NO,NO,NO,NO,-39.014097,-72.10838
FS698,4784,Sur,C,C,ONGRID,NO,NO,NO,NO,NO,NO,-38.682306,-72.004111
AR075,4785,Sur,C,C,ONGRID,NO,SI,NO,NO,NO,NO,-38.587219,-72.844489
AR819,4786,Sur,D,C,ONGRID,NO,NO,NO,NO,NO,NO,-38.684095,-72.366715
AR216,4787,Sur,D,C,ONGRID,NO,NO,NO,NO,NO,NO,-38.7366389,-72.6106666
AR446,4788,Sur,C,C,ONGRID,NO,NO,NO,NO,NO,NO,-39.086261,-72.409463
ZE075,4964,Sur,D,C,ONGRID,NO,NO,NO,NO,NO,,-39.3746,-72.2002
ZE191,4789,Sur,D,C,ONGRID,NO,NO,NO,NO,NO,NO,-38.702917,-73.337222
ZE517,4790,Sur,D,C,ONGRID,NO,NO,NO,NO,NO,NO,-38.567727,-72.246351
AR417,4791,Sur,B2,C,ONGRID,NO,SI,NO,NO,NO,NO,-37.9591667,-72.4330556
ZE192,4792,Sur,D,C,ONGRID,NO,NO,NO,NO,NO,NO,-38.81325,-72.793056
ZE194,4793,Sur,D,C,ONGRID,NO,NO,NO,NO,NO,NO,-39.113,-72.589639
ZE195,4794,Sur,C,C,ONGRID,NO,NO,NO,NO,NO,NO,-38.861778,-71.570833
AR209,4795,Sur,B2,C,ONGRID,NO,SI,NO,NO,NO,NO,-38.910573,-72.023424
AR559,4798,Sur,D,C,ONGRID,NO,NO,NO,NO,NO,NO,-38.461888,-71.802234
FS691,4799,Sur,C,C,ONGRID,NO,NO,NO,NO,NO,NO,-39.364194,-71.582083
AR617,4800,Sur,B2,C,ONGRID,NO,NO,NO,NO,NO,NO,-39.361361,-71.601889
AR364,4801,Sur,D,C,ONGRID,NO,NO,NO,NO,NO,NO,-38.551936,-73.237353
FS694,4802,Sur,C,C,ONGRID,NO,NO,NO,NO,NO,NO,-38.535194,-72.374833
AR142,4803,Sur,D,C,ONGRID,NO,NO,NO,NO,NO,NO,-38.742139,-72.611
ZE079,4804,Sur,D,C,ONGRID,NO,NO,NO,NO,NO,NO,-38.742611,-72.606611
ZE510,4805,Sur,D,C,ONGRID,NO,NO,NO,NO,NO,NO,-37.713761,-72.646073
ZE197,4806,Sur,D,C,ONGRID,NO,NO,NO,NO,NO,NO,-38.564583,-73.366583
ZE198,4807,Sur,D,C,ONGRID,NO,NO,NO,NO,NO,NO,-38.530722,-73.366861
ZE200,4808,Sur,D,C,ONGRID,NO,NO,NO,NO,NO,NO,-39.142556,-72.766167
FS396,4809,Sur,C,C,OFFGRID,NO,NO,NO,NO,NO,SI,-38.088425,-71.345861
AR822,4810,Sur,C,C,ONGRID,NO,NO,NO,NO,NO,NO,-38.572981,-72.613111
AR089,4811,Sur,C,C,ONGRID,NO,NO,NO,NO,NO,NO,-38.063444,-72.379
ESTAR036,4812,Sur,B2,nan,ONGRID,NO,NO,NO,NO,NO,NO,-38.735491,-72.609759
ZE089,4813,Sur,D,C,ONGRID,NO,NO,NO,NO,NO,NO,-38.228667,-72.335417
AR587,5008,Sur,D,C,ONGRID,NO,NO,NO,NO,NO,,-38.4666119,-71.7086178
ZE048,4815,Sur,D,C,ONGRID,NO,NO,NO,NO,NO,NO,-38.889453,-72.292666
ESTAR003,4816,Sur,B2,nan,ONGRID,NO,SI,NO,NO,NO,NO,-38.9573,-72.626929
AR108,4817,Sur,C,C,ONGRID,NO,NO,NO,NO,NO,NO,-38.961673,-72.621338
AR839,4818,Sur,C,C,ONGRID,NO,NO,NO,NO,NO,NO,-38.410476,-72.78256
TE501,4819,Sur,D,C,ONGRID,NO,NO,NO,NO,NO,NO,-38.729917,-72.633
ESTAR005,4820,Sur,B1,nan,ONGRID,SI,SI,NO,NO,NO,NO,-39.105683,-72.679108
AR352,4821,Sur,B2,B+,ONGRID,NO,SI,NO,NO,NO,NO,-39.105863,-72.679003
ZE503,4822,Sur,D,C,ONGRID,NO,NO,NO,NO,NO,NO,-37.936587,-72.888455
FS697,4823,Sur,C,C,ONGRID,NO,NO,NO,NO,NO,NO,-39.094444,-73.182
ZE500,4824,Sur,D,C,ONGRID,NO,NO,NO,NO,NO,NO,-38.490639,-71.814962
ZE205,4825,Sur,D,C,ONGRID,NO,NO,NO,NO,NO,NO,-38.50025,-72.907528
TE247,4826,Sur,C,C,ONGRID,NO,NO,NO,NO,NO,NO,-37.814816,-72.673591
ZE107,4827,Sur,D,C,ONGRID,NO,NO,NO,NO,NO,NO,-38.773806,-72.583056
ZE207,4828,Sur,D,C,ONGRID,NO,NO,NO,NO,NO,NO,-38.801611,-73.372306
AR460,4829,Sur,D,C,ONGRID,NO,NO,NO,NO,NO,NO,-39.313254,-72.363682
FS957,4830,Sur,C,C,ONGRID,NO,NO,NO,NO,NO,NO,-38.811056,-71.280417
FS699,4831,Sur,B2,C,ONGRID,NO,NO,NO,NO,NO,NO,-38.821472,-71.301194
FS695,4832,Sur,C,C,ONGRID,NO,NO,NO,NO,NO,NO,-38.90225,-73.310556
FS696,4833,Sur,C,C,ONGRID,NO,NO,NO,NO,NO,NO,-38.918062,-73.310155
ZE211,4834,Sur,D,C,ONGRID,NO,NO,NO,NO,NO,NO,-38.356667,-72.118722
AR433,4836,Sur,D,C,ONGRID,NO,NO,NO,NO,NO,NO,-39.424797,-72.685959
AR867,4837,Sur,D,C,ONGRID,NO,NO,NO,NO,NO,NO,-39.27385,-71.986895
AR945,4838,Sur,C,C,ONGRID,NO,SI,NO,NO,NO,NO,-38.764968,-72.759127
AR901,4839,Sur,B2,C,ONGRID,NO,NO,NO,NO,NO,NO,-39.2,-71.823306
AR184,4840,Sur,D,C,ONGRID,NO,NO,NO,NO,NO,NO,-39.2138,-71.7909
ZE213,4842,Sur,D,C,ONGRID,NO,NO,NO,NO,NO,NO,-38.510222,-73.236472
ZE514,4843,Sur,D,C,ONGRID,NO,SI,NO,NO,NO,NO,-38.5380056,-72.052022
FS693,4844,Sur,C,C,ONGRID,NO,NO,NO,NO,NO,NO,-39.238167,-72.674306
ESTAR006,4845,Sur,B1,nan,ONGRID,SI,SI,NO,NO,NO,NO,-38.508431,-72.454134
ESTAR052,4846,Sur,C,nan,ONGRID,SI,SI,SI,NO,NO,NO,-38.537341,-72.436181
AR658,4847,Sur,D,C,ONGRID,NO,NO,NO,NO,NO,NO,-38.736589,-72.610618
AR416,4848,Sur,B2,C,ONGRID,NO,SI,NO,NO,NO,NO,-39.4796,-72.1487
ZE092,4849,Sur,D,C,ONGRID,NO,NO,NO,NO,NO,NO,-39.490444,-72.162306
ZE114,4850,Sur,D,C,ONGRID,NO,NO,NO,NO,NO,NO,-39.490222,-72.154972
FS700,4851,Sur,B2,C,ONGRID,NO,NO,NO,NO,NO,NO,-38.660222,-71.068333
ZE215,4852,Sur,D,C,ONGRID,NO,NO,NO,NO,NO,NO,-38.591111,-72.208222
ZE120,4853,Sur,D,C,ONGRID,NO,NO,NO,NO,NO,NO,-38.738564,-72.589058
AR210,4856,Sur,C,C,ONGRID,NO,NO,NO,NO,NO,NO,-39.370014,-72.635976
ZE217,4857,Sur,B2,C,ONGRID,NO,NO,NO,NO,NO,NO,-38.607167,-73.411111
ESTAR019,4858,Sur,B1,C,ONGRID,SI,SI,NO,NO,NO,NO,-38.457122,-71.365897
ZE501,4860,Sur,D,C,ONGRID,NO,NO,NO,NO,NO,NO,-38.426985,-71.761138
AR577,4861,Sur,A,C,ONGRID,NO,SI,NO,NO,SI,NO,-37.97017,-72.832979
ZE219,4862,Sur,D,C,ONGRID,NO,NO,NO,NO,NO,NO,-38.400472,-72.222417
AR099,4863,Sur,C,C,ONGRID,NO,SI,NO,NO,NO,NO,-38.166389,-72.909111
AR762,4864,Sur,D,C,ONGRID,NO,NO,NO,NO,NO,NO,-38.737444,-72.59375
AR787,4866,Sur,D,C,ONGRID,NO,NO,NO,NO,NO,NO,-38.7251,-72.57363
AR556,4867,Sur,C,C,ONGRID,NO,NO,NO,NO,NO,NO,-38.470056,-71.564861
ZE224,4868,Sur,D,C,ONGRID,NO,NO,NO,NO,NO,NO,-38.500833,-72.973028
FS849,5126,Austral,C,C,ONGRID,NO,NO,NO,NO,NO,,-39.859,-73.185334
ZL136,5128,Austral,D,C,ONGRID,NO,NO,NO,NO,NO,,-39.81399,-73.2454791
TE548,4869,Sur,C,C,ONGRID,NO,NO,NO,NO,NO,NO,-38.7330556,-72.6147224
ESTAR037,4870,Sur,B2,nan,ONGRID,NO,NO,NO,NO,NO,NO,-38.758506,-72.649244
TE196,4871,Sur,B2,C,ONGRID,NO,NO,NO,NO,NO,NO,-38.749472,-72.604583
LA457,5142,Austral,B2,C,ONGRID,NO,NO,NO,NO,NO,,-39.5564721,-72.5114999
ZE507,4872,Sur,D,C,ONGRID,NO,NO,NO,NO,NO,NO,-38.028111,-73.135
ZE506,4873,Sur,D,C,ONGRID,NO,NO,NO,NO,NO,NO,-38.319333,-73.243167
ESTAR042,4874,Sur,C,nan,ONGRID,SI,SI,NO,NO,NO,NO,-38.554139,-72.403556
AR090,4876,Sur,C,C,ONGRID,NO,NO,NO,NO,NO,NO,-38.626028,-72.445611
LA832,5153,Austral,D,C,ONGRID,NO,NO,NO,NO,NO,,-39.8143396,-73.2454125
AR871,4877,Sur,D,C,ONGRID,NO,NO,NO,NO,NO,NO,-39.288611,-71.9975
AR545,4881,Sur,B1,C,ONGRID,NO,NO,NO,NO,NO,NO,-38.828806,-71.735556
AR432,4882,Sur,C,C,ONGRID,NO,NO,NO,NO,NO,NO,-38.844052,-72.608486
TE197,4883,Sur,D,C,ONGRID,NO,NO,NO,NO,NO,NO,-38.75725,-72.61725
ZE227,4884,Sur,D,C,ONGRID,NO,NO,NO,NO,NO,NO,-38.780155,-73.335392
ZE037,4885,Sur,D,C,ONGRID,NO,NO,NO,NO,NO,NO,-39.09,-72.448333
AR580,4886,Sur,D,C,ONGRID,NO,SI,NO,NO,NO,NO,-37.789937,-72.474189
AR021,4887,Sur,D,C,ONGRID,NO,NO,NO,NO,NO,NO,-39.296781,-72.098986
FS690,4888,Sur,C,C,ONGRID,NO,NO,NO,NO,NO,NO,-38.742333,-73.417055
ZE229,4889,Sur,D,C,ONGRID,NO,NO,NO,NO,NO,NO,-38.777167,-72.426528
ZE231,4890,Sur,D,C,ONGRID,NO,NO,NO,NO,NO,NO,-39.312222,-73.212306
ZE232,4891,Sur,D,C,ONGRID,NO,NO,NO,NO,NO,NO,-38.496111,-72.819281
ZE233,4892,Sur,D,C,ONGRID,NO,NO,NO,NO,NO,NO,-38.483222,-72.79725
ZE234,4893,Sur,D,C,ONGRID,NO,NO,NO,NO,NO,NO,-37.891444,-72.744417
ZE235,4894,Sur,D,C,ONGRID,NO,NO,NO,NO,NO,NO,-39.103167,-72.845056
AR615,4895,Sur,C,C,ONGRID,NO,SI,NO,NO,NO,NO,-39.176849,-73.169274
ZE276,4896,Sur,C,C,ONGRID,NO,NO,NO,NO,NO,NO,-38.926273,-72.646439
TE136,4897,Sur,C,C,ONGRID,NO,NO,NO,NO,NO,NO,-39.278969,-72.309977
ESTAR034,4898,Sur,B2,nan,ONGRID,NO,NO,NO,NO,NO,NO,-37.806073,-72.703805
AR560,4899,Sur,B2,C,ONGRID,NO,SI,NO,NO,NO,NO,-38.767111,-72.596917
TE275,4900,Sur,D,C,ONGRID,NO,NO,NO,NO,NO,NO,-38.760417,-72.603417
AR668,4901,Sur,D,C,ONGRID,NO,NO,NO,NO,NO,NO,-38.723333,-72.566339
TE393,4902,Sur,D,C,ONGRID,NO,NO,NO,NO,NO,NO,-38.715583,-72.565167
TE036,4903,Sur,D,C,ONGRID,NO,NO,NO,NO,NO,NO,-38.585206,-72.445604
AR760,4904,Sur,D,C,ONGRID,NO,NO,NO,NO,NO,NO,-38.721594,-72.618293
AR144,4905,Sur,D,C,ONGRID,NO,NO,NO,NO,NO,NO,-38.74256,-72.593299
AR430,4906,Sur,C,C,ONGRID,NO,NO,NO,NO,NO,NO,-38.420206,-72.406631
ESTAR018,4907,Sur,B2,nan,ONGRID,NO,NO,NO,NO,NO,NO,-38.736489,-72.551723
ESTAR038,4908,Sur,B2,nan,ONGRID,NO,SI,NO,NO,NO,NO,-38.508516,-72.453617
ESTAR035,4909,Sur,B2,nan,ONGRID,NO,SI,NO,NO,NO,NO,-38.761958,-72.608821
AR761,4910,Sur,D,C,ONGRID,NO,NO,NO,NO,NO,NO,-38.740478,-72.601451
AR093,4911,Sur,D,C,ONGRID,NO,NO,NO,NO,NO,NO,-38.333925,-72.374984
AR567,4912,Sur,C,C,ONGRID,NO,NO,NO,NO,NO,NO,-39.306553,-72.04868
ZZ055,4913,Sur,D,C,ONGRID,NO,NO,NO,NO,NO,NO,-39.277087,-71.966326
AR030,4914,Sur,C,C,ONGRID,NO,NO,NO,NO,NO,NO,-39.270594,-71.975267
AR974,4915,Sur,C,C,ONGRID,NO,NO,NO,NO,NO,NO,-39.283821,-71.96199
ZE082,4916,Sur,D,C,ONGRID,NO,NO,NO,NO,NO,NO,-39.282542,-71.968385
AR983,4917,Sur,C,C,ONGRID,NO,NO,NO,NO,NO,NO,-39.27475,-71.974667
AR984,4918,Sur,C,C,ONGRID,NO,NO,NO,NO,NO,NO,-39.27789,-71.962433
ZE091,4919,Sur,D,C,ONGRID,NO,NO,NO,NO,NO,NO,-39.270394,-71.977067
ZE241,4920,Sur,D,C,ONGRID,NO,NO,NO,NO,NO,NO,-38.761944,-72.361417
ZE026,4921,Sur,D,C,ONGRID,NO,NO,NO,NO,NO,NO,-38.889917,-73.252639
AR962,4922,Sur,D,C,ONGRID,NO,NO,NO,NO,NO,NO,-38.757033,-72.628827
ESTAR023,4923,Sur,B2,nan,ONGRID,NO,SI,NO,NO,NO,NO,-38.7833,-73.4
AR088,4924,Sur,C,C,ONGRID,NO,NO,NO,NO,NO,NO,-38.792961,-73.387603
BI741,4925,Sur,C,C,ONGRID,NO,SI,NO,NO,NO,NO,-38.031917,-73.074222
ZE087,4926,Sur,D,C,ONGRID,NO,NO,NO,NO,NO,NO,-38.027972,-73.076944
ZE244,4927,Sur,D,C,ONGRID,NO,NO,NO,NO,NO,NO,-38.854667,-73.236056
ESTAR004,4928,Sur,B2,nan,ONGRID,NO,NO,NO,NO,NO,NO,-38.958062,-72.623454
AR549,4929,Sur,C,C,ONGRID,NO,NO,NO,NO,NO,NO,-39.390178,-73.236507
ZE024,4930,Sur,D,C,ONGRID,NO,NO,NO,NO,NO,NO,-38.444111,-72.2985
ZE511,4931,Sur,D,C,ONGRID,NO,NO,NO,NO,NO,NO,-38.106743,-72.70359
ZE247,4932,Sur,D,C,ONGRID,NO,NO,NO,NO,NO,NO,-38.669639,-72.378556
TE383,4933,Sur,D,C,ONGRID,NO,NO,NO,NO,NO,NO,-38.988075,-72.385211
ZE248,4934,Sur,D,C,ONGRID,NO,NO,NO,NO,NO,NO,-38.508833,-72.855556
AR818,4935,Sur,D,C,ONGRID,NO,NO,NO,NO,NO,NO,-38.713247,-73.045639
ZE057,4936,Sur,D,C,ONGRID,NO,NO,NO,NO,NO,NO,-38.7555,-72.635083
AR612,4937,Sur,C,C,ONGRID,NO,SI,NO,NO,NO,NO,-37.67265,-72.577515
ESTAR029,4938,Sur,B2,nan,ONGRID,NO,NO,NO,NO,NO,NO,-39.32638,-71.948601
ESTAR028,4939,Sur,B2,nan,ONGRID,NO,NO,NO,NO,NO,NO,-38.600591,-72.841141
ESTAR030,4940,Sur,B2,nan,ONGRID,NO,NO,NO,NO,NO,NO,-38.5725,-72.613889
ESTAR047,4941,Sur,B2,nan,ONGRID,NO,NO,NO,NO,NO,NO,-38.433333,-71.233333
AR958,4942,Sur,C,C,ONGRID,NO,NO,NO,NO,NO,NO,-38.777978,-72.602841
ESTAR049,4943,Sur,B2,nan,ONGRID,NO,NO,NO,NO,NO,NO,-38.440425,-71.889743
ZE059,4944,Sur,D,C,ONGRID,NO,NO,NO,NO,NO,NO,-39.274197,-71.967208
ZE255,4945,Sur,D,C,ONGRID,NO,NO,NO,NO,NO,NO,-37.857833,-72.631694
TE037,4946,Sur,D,C,ONGRID,NO,NO,NO,NO,NO,NO,-38.643667,-72.467222
TE034,4947,Sur,C,C,ONGRID,NO,NO,NO,NO,NO,NO,-38.804366,-72.625344
TE033,4948,Sur,D,C,ONGRID,NO,NO,NO,NO,NO,NO,-39.058251,-72.666743
ZE132,4949,Sur,D,C,ONGRID,NO,NO,NO,NO,NO,NO,-38.457806,-72.423278
TE039,4950,Sur,D,C,ONGRID,NO,NO,NO,NO,NO,NO,-39.065477,-72.468678
TE026,4951,Sur,D,C,ONGRID,NO,NO,NO,NO,NO,NO,-38.347703,-72.697553
TE134,4952,Sur,D,C,ONGRID,NO,NO,NO,NO,NO,NO,-39.308529,-72.506745
TE029,4953,Sur,D,C,ONGRID,NO,NO,NO,NO,NO,NO,-38.770472,-72.872577
AR221,4954,Sur,C,C,ONGRID,NO,NO,NO,NO,NO,NO,-38.490767,-72.222812
AR222,4955,Sur,D,C,ONGRID,NO,NO,NO,NO,NO,NO,-38.487194,-71.981944
TE027,4956,Sur,D,C,ONGRID,NO,NO,NO,NO,NO,NO,-38.152427,-72.761161
TE028,4957,Sur,D,C,ONGRID,NO,NO,NO,NO,NO,NO,-38.000479,-73.003667
AR027,4958,Sur,B2,C,ONGRID,NO,NO,NO,NO,NO,NO,-39.310487,-71.898657
ZE257,4959,Sur,D,C,ONGRID,NO,NO,NO,NO,NO,NO,-38.016926,-72.824439
ZE262,4960,Sur,D,C,ONGRID,NO,NO,NO,NO,NO,NO,-38.168264,-72.854222
AR444,4961,Sur,D,C,ONGRID,NO,NO,NO,NO,NO,NO,-38.836591,-72.455891
ZE025,4962,Sur,D,C,ONGRID,NO,NO,NO,NO,NO,NO,-38.775833,-72.705639
ZE008,4963,Sur,D,C,ONGRID,NO,NO,NO,NO,NO,NO,-38.377318,-71.931006
AR011,4965,Sur,B2,C,ONGRID,NO,NO,NO,NO,NO,NO,-39.390411,-72.216822
AR576,4966,Sur,C,C,ONGRID,NO,NO,NO,NO,NO,NO,-38.670767,-72.13837
TE381,4967,Sur,D,C,ONGRID,NO,NO,NO,NO,NO,NO,-38.862722,-72.383291
ZE504,4968,Sur,D,C,ONGRID,NO,NO,NO,NO,NO,NO,-37.872432,-72.99532
ZE505,4969,Sur,D,C,ONGRID,NO,NO,NO,NO,NO,NO,-37.906075,-72.980119
ZE268,4970,Sur,D,C,ONGRID,NO,NO,NO,NO,NO,NO,-37.951306,-72.708889
ZE017,4971,Sur,D,C,ONGRID,NO,NO,NO,NO,NO,NO,-39.069361,-71.754722
TE032,4972,Sur,B2,C,ONGRID,NO,NO,NO,NO,NO,NO,-38.448167,-71.253278
ZE004,4973,Sur,D,C,ONGRID,NO,NO,NO,NO,NO,NO,-38.513444,-72.438333
TE038,4974,Sur,C,C,ONGRID,NO,NO,NO,NO,NO,NO,-38.917698,-72.625625
ZE020,4975,Sur,D,C,ONGRID,NO,NO,NO,NO,NO,NO,-38.211528,-72.163528
ZE010,4976,Sur,D,C,ONGRID,NO,NO,NO,NO,NO,NO,-38.960972,-72.695305
ZE034,4977,Sur,D,C,ONGRID,NO,NO,NO,NO,NO,NO,-38.742963,-72.529082
ZE036,4978,Sur,D,C,ONGRID,NO,NO,NO,NO,NO,NO,-37.847167,-72.975861
FS701,4979,Sur,C,C,ONGRID,NO,NO,NO,NO,NO,NO,-38.366944,-72.167333
TE529,4980,Sur,D,C,ONGRID,NO,NO,NO,NO,NO,NO,-37.798542,-72.711306
TE519,4981,Sur,D,C,ONGRID,NO,NO,NO,NO,NO,NO,-39.276389,-71.974444
TE150,4982,Sur,D,C,ONGRID,NO,NO,NO,NO,NO,NO,-38.735381,-72.6104711
TE517,4983,Sur,D,C,ONGRID,NO,NO,NO,NO,NO,NO,-38.738333,-72.5902779
TE518,4984,Sur,D,C,ONGRID,NO,NO,NO,NO,NO,NO,-39.280216,-72.2250028
ZE053,4985,Sur,D,C,ONGRID,NO,NO,NO,NO,NO,NO,-38.728889,-72.566389
PM138,5382,Austral,C,C,ONGRID,NO,NO,NO,NO,NO,,-41.2821074,-72.8590619
TE271,4987,Sur,D,C,ONGRID,NO,NO,NO,NO,NO,NO,-38.732694,-72.615306
TE273,4988,Sur,D,C,ONGRID,NO,NO,NO,NO,NO,NO,-38.723611,-72.6325
ZL134,5397,Austral,D,C,ONGRID,NO,NO,NO,NO,NO,,-40.5734461,-73.1324661
ZL135,5398,Austral,D,C,ONGRID,NO,NO,NO,NO,NO,,-41.4725536,-72.943568
AR350,4989,Sur,D,C,ONGRID,NO,NO,NO,NO,NO,NO,-38.73954,-72.619379
AR351,4990,Sur,D,C,ONGRID,NO,NO,NO,NO,NO,NO,-38.75008,-72.63139
TE334,4991,Sur,D,C,ONGRID,NO,NO,NO,NO,NO,NO,-38.776772,-72.545503
AR154,4992,Sur,D,C,ONGRID,NO,NO,NO,NO,NO,NO,-38.732342,-72.598075
AR496,4993,Sur,B2,C,ONGRID,NO,NO,NO,NO,NO,NO,-38.740533,-72.588708
AR971,4994,Sur,D,C,ONGRID,NO,NO,NO,NO,NO,NO,-38.745528,-72.626806
ESTAR032,4995,Sur,B2,nan,ONGRID,NO,NO,NO,NO,NO,NO,-38.735729,-72.586324
TE272,4996,Sur,D,C,ONGRID,NO,NO,NO,NO,NO,NO,-38.708028,-72.654833
ESTAR033,4997,Sur,B2,nan,ONGRID,NO,NO,NO,NO,NO,NO,-38.735729,-72.586324
AR972,4998,Sur,D,C,ONGRID,NO,SI,NO,NO,NO,NO,-38.721146,-72.604766
AR973,4999,Sur,D,C,ONGRID,NO,NO,NO,NO,NO,NO,-38.709417,-72.633028
LA531,5418,Austral,D,C,ONGRID,NO,NO,NO,NO,NO,,-41.475,-72.9487501
LA527,5419,Austral,D,C,ONGRID,NO,NO,NO,NO,NO,,-41.4571036,-72.9271282
LA529,5420,Austral,D,C,ONGRID,NO,NO,NO,NO,NO,,-41.4676585,-72.941296
LA530,5421,Austral,D,C,ONGRID,NO,NO,NO,NO,NO,,-41.4718253,-72.9421298
AR957,5000,Sur,D,C,ONGRID,NO,NO,NO,NO,NO,NO,-38.733257,-72.558949
AR959,5001,Sur,D,C,ONGRID,NO,NO,NO,NO,NO,NO,-38.761312,-72.59034
AR498,5002,Sur,B1,C,ONGRID,NO,NO,SI,SI,NO,NO,-38.7363,-72.6301
AR766,5003,Sur,B2,C,ONGRID,NO,NO,NO,NO,NO,NO,-38.711256,-72.644703
ZE512,5004,Sur,D,C,ONGRID,NO,NO,NO,NO,NO,NO,-38.310426,-72.837164
ESTAR025,5005,Sur,B2,nan,ONGRID,NO,SI,NO,NO,NO,NO,-38.997734,-73.090865
AR619,5006,Sur,C,C,ONGRID,NO,NO,NO,NO,NO,NO,-38.998657,-73.120303
AR563,5007,Sur,D,C,ONGRID,NO,NO,NO,NO,NO,NO,-39.241048,-71.668921
TE133,5009,Sur,D,C,ONGRID,NO,NO,NO,NO,NO,NO,-37.738823,-72.614194
AR353,5010,Sur,B2,C,ONGRID,NO,NO,NO,NO,NO,NO,-38.229164,-72.679685
ESTAR026,5011,Sur,A,nan,ONGRID,SI,SI,NO,NO,SI,NO,-38.252157,-72.679986
AR215,5012,Sur,C,C,ONGRID,NO,NO,NO,NO,NO,NO,-38.24684,-72.67032
ZE270,5013,Sur,D,C,ONGRID,NO,NO,NO,NO,NO,NO,-38.830389,-72.501028
ZE515,5014,Sur,D,C,ONGRID,NO,NO,NO,NO,NO,NO,-38.510366,-72.613717
AR365,5015,Sur,B2,C,ONGRID,NO,NO,NO,NO,NO,NO,-39.143567,-72.929271
ZE274,5016,Sur,D,C,ONGRID,NO,NO,NO,NO,NO,NO,-37.821278,-72.911667
AR319,5017,Sur,B2,B+,ONGRID,NO,SI,NO,NO,NO,NO,-38.233528,-72.333
AR574,5018,Sur,C,C,ONGRID,NO,NO,NO,NO,NO,NO,-38.235408,-72.35458
AR575,5019,Sur,C,C,ONGRID,NO,NO,NO,NO,NO,NO,-38.240833,-72.326064
ESTAR027,5020,Sur,B2,C,ONGRID,NO,SI,NO,NO,NO,NO,-38.671004,-72.227603
ZE001,5021,Sur,D,C,ONGRID,NO,NO,NO,NO,NO,NO,-38.782861,-72.948028
ZE007,5022,Sur,D,C,ONGRID,NO,NO,NO,NO,NO,NO,-38.304056,-72.076167
ZE513,5023,Sur,D,C,ONGRID,NO,NO,NO,NO,NO,NO,-38.415287,-72.079321
TE255,5024,Sur,C,C,ONGRID,NO,NO,NO,NO,NO,NO,-39.286396,-71.941007
ZE000,5025,Sur,D,C,ONGRID,NO,NO,NO,NO,NO,NO,-38.807333,-73.392611
LA584,5479,Austral,D,C,ONGRID,NO,NO,NO,NO,NO,,-41.45377,-72.9343505
ZE006,5026,Sur,D,C,ONGRID,NO,NO,NO,NO,NO,NO,-38.275444,-72.183806
ZE005,5027,Sur,D,C,ONGRID,NO,NO,NO,NO,NO,NO,-38.193972,-72.448611
PM014,5486,Austral,D,C,ONGRID,NO,NO,NO,NO,NO,,-41.3242218,-72.987083
AR017,5028,Sur,C,C,ONGRID,NO,NO,NO,NO,NO,NO,-39.29128,-72.229784
AR977,5029,Sur,C,C,ONGRID,NO,NO,NO,NO,NO,NO,-39.287386,-72.232137
AR633,5030,Sur,C,C,ONGRID,NO,NO,NO,NO,NO,NO,-39.280472,-72.226472
AR013,5031,Sur,D,C,ONGRID,NO,NO,NO,NO,NO,NO,-39.302198,-72.142761
AR157,5032,Sur,D,C,ONGRID,NO,NO,NO,NO,NO,NO,-38.733597,-72.573903
FS799,5033,Austral,C,C,ONGRID,NO,NO,NO,NO,NO,NO,-39.745056,-72.442528
PM022,5034,Austral,D,C,ONGRID,NO,NO,NO,NO,NO,NO,-40.047011,-72.854325
LA543,5035,Austral,D,C,ONGRID,NO,NO,NO,NO,NO,NO,-39.771944,-73.210278
ESTLA013,5036,Austral,B2,nan,ONGRID,NO,NO,NO,NO,NO,NO,-39.650452,-73.081449
LA435,5037,Austral,C,C,ONGRID,NO,NO,NO,NO,NO,NO,-39.856749,-73.23162
LA797,5038,Austral,D,C,ONGRID,NO,NO,NO,NO,NO,NO,-39.82306,-73.23978
FS755,5039,Austral,C,C,ONGRID,NO,NO,NO,NO,NO,NO,-39.807722,-72.9245
FS736,5040,Austral,C,C,ONGRID,NO,NO,NO,NO,NO,NO,-39.505333,-72.457611
FS825,5041,Austral,C,C,ONGRID,NO,NO,NO,NO,NO,NO,-39.527528,-72.459
FS805,5042,Austral,C,C,ONGRID,NO,NO,NO,NO,NO,NO,-39.796694,-73.036805
LA686,5043,Austral,C,C,ONGRID,NO,NO,NO,NO,NO,NO,-39.833507,-73.219023
ZR036,68412488,Austral,D,nan,ONGRID,NO,NO,NO,NO,NO,NO,-39.80908,-73.234187
FS766,5044,Austral,B2,C,ONGRID,NO,NO,NO,NO,NO,NO,-39.581007,-72.203518
ESTLA036,5520,Austral,B2,nan,ONGRID,NO,NO,NO,NO,NO,,-43.1162217,-73.6092652
ZL190,5045,Austral,D,C,ONGRID,NO,NO,NO,NO,NO,NO,-40.292111,-72.723889
FS744,5046,Austral,C,C,ONGRID,NO,NO,NO,NO,NO,NO,-40.339444,-72.900944
LA200,5047,Austral,C,C,ONGRID,NO,NO,NO,NO,NO,NO,-39.5764,-72.2271
FS952,5048,Austral,C,C,ONGRID,NO,NO,NO,NO,NO,NO,-39.806639,-73.395917
LA380,5049,Austral,B1,B+,ONGRID,SI,SI,NO,NO,NO,NO,-39.43213,-72.897047
LA141,5050,Austral,D,C,ONGRID,NO,NO,NO,NO,NO,NO,-39.84303,-73.24847
FS745,5051,Austral,C,C,ONGRID,NO,NO,NO,NO,NO,NO,-40.575278,-72.716111
LA682,5052,Austral,D,C,ONGRID,NO,NO,NO,NO,NO,NO,-39.818653,-73.233817
ZL102,5053,Austral,D,C,ONGRID,NO,NO,NO,NO,NO,NO,-39.814045,-73.247025
FS739,5054,Austral,C,C,ONGRID,NO,NO,NO,NO,NO,NO,-40.140778,-72.262695
FS886,5055,Austral,C,C,ONGRID,NO,NO,NO,NO,NO,NO,-40.146389,-72.275
LA263,5056,Austral,C,C,ONGRID,NO,SI,NO,NO,NO,NO,-39.731833,-73.114639
ZL198,5057,Austral,D,C,ONGRID,NO,NO,NO,NO,NO,NO,-39.638528,-72.205889
LA016,5058,Austral,C,C,ONGRID,NO,NO,NO,NO,NO,NO,-39.56133,-72.89967
ESTLA029,5059,Austral,B2,nan,ONGRID,NO,NO,NO,NO,NO,NO,-39.872934,-72.826094
FS748,5060,Austral,C,C,ONGRID,NO,NO,NO,NO,NO,NO,-39.936528,-73.590444
FS783,5061,Austral,C,C,ONGRID,NO,NO,NO,NO,NO,NO,-40.483361,-72.740361
RPL021,5744758,Austral,B1,nan,OFFGRID,NO,NO,NO,NO,NO,NO,-51.140583,-72.4195
PM053,5062,Austral,C,C,ONGRID,NO,NO,NO,NO,NO,NO,-39.835,-72.080611
LA434,5063,Austral,C,C,ONGRID,NO,NO,NO,NO,NO,NO,-39.512824,-72.790375
PM522,5556,Austral,D,C,ONGRID,NO,NO,NO,NO,NO,,-41.4727778,-72.9472223
PM330,5064,Austral,D,C,ONGRID,NO,NO,NO,NO,NO,NO,-39.8183334,-73.2399998
PM521,5558,Austral,D,C,ONGRID,NO,NO,NO,NO,NO,,-40.572,-73.1305401
ZL217,5065,Austral,D,C,ONGRID,NO,NO,NO,NO,NO,NO,-41.966871,-73.825105
ESTLA021,5563,Austral,B2,nan,ONGRID,NO,NO,NO,NO,NO,,-44.89347,-72.202055
FS776,5066,Austral,C,C,ONGRID,NO,NO,NO,NO,NO,NO,-40.130639,-72.456222
FS775,5067,Austral,B2,C,ONGRID,NO,NO,NO,NO,NO,NO,-40.108167,-72.470056
PM206,5068,Austral,C,C,ONGRID,NO,SI,NO,NO,NO,NO,-39.802045,-73.207725
LA109,5069,Austral,C,C,ONGRID,NO,SI,NO,NO,NO,NO,-39.549648,-72.012006
ESTLA023,5070,Austral,B2,nan,ONGRID,NO,SI,NO,NO,NO,NO,-39.888354,-73.431545
LA261,5071,Austral,B2,C,ONGRID,NO,NO,NO,NO,NO,NO,-39.894056,-73.429869
PM254,5072,Austral,C,C,ONGRID,NO,NO,NO,NO,NO,NO,-39.869611,-73.429444
FS735,5073,Austral,C,C,ONGRID,NO,NO,NO,NO,NO,NO,-40.416472,-72.795056
ZL533,5074,Austral,D,C,ONGRID,NO,NO,NO,NO,NO,NO,-39.568306,-73.128611
FS777,5075,Austral,C,C,ONGRID,NO,NO,NO,NO,NO,NO,-40.103389,-72.556195
FS768,5076,Austral,C,C,ONGRID,NO,NO,NO,NO,NO,NO,-39.728111,-72.528972
LA098,5077,Austral,D,C,ONGRID,NO,NO,NO,NO,NO,NO,-39.831389,-73.242597
FS794,5078,Austral,C,C,ONGRID,NO,NO,NO,NO,NO,NO,-40.056083,-72.546305
FS793,5079,Austral,C,C,ONGRID,NO,NO,NO,NO,NO,NO,-40.063833,-72.593944
FS756,5080,Austral,C,C,ONGRID,NO,NO,NO,NO,NO,NO,-39.973444,-72.710528
ZL235,5081,Austral,D,C,ONGRID,NO,NO,NO,NO,NO,NO,-39.990556,-72.786778
FS784,5082,Austral,C,C,ONGRID,NO,NO,NO,NO,NO,NO,-40.470028,-72.7085
ZL536,5083,Austral,D,C,ONGRID,NO,NO,NO,NO,NO,NO,-40.449194,-72.619556
FS757,5084,Austral,C,C,ONGRID,NO,NO,NO,NO,NO,NO,-39.871111,-72.669083
FS760,5085,Austral,C,C,ONGRID,NO,NO,NO,NO,NO,NO,-39.637556,-72.854639
FS786,5086,Austral,C,C,ONGRID,NO,NO,NO,NO,NO,NO,-40.489111,-72.62125
FS785,5087,Austral,C,C,ONGRID,NO,NO,NO,NO,NO,NO,-40.508556,-72.664444
LA032,5088,Austral,B2,C,ONGRID,NO,SI,NO,NO,NO,NO,-40.131969,-72.369012
LA674,5089,Austral,B2,C,ONGRID,NO,NO,NO,NO,NO,NO,-39.82459,-73.24945
ZL534,5090,Austral,D,C,ONGRID,NO,NO,NO,NO,NO,NO,-40.214361,-73.066584
FS749,5091,Austral,C,C,ONGRID,NO,NO,NO,NO,NO,NO,-39.918583,-73.527667
ZL126,5092,Austral,D,C,ONGRID,NO,NO,NO,NO,NO,NO,-39.8277579,-73.2371721
ZL128,5093,Austral,C,C,ONGRID,NO,NO,NO,NO,NO,NO,-39.83084,-73.23974
ZL041,5094,Austral,D,C,ONGRID,NO,NO,NO,NO,NO,NO,-39.8102778,-73.2422222
ZL046,5095,Austral,D,C,ONGRID,NO,NO,NO,NO,NO,NO,-39.8091667,-73.2352777
FS769,5096,Austral,C,C,ONGRID,NO,NO,NO,NO,NO,NO,-39.627861,-72.368278
ZL241,5097,Austral,D,C,ONGRID,NO,NO,NO,NO,NO,NO,-39.66083,-72.38272
LA357,5098,Austral,B2,C,ONGRID,NO,NO,NO,NO,NO,NO,-40.037677,-72.924016
ZL537,5099,Austral,D,C,ONGRID,NO,NO,NO,NO,NO,NO,-39.691117,-72.78088
FS778,5100,Austral,C,C,ONGRID,NO,NO,NO,NO,NO,NO,-40.32179,-72.388805
LA664,5101,Austral,C,C,ONGRID,NO,NO,NO,NO,NO,NO,-40.281197,-72.283439
FS753,5102,Austral,C,C,ONGRID,NO,NO,NO,NO,NO,NO,-39.471194,-72.807111
ZL250,5103,Austral,D,C,ONGRID,NO,NO,NO,NO,NO,NO,-39.650111,-73.228028
FS853,5104,Austral,C,C,ONGRID,NO,SI,NO,NO,NO,NO,-39.870033,-73.393056
LA478,5105,Austral,B2,C,ONGRID,NO,NO,NO,NO,NO,NO,-39.806078,-73.255289
CI526,5627,Austral,D,C,ONGRID,NO,NO,NO,NO,NO,,-45.5725,-72.0708329
FS795,5106,Austral,C,C,ONGRID,NO,NO,NO,NO,NO,NO,-40.120889,-72.801778
LA224,5107,Austral,B2,C,ONGRID,NO,NO,NO,NO,NO,NO,-39.835847,-73.274551
FS790,5108,Austral,C,C,ONGRID,NO,NO,NO,NO,NO,NO,-39.995833,-72.532472
FS789,5109,Austral,C,C,ONGRID,NO,NO,NO,NO,NO,NO,-39.966583,-72.578806
ZL538,5110,Austral,D,C,ONGRID,NO,NO,NO,NO,NO,NO,-40.074007,-73.001272
ESTLA011,5111,Austral,B1,C,ONGRID,NO,SI,NO,NO,NO,NO,-40.303722,-73.066444
LA744,5112,Austral,B2,C,ONGRID,NO,NO,NO,NO,NO,NO,-40.293778,-73.082028
FS444,5113,Austral,C,C,ONGRID,NO,NO,NO,NO,NO,NO,-39.804306,-71.949417
FS796,5114,Austral,D,C,ONGRID,NO,NO,NO,NO,NO,NO,-39.808254,-71.973342
FS438,5115,Austral,C,C,ONGRID,NO,NO,NO,NO,NO,NO,-39.789,-71.956139
LA195,5116,Austral,C,C,ONGRID,NO,SI,NO,NO,NO,NO,-40.32375,-72.483697
ESTLA053,5117,Austral,B1,B+,ONGRID,SI,SI,NO,NO,NO,NO,-40.33733,-72.47528
ESTLA012,5118,Austral,B2,nan,ONGRID,NO,SI,NO,NO,NO,NO,-39.45259,-72.774458
LA140,5119,Austral,D,C,ONGRID,NO,NO,NO,NO,NO,NO,-39.814944,-73.222611
ZL037,5120,Austral,D,C,ONGRID,NO,NO,NO,NO,NO,NO,-39.809583,-73.218917
ESTMG014,5649,Austral,B2,nan,ONGRID,NO,NO,NO,NO,NO,,-53.163833,-70.917068
LA547,5121,Austral,C,C,ONGRID,NO,NO,NO,NO,NO,NO,-39.848273,-73.213935
LA546,5122,Austral,D,C,ONGRID,NO,NO,NO,NO,NO,NO,-39.83489,-73.25459
FS770,5123,Austral,C,C,ONGRID,NO,NO,NO,NO,NO,NO,-39.545889,-72.385333
FS848,5124,Austral,C,C,ONGRID,NO,NO,NO,NO,NO,NO,-39.738917,-71.846389
FS746,5125,Austral,C,C,ONGRID,NO,NO,NO,NO,NO,NO,-40.423833,-72.842611
FS812,5127,Austral,C,C,ONGRID,NO,SI,NO,NO,NO,NO,-40.199417,-72.261556
FS740,5129,Austral,C,C,ONGRID,NO,NO,NO,NO,NO,NO,-40.183639,-72.996417
ZL032,5130,Austral,D,C,ONGRID,NO,NO,NO,NO,NO,NO,-39.820417,-73.212389
ESTLA030,5131,Austral,B2,nan,ONGRID,NO,SI,NO,NO,NO,NO,-39.861458,-72.815825
LA382,5132,Austral,C,C,ONGRID,NO,NO,NO,NO,NO,NO,-39.877944,-72.883528
LA273,5133,Austral,B2,C,ONGRID,NO,SI,NO,NO,NO,NO,-39.868885,-72.841682
ZL104,5134,Austral,D,C,ONGRID,NO,NO,NO,NO,NO,NO,-39.808333,-73.249167
FS774,5135,Austral,C,C,ONGRID,NO,NO,NO,NO,NO,NO,-39.841583,-73.400389
RPL046,5744759,Austral,B2,nan,OFFGRID,NO,NO,NO,NO,NO,NO,-33.444404,-70.655918
FS806,5136,Austral,C,C,ONGRID,NO,NO,NO,NO,NO,NO,-39.734667,-73.390139
FS797,5137,Austral,C,C,ONGRID,NO,NO,NO,NO,NO,NO,-39.670028,-72.482
ESTLA027,5138,Austral,B2,nan,ONGRID,NO,NO,NO,NO,NO,NO,-40.125617,-73.074661
ZL279,5139,Austral,D,C,ONGRID,NO,NO,NO,NO,NO,NO,-41.152167,-73.650889
PM207,5140,Austral,D,C,ONGRID,NO,NO,NO,NO,NO,NO,-40.314868,-72.070334
ZL281,5141,Austral,D,C,ONGRID,NO,NO,NO,NO,NO,NO,-39.464395,-73.242585
FS798,5143,Austral,C,C,ONGRID,NO,NO,NO,NO,NO,NO,-39.706833,-72.364306
FS791,5144,Austral,C,C,ONGRID,NO,NO,NO,NO,NO,NO,-39.718583,-72.662194
FS792,5145,Austral,C,C,ONGRID,NO,NO,NO,NO,NO,NO,-39.731278,-72.567722
FS813,5146,Austral,C,C,ONGRID,NO,NO,NO,NO,NO,NO,-39.719611,-72.624056
FS829,5147,Austral,C,C,ONGRID,NO,NO,NO,NO,NO,NO,-39.748417,-72.61375
PM130,5148,Austral,C,C,ONGRID,NO,NO,NO,NO,NO,NO,-39.8157285,-73.2429126
FS747,5149,Austral,C,C,ONGRID,NO,NO,NO,NO,NO,NO,-40.6225,-72.466528
LA671,5150,Austral,C,C,ONGRID,NO,NO,NO,NO,NO,NO,-40.311139,-72.657306
ZL285,5151,Austral,D,C,ONGRID,NO,NO,NO,NO,NO,NO,-40.139083,-72.295472
LA525,5152,Austral,D,C,ONGRID,NO,NO,NO,NO,NO,NO,-39.815806,-73.24025
FS763,5154,Austral,C,C,ONGRID,NO,NO,NO,NO,NO,NO,-39.433694,-73.211942
FS771,5155,Austral,C,C,ONGRID,NO,NO,NO,NO,NO,NO,-39.571083,-72.453083
FS807,5156,Austral,C,C,ONGRID,NO,NO,NO,NO,NO,NO,-39.71525,-73.045639
FS851,5157,Austral,C,C,ONGRID,NO,SI,NO,NO,NO,NO,-39.850389,-71.941194
FS435,5158,Austral,C,C,ONGRID,NO,NO,NO,NO,NO,NO,-39.815472,-71.966778
PM201,5159,Austral,C,C,ONGRID,NO,NO,NO,NO,NO,NO,-39.873778,-73.365806
ZL036,5160,Austral,D,C,ONGRID,NO,NO,NO,NO,NO,NO,-39.8245,-73.214889
LA900,5161,Austral,C,C,ONGRID,NO,SI,NO,NO,NO,NO,-40.07333,-72.86919
ESTMG015,5717,Austral,B2,nan,ONGRID,NO,NO,NO,NO,NO,,-53.115875,-70.883386
LA385,5162,Austral,B2,C,ONGRID,NO,SI,NO,NO,NO,NO,-40.15347,-72.95678
FS800,5163,Austral,B2,C,ONGRID,NO,NO,NO,NO,NO,NO,-39.677361,-72.408917
FS750,5164,Austral,B2,C,ONGRID,NO,NO,NO,NO,NO,NO,-39.523306,-72.609278
LA373,5165,Austral,B1,C,ONGRID,NO,NO,NO,NO,NO,NO,-39.659834,-72.196353
LA969,5166,Austral,B1,B+,ONGRID,SI,SI,NO,NO,NO,NO,-39.65011,-72.34517
ZL298,5167,Austral,D,C,ONGRID,NO,NO,NO,NO,NO,NO,-41.076333,-73.52275
PM024,5168,Austral,D,C,ONGRID,NO,NO,NO,NO,NO,NO,-39.588514,-73.01817
FS801,5169,Austral,C,C,ONGRID,NO,NO,NO,NO,NO,NO,-39.628889,-72.42975
FS758,5170,Austral,C,C,ONGRID,NO,NO,NO,NO,NO,NO,-39.915194,-72.592528
FS950,5171,Austral,C,C,ONGRID,NO,NO,NO,NO,NO,NO,-39.909917,-72.575861
FS765,5172,Austral,C,C,ONGRID,NO,NO,NO,NO,NO,NO,-40.127722,-72.875778
LA264,5173,Austral,C,C,ONGRID,NO,NO,NO,NO,NO,NO,-39.63997,-73.07719
FS772,5174,Austral,C,C,ONGRID,NO,NO,NO,NO,NO,NO,-39.570167,-72.108778
FS808,5175,Austral,C,C,ONGRID,NO,NO,NO,NO,NO,NO,-39.785333,-73.113611
FS780,5176,Austral,C,C,ONGRID,NO,NO,NO,NO,NO,NO,-40.290944,-72.612222
FS779,5177,Austral,C,C,ONGRID,NO,NO,NO,NO,NO,NO,-40.275944,-72.650861
PM177,5178,Austral,D,C,ONGRID,NO,NO,NO,NO,NO,NO,-39.824444,-73.23
ONULA002,5179,Austral,B2,nan,ONGRID,NO,SI,NO,NO,NO,NO,-39.6416,-72.337009
FS852,5180,Austral,C,C,ONGRID,NO,NO,NO,NO,NO,NO,-39.635167,-72.251667
FS802,5181,Austral,C,C,ONGRID,NO,NO,NO,NO,NO,NO,-39.617917,-72.295528
FS949,5182,Austral,C,C,ONGRID,NO,NO,NO,NO,NO,NO,-39.517056,-72.055278
PM350,5183,Austral,D,C,ONGRID,NO,NO,NO,NO,NO,NO,-39.816732,-73.287568
FS803,5184,Austral,C,C,ONGRID,NO,NO,NO,NO,NO,NO,-39.875528,-71.907556
FS741,5185,Austral,C,C,ONGRID,NO,NO,NO,NO,NO,NO,-40.249472,-72.575194
FS773,5186,Austral,C,C,ONGRID,NO,NO,NO,NO,NO,NO,-39.833611,-72.022806
FS809,5187,Austral,C,C,ONGRID,NO,NO,NO,NO,NO,NO,-39.766389,-73.275222
FS824,5188,Austral,C,C,ONGRID,NO,NO,NO,NO,NO,NO,-39.486028,-72.583444
FS737,5189,Austral,C,C,ONGRID,NO,NO,NO,NO,NO,NO,-39.484639,-72.626056
FS764,5190,Austral,C,C,ONGRID,NO,NO,NO,NO,NO,NO,-39.509694,-72.984417
FS754,5191,Austral,C,C,ONGRID,NO,NO,NO,NO,NO,NO,-39.480861,-72.699861
FS781,5192,Austral,C,C,ONGRID,NO,NO,NO,NO,NO,NO,-40.319111,-72.566194
FS759,5193,Austral,C,C,ONGRID,NO,NO,NO,NO,NO,NO,-39.943278,-72.578722
FS810,5194,Austral,C,C,OFFGRID,NO,NO,NO,NO,NO,NO,-39.684861,-73.263461
ESTLA028,5195,Austral,B2,nan,ONGRID,NO,NO,NO,NO,NO,NO,-39.813555,-73.217151
FS804,5196,Austral,C,C,ONGRID,NO,NO,NO,NO,NO,NO,-39.551917,-72.300333
LA437,5197,Austral,C,C,ONGRID,NO,NO,NO,NO,NO,NO,-39.959625,-72.813729
FS767,5198,Austral,C,C,ONGRID,NO,NO,NO,NO,NO,NO,-39.695861,-71.873111
LA663,5199,Austral,C,C,ONGRID,NO,NO,NO,NO,NO,NO,-39.99573,-73.064299
LA197,5200,Austral,D,C,ONGRID,NO,NO,NO,NO,NO,NO,-39.828247,-72.425093
PM021,5201,Austral,C,C,ONGRID,NO,NO,NO,NO,NO,NO,-40.2672222,-72.9586111
ZE530,5966,Sur,D,C,ONGRID,NO,NO,NO,NO,NO,,-38.097639,-72.937528
ZE269,5974,Sur,D,C,ONGRID,NO,NO,NO,NO,NO,,-38.0435,-72.2824
PM025,5202,Austral,D,C,ONGRID,NO,NO,NO,NO,NO,NO,-40.354894,-72.99931
LA400,5203,Austral,C,C,ONGRID,NO,SI,NO,NO,NO,NO,-40.33383,-72.95619
PM371,5204,Austral,D,C,ONGRID,NO,NO,NO,NO,NO,NO,-40.342167,-72.952472
PM023,5205,Austral,D,C,ONGRID,NO,NO,NO,NO,NO,NO,-39.683511,-73.087622
ONULA001,5206,Austral,B2,nan,ONGRID,NO,NO,NO,NO,NO,NO,-40.294801,-73.078114
FS742,5207,Austral,C,C,ONGRID,NO,NO,NO,NO,NO,NO,-40.300806,-72.932889
RP287,5208,Austral,D,nan,ONGRID,NO,NO,NO,NO,NO,NO,-40.200129,-72.262495
ESTLA051,5209,Austral,B2,nan,ONGRID,NO,NO,NO,NO,NO,NO,-39.834033,-72.082545
FS782,5210,Austral,C,C,ONGRID,NO,NO,NO,NO,NO,NO,-40.513139,-72.698833
FS761,5211,Austral,C,C,ONGRID,NO,NO,NO,NO,NO,NO,-39.703528,-72.873611
ZL338,5212,Austral,D,C,OFFGRID,NO,NO,NO,NO,NO,NO,-40.355806,-71.972278
PM049,5213,Austral,D,C,ONGRID,NO,NO,NO,NO,NO,NO,-39.954619,-73.091244
PM052,5214,Austral,C,C,ONGRID,NO,NO,NO,NO,NO,NO,-40.008792,-72.811509
LA009,5215,Austral,B2,C,ONGRID,NO,SI,NO,NO,NO,NO,-39.447611,-72.769222
PM055,5216,Austral,C,C,ONGRID,NO,NO,NO,NO,NO,NO,-40.080722,-72.534361
PM054,5217,Austral,D,C,ONGRID,NO,NO,NO,NO,NO,NO,-39.98324,-72.657611
LA029,5218,Austral,C,C,ONGRID,NO,SI,NO,NO,NO,NO,-39.659375,-72.953069
PM044,5219,Austral,D,C,ONGRID,NO,NO,NO,NO,NO,NO,-40.299064,-72.858745
LA227,5220,Austral,D,C,ONGRID,NO,NO,NO,NO,NO,NO,-39.903507,-73.142911
LA228,5221,Austral,D,C,ONGRID,NO,NO,NO,NO,NO,NO,-39.999344,-72.964572
FS743,5222,Austral,C,C,ONGRID,NO,NO,NO,NO,NO,NO,-40.259778,-73.039639
LA964,5223,Austral,B2,C,ONGRID,NO,SI,NO,NO,NO,NO,-39.532477,-72.960929
ZV068,6010,Centro,D,C,ONGRID,NO,NO,NO,NO,NO,,-33.550778,-71.6078059
FS762,5224,Austral,C,C,ONGRID,NO,NO,NO,NO,NO,NO,-39.650401,-73.041998
FS874,5225,Austral,C,C,ONGRID,NO,NO,NO,NO,NO,NO,-39.765222,-72.449417
PM205,5226,Austral,D,C,ONGRID,NO,SI,NO,NO,NO,NO,-39.793056,-73.197778
PM520,5227,Austral,D,C,ONGRID,NO,NO,NO,NO,NO,NO,-39.8152778,-73.2466667
LA602,5228,Austral,C,C,ONGRID,NO,SI,NO,NO,NO,NO,-39.83839,-73.21141
ONULA003,5229,Austral,B2,nan,ONGRID,NO,NO,NO,NO,NO,NO,-39.819586,-73.24521
ZL535,5230,Austral,D,C,ONGRID,NO,NO,NO,NO,NO,NO,-39.484555,-72.863299
FS788,5231,Austral,C,C,ONGRID,NO,NO,NO,NO,NO,NO,-40.467,-72.846667
FS787,5232,Austral,C,C,ONGRID,NO,NO,NO,NO,NO,NO,-40.441944,-72.889111
ZL051,5233,Austral,D,C,ONGRID,NO,NO,NO,NO,NO,NO,-39.541306,-72.121694
ZL060,5234,Austral,D,C,ONGRID,NO,NO,NO,NO,NO,NO,-39.620239,-72.3491111
FS811,5235,Austral,C,C,ONGRID,NO,NO,NO,NO,NO,NO,-40.350611,-72.625778
SWVALD,5236,Austral,A,nan,ONGRID,NO,NO,NO,NO,SI,NO,-39.821399,-73.246775
LA789,5237,Austral,D,C,ONGRID,NO,NO,NO,NO,NO,NO,-39.81219,-73.245274
LA356,5238,Austral,C,C,ONGRID,NO,NO,NO,NO,NO,NO,-39.829278,-73.2225
PM007,5239,Austral,D,C,ONGRID,NO,NO,NO,NO,NO,NO,-39.83295,-73.210278
PM008,5240,Austral,D,C,ONGRID,NO,NO,NO,NO,NO,NO,-39.836525,-73.199236
LA670,5241,Austral,C,C,ONGRID,NO,NO,NO,NO,NO,NO,-39.727675,-73.190129
PM249,5242,Austral,D,C,ONGRID,NO,NO,NO,NO,NO,NO,-39.809722,-73.267778
LA868,5243,Austral,C,C,ONGRID,NO,NO,NO,NO,NO,NO,-39.845173,-73.203467
LA562,5244,Austral,C,C,ONGRID,NO,NO,NO,NO,NO,NO,-39.8539,-73.225514
LA136,5245,Austral,D,C,ONGRID,NO,NO,NO,NO,NO,NO,-40.58211,-73.129048
LA191,5246,Austral,C,C,ONGRID,NO,NO,NO,NO,NO,NO,-42.475281,-73.494691
ZE256,6133,Sur,D,C,OFFGRID,NO,NO,NO,NO,NO,,-37.9084444,-72.51925
ZC080,6152,Norte,D,C,OFFGRID,NO,NO,NO,NO,NO,,-27.891889,-70.679583
LA863,5247,Austral,C,C,ONGRID,NO,NO,NO,NO,NO,NO,-40.605132,-73.051322
LA662,5248,Austral,C,C,ONGRID,NO,SI,NO,NO,NO,NO,-40.5921,-72.9662
PM251,5249,Austral,D,C,ONGRID,NO,NO,NO,NO,NO,NO,-43.114333,-73.646694
ZL076,5250,Austral,D,C,ONGRID,NO,NO,NO,NO,NO,NO,-40.584278,-73.087361
ZL532,5251,Austral,D,C,ONGRID,NO,NO,NO,NO,NO,NO,-42.589339,-73.587452
LA927,5252,Austral,C,C,ONGRID,NO,SI,NO,NO,NO,NO,-41.410516,-72.910061
PM423,5253,Austral,D,C,ONGRID,NO,NO,NO,NO,NO,NO,-41.395188,-72.904683
LA548,5254,Austral,C,C,ONGRID,NO,SI,NO,NO,NO,NO,-41.486928,-73.015781
LA185,5255,Austral,D,C,ONGRID,NO,NO,NO,NO,NO,NO,-41.892909,-73.849695
LA821,5256,Austral,D,C,ONGRID,NO,NO,NO,NO,NO,NO,-42.068742,-73.774143
LA745,5257,Austral,B2,C,ONGRID,NO,SI,NO,NO,NO,NO,-41.86864,-73.82841
LA703,5258,Austral,D,C,ONGRID,NO,NO,NO,NO,NO,NO,-41.47358,-72.96314
LA378,5259,Austral,B2,C,ONGRID,NO,NO,NO,NO,NO,NO,-41.854049,-72.659631
PM229,5260,Austral,D,C,ONGRID,NO,SI,NO,NO,NO,NO,-41.449935,-73.012084
LA593,5261,Austral,D,C,ONGRID,NO,NO,NO,NO,NO,NO,-43.027969,-73.543414
ZL502,5262,Austral,D,C,ONGRID,NO,NO,NO,NO,NO,NO,-41.919227,-72.856711
LA134,5263,Austral,D,C,ONGRID,NO,NO,NO,NO,NO,NO,-40.572265,-73.119139
LA394,5264,Austral,B2,C,ONGRID,NO,SI,NO,NO,NO,NO,-41.746619,-73.398316
ZT044,6196,Norte,D,C,ONGRID,NO,NO,NO,NO,NO,,-18.482536,-70.2936
PM388,5265,Austral,D,C,ONGRID,NO,NO,NO,NO,NO,NO,-40.592778,-73.17
PM377,5266,Austral,D,C,ONGRID,NO,NO,NO,NO,NO,NO,-41.924167,-73.5125
LA665,5267,Austral,C,C,ONGRID,NO,NO,NO,NO,NO,NO,-40.607402,-73.750055
TA563RP,6201,Norte,C,nan,ONGRID,NO,NO,NO,NO,NO,,-18.523,-70.166
ZL525,5268,Austral,D,C,ONGRID,NO,NO,NO,NO,NO,NO,-41.031494,-73.241503
ZL185,5269,Austral,D,C,ONGRID,NO,NO,NO,NO,NO,NO,-40.614556,-73.155111
LA781,5270,Austral,D,C,ONGRID,NO,NO,NO,NO,NO,NO,-41.45547,-72.961611
LA376,5271,Austral,D,C,ONGRID,NO,NO,NO,NO,NO,NO,-40.977196,-72.697344
PM376,5272,Austral,D,C,ONGRID,NO,NO,NO,NO,NO,NO,-41.289444,-73.209945
PM223,5273,Austral,C,C,ONGRID,NO,NO,NO,NO,NO,NO,-41.798645,-73.18056
LA203,5274,Austral,C,C,ONGRID,NO,NO,NO,NO,NO,NO,-41.782389,-73.135028
ZL087,5275,Austral,D,C,ONGRID,NO,NO,NO,NO,NO,NO,-41.481667,-72.959444
LA242,5276,Austral,C,C,ONGRID,NO,NO,NO,NO,NO,NO,-41.670718,-72.656289
PM351,5277,Austral,D,C,ONGRID,NO,NO,NO,NO,NO,NO,-41.745,-72.657222
ZL011,5278,Austral,D,C,ONGRID,NO,NO,NO,NO,NO,NO,-40.523878,-73.714417
LA132,5279,Austral,C,C,ONGRID,NO,SI,NO,NO,NO,NO,-41.386754,-72.924125
ZL085,5280,Austral,D,C,ONGRID,NO,NO,NO,NO,NO,NO,-41.456528,-73.002861
ZL197,5281,Austral,D,C,ONGRID,NO,NO,NO,NO,NO,NO,-40.444722,-73.316306
ESTLA032,5282,Austral,B2,C,ONGRID,NO,SI,NO,NO,NO,NO,-41.517672,-72.343489
PP003,6220,Norte,D,C,ONGRID,NO,NO,NO,NO,NO,,-18.347492,-70.332047
LA600,5284,Austral,D,C,ONGRID,NO,NO,NO,NO,NO,NO,-41.466111,-72.982725
LA063,5285,Austral,D,C,ONGRID,NO,NO,NO,NO,NO,NO,-41.479526,-72.979476
LA672,5286,Austral,C,C,ONGRID,NO,NO,NO,NO,NO,NO,-41.749378,-73.710582
LA122,5287,Austral,D,C,ONGRID,NO,NO,NO,NO,NO,NO,-41.47377,-72.917961
LA441,5288,Austral,C,C,ONGRID,NO,NO,NO,NO,NO,NO,-42.4891667,-73.7713891
ZZ110,6226,Metropolitano,D,C,ONGRID,NO,NO,NO,NO,NO,,-33.420278,-70.582
LA125,5289,Austral,C,C,ONGRID,NO,NO,NO,NO,NO,NO,-41.317846,-72.98384
LA212,5290,Austral,B2,C,ONGRID,NO,SI,NO,NO,NO,NO,-42.467005,-73.78115
ZL054,5291,Austral,D,C,ONGRID,NO,NO,NO,NO,NO,NO,-41.817806,-73.589417
LA585,5292,Austral,D,C,ONGRID,NO,NO,NO,NO,NO,NO,-40.776957,-72.198942
PM497,5293,Austral,C,C,ONGRID,NO,NO,NO,NO,NO,NO,-41.519722,-73.089444
LA238,5294,Austral,D,C,ONGRID,NO,NO,NO,NO,NO,NO,-42.017639,-72.691167
LA243,5295,Austral,C,C,ONGRID,NO,NO,NO,NO,NO,NO,-41.592385,-72.698788
LA193,5296,Austral,C,C,ONGRID,NO,NO,NO,NO,NO,NO,-41.825694,-73.528243
ZL202,5297,Austral,D,C,ONGRID,NO,NO,NO,NO,NO,NO,-43.119099,-73.530112
LA265,5298,Austral,B2,C,ONGRID,NO,NO,NO,NO,NO,NO,-41.496721,-72.809626
ZL205,5299,Austral,D,C,ONGRID,NO,NO,NO,NO,NO,NO,-41.448194,-73.656722
FS703,5300,Austral,C,C,ONGRID,NO,NO,NO,NO,NO,NO,-41.49875,-73.007945
PM147,5301,Austral,D,C,ONGRID,NO,NO,NO,NO,NO,NO,-41.512944,-73.041333
LA747,5302,Austral,D,C,ONGRID,NO,NO,NO,NO,NO,NO,-41.494444,-72.9775
PM140,5303,Austral,C,C,ONGRID,NO,NO,NO,NO,NO,NO,-41.51142,-72.987202
ZL209,5304,Austral,D,C,ONGRID,NO,NO,NO,NO,NO,NO,-42.220583,-73.393944
ZL062,5305,Austral,D,C,ONGRID,NO,NO,NO,NO,NO,NO,-42.626111,-73.77722
LA103,5306,Austral,D,C,ONGRID,NO,NO,NO,NO,NO,NO,-42.617624,-73.772223
LA780,5307,Austral,D,C,ONGRID,NO,NO,NO,NO,NO,NO,-41.47755,-72.95292
ZL214,5308,Austral,D,C,ONGRID,NO,NO,NO,NO,NO,NO,-41.620917,-73.546333
ZL220,5309,Austral,D,C,ONGRID,NO,NO,NO,NO,NO,NO,-42.518278,-74.177194
ZL524,5310,Austral,D,C,ONGRID,NO,NO,NO,NO,NO,NO,-41.200083,-73.209194
ZL514,5311,Austral,D,C,ONGRID,NO,NO,NO,NO,NO,NO,-40.493182,-73.224292
ZL506,5312,Austral,C,C,ONGRID,NO,NO,NO,NO,NO,NO,-41.044014,-73.58701
FS708,5313,Austral,C,C,ONGRID,NO,NO,NO,NO,NO,NO,-41.3325,-72.698667
FS709,5314,Austral,C,C,ONGRID,NO,NO,NO,NO,NO,NO,-41.363167,-72.709722
ZL223,5315,Austral,D,C,ONGRID,NO,NO,NO,NO,NO,NO,-40.975417,-73.439806
LA410,5316,Austral,B2,C,ONGRID,NO,NO,NO,NO,NO,NO,-42.894822,-73.700042
LA049,5317,Austral,D,C,ONGRID,NO,NO,NO,NO,NO,NO,-43.314833,-72.41625
ZV383,6262,Centro,D,C,ONGRID,NO,NO,NO,NO,NO,,-33.057994,-71.608097
ZU132,6263,Centro,D,C,ONGRID,NO,NO,NO,NO,NO,,-35.451417,-72.279559
LA241,5318,Austral,C,C,ONGRID,NO,NO,NO,NO,NO,NO,-41.806548,-72.718521
ZL224,5319,Austral,B2,C,ONGRID,NO,NO,NO,NO,NO,NO,-41.372861,-73.654944
FS704,5320,Austral,C,C,ONGRID,NO,NO,NO,NO,NO,NO,-41.452806,-72.664417
LA909,5321,Austral,D,C,ONGRID,NO,NO,NO,NO,NO,NO,-40.964558,-73.130513
PM074,5322,Austral,D,C,ONGRID,NO,NO,NO,NO,NO,NO,-41.046827,-73.100731
PM078,5323,Austral,D,C,ONGRID,NO,NO,NO,NO,NO,NO,-41.648531,-73.29927
PM416,5324,Austral,D,C,ONGRID,NO,NO,NO,NO,NO,NO,-41.4875,-72.881944
LA695,5325,Austral,D,C,ONGRID,NO,NO,NO,NO,NO,NO,-42.644838,-74.093908
ZL225,5326,Austral,D,C,ONGRID,NO,NO,NO,NO,NO,NO,-41.504472,-73.612667
ZL511,5327,Austral,D,C,ONGRID,NO,NO,NO,NO,NO,NO,-40.444109,-73.461152
ZE019,5328,Sur,D,C,ONGRID,NO,NO,NO,NO,NO,NO,-38.022944,-72.349972
ESTLA024,5329,Austral,B2,nan,ONGRID,NO,SI,NO,NO,NO,NO,-42.4159472,-73.5471889
LA592,5330,Austral,C,C,ONGRID,NO,SI,NO,NO,NO,NO,-42.445408,-73.605818
PM250,5331,Austral,D,C,ONGRID,NO,NO,NO,NO,NO,NO,-41.895306,-73.68175
LA398,5332,Austral,C,C,ONGRID,NO,SI,NO,NO,NO,NO,-42.69123,-73.548378
PM367,5333,Austral,D,C,ONGRID,NO,NO,NO,NO,NO,NO,-42.836667,-73.755
ZL229,5334,Austral,D,C,ONGRID,NO,NO,NO,NO,NO,NO,-42.633969,-73.869771
ZL231,5335,Austral,D,C,ONGRID,NO,NO,NO,NO,NO,NO,-40.58975,-72.504
FS713,5336,Austral,C,C,ONGRID,NO,NO,NO,NO,NO,NO,-40.825,-73.416833
LA274,5337,Austral,C,C,ONGRID,NO,SI,NO,NO,NO,NO,-40.62962,-72.695971
ZL520,5338,Austral,D,C,ONGRID,NO,NO,NO,NO,NO,NO,-41.515639,-73.581962
ZL234,5339,Austral,D,C,ONGRID,NO,NO,NO,NO,NO,NO,-43.652222,-71.887167
LA550,5340,Austral,D,C,ONGRID,NO,NO,NO,NO,NO,NO,-41.21854,-72.69039
PM135,5341,Austral,D,C,ONGRID,NO,NO,NO,NO,NO,NO,-41.214167,-72.545
LA418,5342,Austral,B2,C,ONGRID,NO,SI,NO,NO,NO,NO,-40.68475,-72.580917
ZL017,5343,Austral,D,C,ONGRID,NO,NO,NO,NO,NO,NO,-41.311836,-72.989019
LA104,5344,Austral,D,C,ONGRID,NO,NO,NO,NO,NO,NO,-40.580287,-73.117291
LA213,5345,Austral,B2,C,ONGRID,NO,SI,NO,NO,NO,NO,-42.464459,-73.760195
PM512,5346,Austral,D,C,ONGRID,NO,NO,NO,NO,NO,NO,-41.425,-72.957
LA845,5347,Austral,D,C,ONGRID,NO,NO,NO,NO,NO,NO,-40.554632,-73.160751
LA861,5348,Austral,D,C,ONGRID,NO,NO,NO,NO,NO,NO,-40.560111,-73.155722
LA393,5349,Austral,B1,B+,ONGRID,SI,NO,NO,NO,NO,NO,-41.25543,-73.330474
LA925,5350,Austral,B2,C,ONGRID,NO,SI,NO,NO,NO,NO,-41.167006,-73.421889
LA188,5351,Austral,D,C,ONGRID,NO,NO,NO,NO,NO,NO,-41.14522,-73.0238
ESTLA026,5352,Austral,B2,nan,ONGRID,NO,SI,NO,NO,NO,NO,-43.1833,-71.8667
PM245,5353,Austral,C,C,ONGRID,NO,NO,NO,NO,NO,NO,-43.187883,-71.861056
ZL061,5354,Austral,D,C,ONGRID,NO,NO,NO,NO,NO,NO,-42.474222,-73.773333
PM327,5355,Austral,D,C,ONGRID,NO,SI,NO,NO,NO,NO,-41.4615,-72.974389
ZL508,5356,Austral,D,C,ONGRID,NO,NO,NO,NO,NO,NO,-40.855892,-73.324102
ZL512,5357,Austral,D,C,ONGRID,NO,NO,NO,NO,NO,NO,-40.467309,-73.325897
LA551,5358,Austral,D,C,ONGRID,NO,NO,NO,NO,NO,NO,-40.705528,-72.915972
AM718,6319,Metropolitano,D,C,ONGRID,NO,NO,NO,NO,NO,,-33.414181,-70.60333
ZL127,5359,Austral,D,C,ONGRID,NO,NO,NO,NO,NO,NO,-40.572706,-73.1268292
ZL125,5360,Austral,D,C,ONGRID,NO,NO,NO,NO,NO,NO,-41.460831,-72.9500962
LA035,5361,Austral,B2,C,ONGRID,NO,SI,NO,NO,NO,NO,-41.962941,-72.467958
ZL130,5362,Austral,D,C,ONGRID,NO,NO,NO,NO,NO,NO,-41.318982,-72.980797
LA266,5363,Austral,D,C,ONGRID,NO,NO,NO,NO,NO,NO,-41.3183889,-72.9823057
PM539,5364,Austral,D,C,ONGRID,NO,NO,NO,NO,NO,NO,-41.321295,-72.9776779
ZL166,5365,Austral,D,C,ONGRID,NO,NO,NO,NO,NO,NO,-41.46725,-72.9316699
LA647,5366,Austral,D,C,ONGRID,NO,NO,NO,NO,NO,NO,-41.3141943,-72.9843333
LA659,5367,Austral,D,C,ONGRID,NO,NO,NO,NO,NO,NO,-40.68744,-72.326
ZL240,5368,Austral,D,C,ONGRID,NO,NO,NO,NO,NO,NO,-41.815278,-73.327306
PM429,5369,Austral,C,C,ONGRID,NO,NO,NO,NO,NO,NO,-41.645556,-73.056389
LA537,5370,Austral,C,C,ONGRID,NO,NO,NO,NO,NO,NO,-40.723508,-72.662085
LA698,5371,Austral,C,C,ONGRID,NO,NO,NO,NO,NO,NO,-42.678729,-73.966125
ZL248,5372,Austral,D,C,ONGRID,NO,NO,NO,NO,NO,NO,-42.105444,-73.443639
PM176,5373,Austral,D,C,ONGRID,NO,NO,NO,NO,NO,NO,-41.729167,-73.175556
LA455,5374,Austral,D,C,ONGRID,NO,NO,NO,NO,NO,NO,-41.561822,-73.016304
ESTLA034,5375,Austral,B2,nan,OFFGRID,NO,NO,NO,NO,NO,NO,-42.601441,-73.671485
LA404,5376,Austral,B2,C,ONGRID,NO,NO,NO,NO,NO,NO,-41.490033,-72.957903
ZL016,5377,Austral,D,C,ONGRID,NO,NO,NO,NO,NO,NO,-41.482667,-72.977222
ZL133,5378,Austral,D,C,ONGRID,NO,NO,NO,NO,NO,NO,-41.4684991,-72.9317426
LA540,5379,Austral,B2,C,ONGRID,NO,NO,NO,NO,NO,NO,-40.606283,-72.8282
ZL256,5380,Austral,D,C,ONGRID,NO,NO,NO,NO,NO,NO,-41.32575,-73.676556
ZL521,5381,Austral,D,C,ONGRID,NO,NO,NO,NO,NO,NO,-41.356779,-73.366696
PM368,5383,Austral,D,C,ONGRID,NO,NO,NO,NO,NO,NO,-40.508889,-72.905
PM237,5384,Austral,D,C,ONGRID,NO,NO,NO,NO,NO,NO,-41.403765,-73.181862
LA194,5385,Austral,D,C,ONGRID,NO,NO,NO,NO,NO,NO,-41.137397,-72.408199
LA702,5386,Austral,D,C,ONGRID,NO,SI,NO,NO,NO,NO,-40.58458,-73.12527
PM234,5387,Austral,C,C,ONGRID,NO,NO,NO,NO,NO,NO,-41.081528,-72.633222
ZL264,5388,Austral,D,C,ONGRID,NO,NO,NO,NO,NO,NO,-42.258056,-73.467583
FS702,5389,Austral,C,C,ONGRID,NO,NO,NO,NO,NO,NO,-41.611222,-72.662639
LA700,5390,Austral,D,C,ONGRID,NO,NO,NO,NO,NO,NO,-41.46704,-72.926483
ZL267,5391,Austral,D,C,ONGRID,NO,NO,NO,NO,NO,NO,-42.646222,-73.61225
ZL509,5392,Austral,D,C,ONGRID,NO,NO,NO,NO,NO,NO,-40.734027,-73.309886
LA907,5393,Austral,B2,C,ONGRID,NO,SI,NO,NO,NO,NO,-41.272656,-72.994986
PM319,5394,Austral,D,C,ONGRID,NO,NO,NO,NO,NO,NO,-42.436111,-73.772694
ZL517,5395,Austral,D,C,ONGRID,NO,NO,NO,NO,NO,NO,-41.987611,-72.749972
ESTLA019,5396,Austral,B2,nan,ONGRID,NO,NO,NO,NO,NO,NO,-42.523895,-73.798913
PM412,5399,Austral,D,C,ONGRID,NO,NO,NO,NO,NO,NO,-41.280973,-73.834946
LA377,5400,Austral,D,C,ONGRID,NO,NO,NO,NO,NO,NO,-40.727659,-73.355454
ESTLA048,5401,Austral,B2,nan,ONGRID,NO,NO,NO,NO,NO,NO,-41.402955,-72.915247
PM171,5402,Austral,D,C,ONGRID,NO,NO,NO,NO,NO,NO,-40.573477,-73.109762
ZL507,5403,Austral,C,C,ONGRID,NO,NO,NO,NO,NO,NO,-40.82936,-73.292774
ZL274,5404,Austral,D,C,ONGRID,NO,NO,NO,NO,NO,NO,-40.211611,-72.792472
LA968,5405,Austral,B2,C,ONGRID,SI,SI,NO,NO,NO,NO,-41.395963,-73.469555
ZL515,5406,Austral,D,C,ONGRID,NO,NO,NO,NO,NO,NO,-41.629427,-73.159564
ZL057,5407,Austral,C,C,ONGRID,NO,NO,NO,NO,NO,NO,-41.697028,-73.114972
ZL369,5408,Austral,D,C,ONGRID,NO,NO,NO,NO,NO,NO,-41.448222,-72.957
LA105,5409,Austral,C,C,ONGRID,NO,NO,NO,NO,NO,NO,-41.473492,-72.9351849
LA101,5410,Austral,C,C,ONGRID,NO,NO,NO,NO,NO,NO,-41.4718252,-72.9435186
ZL044,5411,Austral,C,C,ONGRID,NO,NO,NO,NO,NO,NO,-41.4605556,-72.9225001
ZL049,5412,Austral,C,C,ONGRID,NO,NO,NO,NO,NO,NO,-41.319044,-72.9854291
ZL045,5413,Austral,C,C,ONGRID,NO,NO,NO,NO,NO,NO,-41.4600001,-72.951111
ZL047,5414,Austral,C,C,ONGRID,NO,NO,NO,NO,NO,NO,-40.5740917,-73.1305307
ZL124,6380,Austral,D,C,ONGRID,NO,NO,NO,NO,NO,,-39.8162265,-73.2426877
LA571,5415,Austral,C,C,ONGRID,NO,SI,NO,NO,NO,NO,-41.885695,-73.536345
LA588,5416,Austral,D,C,ONGRID,NO,NO,NO,NO,NO,NO,-40.76616,-72.673139
LA260,5417,Austral,C,C,ONGRID,NO,SI,NO,NO,NO,NO,-41.616972,-73.600333
PM227,5422,Austral,D,C,ONGRID,NO,NO,NO,NO,NO,NO,-41.347833,-72.934861
ZL288,5423,Austral,D,C,ONGRID,NO,NO,NO,NO,NO,NO,-41.345972,-73.799972
ZL531,5424,Austral,D,C,ONGRID,NO,NO,NO,NO,NO,NO,-41.536399,-73.364468
PM137,5425,Austral,D,C,ONGRID,NO,NO,NO,NO,NO,NO,-42.342306,-73.706472
LA409,5426,Austral,C,C,ONGRID,NO,NO,NO,NO,NO,NO,-42.780121,-73.779731
LA855,5427,Austral,D,C,ONGRID,NO,NO,NO,NO,NO,NO,-42.520402,-73.79972
LA554,5428,Austral,C,C,ONGRID,NO,NO,NO,NO,NO,NO,-41.334911,-73.085797
PM210,5429,Austral,D,C,ONGRID,NO,NO,NO,NO,NO,NO,-40.574558,-73.175897
ZL064,5430,Austral,D,C,ONGRID,NO,NO,NO,NO,NO,NO,-41.618556,-73.606167
PM541,5431,Austral,D,C,ONGRID,NO,NO,NO,NO,NO,NO,-41.477343,-72.9499389
LA402,5432,Austral,B2,C,ONGRID,NO,NO,NO,NO,NO,NO,-40.5738,-73.1315
LA031,5433,Austral,C,C,ONGRID,NO,SI,NO,NO,NO,NO,-40.581433,-73.096036
LA697,5434,Austral,D,C,ONGRID,NO,NO,NO,NO,NO,NO,-40.577472,-73.136778
LA541,5435,Austral,B2,C,ONGRID,NO,NO,NO,NO,NO,NO,-40.586428,-73.159211
LA051,5436,Austral,D,C,ONGRID,NO,NO,NO,NO,NO,NO,-40.565,-73.179444
LA696,5437,Austral,D,C,ONGRID,NO,NO,NO,NO,NO,NO,-40.5721,-73.1418
LA704,5438,Austral,D,C,ONGRID,NO,NO,NO,NO,NO,NO,-41.45978,-72.94969
LA705,5439,Austral,D,C,ONGRID,NO,NO,NO,NO,NO,NO,-41.44628,-72.92719
ZL294,5440,Austral,D,C,ONGRID,NO,NO,NO,NO,NO,NO,-42.420028,-73.529417
ZL058,5441,Austral,D,C,ONGRID,NO,NO,NO,NO,NO,NO,-42.41525,-73.546417
PM401,5442,Austral,C,C,ONGRID,NO,NO,NO,NO,NO,NO,-41.575278,-73.09
AM607,6412,Metropolitano,D,C,ONGRID,NO,NO,NO,NO,NO,,-33.376144,-70.756767
AM694,6413,Metropolitano,D,C,ONGRID,NO,NO,NO,NO,NO,,-33.372434,-70.742709
PM326,5443,Austral,D,C,ONGRID,NO,NO,NO,NO,NO,NO,-41.533642,-73.05165
AM390,6415,Metropolitano,D,C,ONGRID,NO,NO,NO,NO,NO,,-33.42078,-70.6068399
LA970,5444,Austral,C,C,ONGRID,NO,NO,NO,NO,NO,NO,-41.78014,-73.40975
LA146,5445,Austral,D,C,ONGRID,NO,NO,NO,NO,NO,NO,-41.344967,-72.98805
ZL529,5446,Austral,D,C,ONGRID,NO,NO,NO,NO,NO,NO,-41.183728,-73.567562
ZL530,5447,Austral,D,C,ONGRID,NO,NO,NO,NO,NO,NO,-41.204331,-73.549337
ZL527,5448,Austral,C,C,ONGRID,NO,NO,NO,NO,NO,NO,-41.232389,-73.60685
ZL301,5449,Austral,D,C,ONGRID,NO,NO,NO,NO,NO,NO,-40.546281,-73.012418
LA932,5450,Austral,D,C,ONGRID,NO,NO,NO,NO,NO,NO,-41.204214,-73.059989
LA842,5451,Austral,D,C,ONGRID,NO,NO,NO,NO,NO,NO,-41.488361,-72.898778
ZL518,5452,Austral,D,C,ONGRID,NO,NO,NO,NO,NO,NO,-41.597425,-73.488025
PM320,5453,Austral,D,C,ONGRID,NO,NO,NO,NO,NO,NO,-41.465,-72.955
LA126,5454,Austral,D,C,ONGRID,NO,SI,NO,NO,NO,NO,-41.467889,-72.937944
ZL516,5455,Austral,D,C,ONGRID,NO,NO,NO,NO,NO,NO,-40.685206,-72.821705
ZL307,5456,Austral,D,C,ONGRID,NO,NO,NO,NO,NO,NO,-40.560667,-73.343444
LA573,5457,Austral,D,C,ONGRID,NO,NO,NO,NO,NO,NO,-41.47755,-72.91405
LA589,5458,Austral,C,C,ONGRID,NO,NO,NO,NO,NO,NO,-40.887954,-72.493471
LA375,5459,Austral,B2,C,ONGRID,NO,NO,NO,NO,NO,NO,-40.565639,-73.118953
FS712,5460,Austral,C,C,ONGRID,NO,NO,NO,NO,NO,NO,-40.654083,-72.657889
ZL309,5461,Austral,D,C,ONGRID,NO,NO,NO,NO,NO,NO,-42.680528,-73.748944
ZL311,5462,Austral,D,C,ONGRID,NO,NO,NO,NO,NO,NO,-42.810444,-73.533722
ZL312,5463,Austral,D,C,ONGRID,NO,NO,NO,NO,NO,NO,-42.788278,-73.517556
ZL519,5464,Austral,D,C,ONGRID,NO,NO,NO,NO,NO,NO,-41.444427,-73.401428
ZL025,5465,Austral,D,C,ONGRID,NO,NO,NO,NO,NO,NO,-40.573028,-73.135389
LA254,5466,Austral,D,C,ONGRID,NO,NO,NO,NO,NO,NO,-41.46253,-72.93089
AN262,6446,Norte,D,C+,ONGRID,NO,NO,NO,NO,NO,,-23.5908,-70.3870999
ZL513,5467,Austral,D,C,ONGRID,NO,NO,NO,NO,NO,NO,-40.714833,-73.495694
ZL317,5468,Austral,D,C,ONGRID,NO,NO,NO,NO,NO,NO,-41.484623,-73.549193
LA405,5469,Austral,D,C+,ONGRID,NO,SI,NO,NO,NO,NO,-41.472703,-72.942839
LA054,5470,Austral,B2,C,ONGRID,NO,NO,NO,NO,NO,NO,-41.450056,-72.938
LA499,5471,Austral,D,C,ONGRID,NO,NO,NO,NO,NO,NO,-41.462361,-72.942585
FS850,5472,Austral,C,C,ONGRID,NO,NO,NO,NO,NO,NO,-40.560972,-73.704028
FS869,5473,Austral,C,C,ONGRID,NO,NO,NO,NO,NO,NO,-40.561917,-73.713472
ZL319,5474,Austral,D,C,ONGRID,NO,NO,NO,NO,NO,NO,-40.596222,-73.279889
ZL322,5475,Austral,D,C,ONGRID,NO,NO,NO,NO,NO,NO,-41.52775,-73.446306
ZL504,5476,Austral,D,C,ONGRID,NO,NO,NO,NO,NO,NO,-40.843215,-72.94036
PM228,5477,Austral,D,C,ONGRID,NO,NO,NO,NO,NO,NO,-42.484648,-73.762024
SWPM,5478,Austral,A,A+,ONGRID,NO,NO,NO,NO,SI,NO,-41.4693611,-72.9634028
ESTLA046,5480,Austral,B2,nan,ONGRID,NO,SI,SI,NO,NO,NO,-41.472793,-72.942504
LA843,5481,Austral,D,C,ONGRID,NO,NO,NO,NO,NO,NO,-41.467659,-72.908517
PM004,5482,Austral,D,C,ONGRID,NO,NO,NO,NO,NO,NO,-41.44849,-72.912612
LA987,5483,Austral,D,C,ONGRID,NO,NO,NO,NO,NO,NO,-41.470773,-72.940073
PM005,5484,Austral,D,C,ONGRID,NO,SI,NO,NO,NO,NO,-41.472111,-72.996056
LA403,5485,Austral,C,C,ONGRID,NO,NO,NO,NO,NO,NO,-41.32331,-72.97847
LA190,5487,Austral,D,C,ONGRID,NO,NO,NO,NO,NO,NO,-41.328944,-72.968222
LA851,5488,Austral,C,C,ONGRID,NO,SI,NO,NO,NO,NO,-42.405961,-73.712766
PM324,5489,Austral,C,C,ONGRID,NO,NO,NO,NO,NO,NO,-42.570556,-73.410278
LA673,5490,Austral,C,C,ONGRID,NO,SI,NO,NO,NO,NO,-42.61798,-73.65626
ZL052,5491,Austral,D,C,ONGRID,NO,NO,NO,NO,NO,NO,-40.901917,-73.477333
LA391,5492,Austral,B2,C,ONGRID,NO,NO,NO,NO,NO,NO,-40.914681,-73.243381
ESTLA035,5493,Austral,B2,nan,ONGRID,NO,SI,NO,NO,NO,NO,-40.911999,-73.153278
AM725,6481,Metropolitano,D,C,ONGRID,NO,NO,NO,NO,NO,,-33.394052,-70.618746
LA069,5494,Austral,C,C,ONGRID,NO,SI,NO,NO,NO,NO,-40.91344,-73.15033
ZL325,5495,Austral,D,C,ONGRID,NO,NO,NO,NO,NO,NO,-40.808028,-73.455667
LA980,5496,Austral,C,C,ONGRID,NO,SI,NO,NO,NO,NO,-42.886583,-73.475167
ESTLA037,5497,Austral,B1,nan,ONGRID,SI,SI,NO,NO,NO,NO,-43.1162296,-73.6048878
ZM527,6487,Metropolitano,D,C,ONGRID,NO,NO,NO,NO,NO,,-33.358514,-70.729101
LA464,5498,Austral,B2,C,ONGRID,NO,NO,NO,NO,NO,NO,-43.090194,-73.6135
LA912,5499,Austral,B2,C,ONGRID,NO,SI,NO,NO,NO,NO,-43.106771,-73.6225
ESTLA038,5500,Austral,B2,nan,ONGRID,NO,SI,NO,NO,NO,NO,-43.117409,-73.619878
LA578,5501,Austral,C,C,ONGRID,NO,NO,NO,NO,NO,NO,-43.112344,-73.575012
ESTLA039,5502,Austral,B2,nan,ONGRID,NO,SI,NO,NO,NO,NO,-42.143566,-73.479635
LA060,5503,Austral,C,C,ONGRID,NO,NO,NO,NO,NO,NO,-42.14111,-73.481666
PM380,5504,Austral,D,C,ONGRID,NO,NO,NO,NO,NO,NO,-41.570556,-73.656389
ZL326,5505,Austral,D,C,ONGRID,NO,NO,NO,NO,NO,NO,-41.488944,-73.763472
FS707,5506,Austral,C,C,ONGRID,NO,NO,NO,NO,NO,NO,-41.532278,-72.754889
LA632,5507,Austral,C,C,ONGRID,NO,NO,NO,NO,NO,NO,-40.5746,-73.152114
LA846,5508,Austral,D,C,ONGRID,NO,SI,NO,NO,NO,NO,-40.567583,-73.16622
LA856,5509,Austral,D,C,ONGRID,NO,NO,NO,NO,NO,NO,-40.5791,-73.1679
LA857,5510,Austral,D,C,ONGRID,NO,SI,NO,NO,NO,NO,-40.585389,-73.175972
AM844,6501,Metropolitano,D,C,ONGRID,NO,NO,NO,NO,NO,,-33.4065,-70.5768
FS710,5511,Austral,C,C,ONGRID,NO,NO,NO,NO,NO,NO,-41.379361,-72.307583
LA736,5512,Austral,C,C,ONGRID,NO,NO,NO,NO,NO,NO,-40.777107,-73.161002
LA908,5513,Austral,D,C,ONGRID,NO,NO,NO,NO,NO,NO,-40.680998,-73.127385
ZL022,5514,Austral,D,C,ONGRID,NO,NO,NO,NO,NO,NO,-40.552681,-73.172436
AM713,6508,Metropolitano,D,C,ONGRID,NO,NO,NO,NO,NO,,-33.394133,-70.618222
ESTLA049,5515,Austral,C,nan,ONGRID,NO,NO,NO,NO,NO,NO,-41.430544,-72.532314
ESTLA050,5516,Austral,C,nan,ONGRID,NO,NO,NO,NO,NO,NO,-41.430544,-72.532314
ESTLA041,5517,Austral,B2,nan,ONGRID,NO,NO,NO,NO,NO,NO,-41.458044,-72.284936
FS705,5518,Austral,C,C,ONGRID,NO,NO,NO,NO,NO,NO,-40.82975,-73.349361
ESTLA052,5519,Austral,B2,C,ONGRID,NO,SI,NO,NO,NO,NO,-40.800596,-73.224968
LA903,5521,Austral,C,C,ONGRID,NO,NO,NO,NO,NO,NO,-41.64975,-72.314028
PM323,5522,Austral,D,C,ONGRID,NO,NO,NO,NO,NO,NO,-41.470722,-72.949444
RP182,5523,Austral,D,nan,ONGRID,NO,NO,NO,NO,NO,NO,-41.319028,-72.981778
RP373,5524,Austral,D,nan,ONGRID,NO,NO,NO,NO,NO,NO,-41.4782,-72.913999
ZL336,5525,Austral,D,C,ONGRID,NO,NO,NO,NO,NO,NO,-40.561694,-72.490083
ZL523,5526,Austral,D,C,ONGRID,NO,NO,NO,NO,NO,NO,-41.712521,-73.070006
PM083,5527,Austral,C,C,ONGRID,NO,SI,NO,NO,NO,NO,-40.733889,-72.464444
PM041,5528,Austral,D,C,ONGRID,NO,NO,NO,NO,NO,NO,-41.682921,-73.469944
PM042,5529,Austral,C,C,ONGRID,NO,NO,NO,NO,NO,NO,-41.627947,-73.596817
PM082,5530,Austral,D,C,ONGRID,NO,NO,NO,NO,NO,NO,-42.177356,-73.596917
ZL540,5531,Austral,D,C,ONGRID,NO,NO,NO,NO,NO,NO,-42.008528,-73.835556
LA611,5532,Austral,B2,C,ONGRID,NO,SI,NO,NO,NO,NO,-40.577658,-73.458509
LA230,5533,Austral,D,C,ONGRID,NO,NO,NO,NO,NO,NO,-40.603767,-73.559071
LA150,5534,Austral,C,C,ONGRID,NO,NO,NO,NO,NO,NO,-42.665555,-73.804722
LA095,5535,Austral,C,C,ONGRID,NO,NO,NO,NO,NO,NO,-41.866805,-73.604126
LA223,5536,Austral,D,C,ONGRID,NO,NO,NO,NO,NO,NO,-42.616234,-73.79139
LA231,5537,Austral,D,C,ONGRID,NO,NO,NO,NO,NO,NO,-41.39432,-73.210474
LA232,5538,Austral,D,C,ONGRID,NO,NO,NO,NO,NO,NO,-41.3962611,-73.343399
LA233,5539,Austral,C,C,ONGRID,NO,NO,NO,NO,NO,NO,-41.302648,-73.458261
LA234,5540,Austral,B2,C,ONGRID,NO,NO,NO,NO,NO,NO,-41.240148,-73.504094
LA235,5541,Austral,B2,C,ONGRID,NO,NO,NO,NO,NO,NO,-41.159039,-73.488534
ZL005,5542,Austral,D,C,ONGRID,NO,NO,NO,NO,NO,NO,-41.226111,-73.224444
PM139,5543,Austral,B2,C,ONGRID,NO,NO,NO,NO,NO,NO,-41.238222,-72.752943
LA902,5544,Austral,C,C,ONGRID,NO,SI,NO,NO,NO,NO,-41.434863,-73.058735
ZL510,5545,Austral,D,C,ONGRID,NO,NO,NO,NO,NO,NO,-40.75488,-73.169244
AM737,6543,Metropolitano,D,C,ONGRID,NO,NO,NO,NO,NO,,-33.440598,-70.650824
AM779,6544,Metropolitano,D,C,ONGRID,NO,NO,NO,NO,NO,,-33.417529,-70.606543
ZU211,6547,Centro,D,C,ONGRID,NO,NO,NO,NO,NO,,-35.427218,-71.655735
PM375,5546,Austral,C,C,ONGRID,NO,NO,NO,NO,NO,NO,-42.955639,-73.656444
LA387,5547,Austral,C,C,ONGRID,NO,SI,NO,NO,NO,NO,-40.463771,-73.432114
LA386,5548,Austral,D,C,ONGRID,NO,NO,NO,NO,NO,NO,-40.383502,-73.121817
LA438,5549,Austral,C,C,ONGRID,NO,NO,NO,NO,NO,NO,-40.488224,-73.041539
AM736,6552,Metropolitano,D,C,ONGRID,NO,NO,NO,NO,NO,,-33.402379,-70.578832
LA135,5550,Austral,B2,C,ONGRID,NO,SI,NO,NO,NO,NO,-40.404893,-73.004034
PM290,5551,Austral,D,C,ONGRID,NO,SI,NO,NO,NO,NO,-40.589444,-73.142222
ZL344,5552,Austral,D,C,ONGRID,NO,NO,NO,NO,NO,NO,-40.536944,-72.625944
ZL345,5553,Austral,D,C,ONGRID,NO,NO,NO,NO,NO,NO,-40.520541,-72.532357
PM523,5554,Austral,D,C,ONGRID,NO,NO,NO,NO,NO,NO,-42.481105,-73.765316
PM524,5555,Austral,D,C,ONGRID,NO,NO,NO,NO,NO,NO,-41.869444,-73.8266672
PM525,5557,Austral,D,C,ONGRID,NO,NO,NO,NO,NO,NO,-43.1172219,-73.621944
PM199,5559,Austral,D,C,ONGRID,NO,NO,NO,NO,NO,NO,-42.691389,-73.703056
ZB326,6562,Sur,D,C,ONGRID,NO,NO,NO,NO,NO,,-36.826775,-73.0475251
FS706,5560,Austral,C,C,ONGRID,NO,NO,NO,NO,NO,NO,-41.041472,-73.404417
PM369,5561,Austral,D,C,ONGRID,NO,NO,NO,NO,NO,NO,-42.325694,-73.359861
ZL140,5562,Austral,D,C,ONGRID,NO,NO,NO,NO,NO,NO,-41.442306,-73.10075
LA389,5564,Austral,C,C,ONGRID,NO,NO,NO,NO,NO,NO,-42.152611,-73.533722
LA439,5565,Austral,B2,C,ONGRID,NO,SI,NO,NO,NO,NO,-41.534301,-73.124832
PM077,5566,Austral,D,C,ONGRID,NO,NO,NO,NO,NO,NO,-41.568485,-73.193814
ZL352,5567,Austral,D,C,ONGRID,NO,NO,NO,NO,NO,NO,-43.146083,-73.691611
PM442,5568,Austral,D,C,ONGRID,NO,NO,NO,NO,NO,NO,-42.481643,-73.786365
AM630,6575,Metropolitano,D,C,ONGRID,NO,NO,NO,NO,NO,,-33.342475,-70.719911
LA572,5569,Austral,B2,C,ONGRID,NO,NO,NO,NO,NO,NO,-41.458344,-72.913228
LA564,5570,Austral,D,C,ONGRID,NO,SI,NO,NO,NO,NO,-40.595563,-73.110846
LA853,5571,Austral,D,C,ONGRID,NO,NO,NO,NO,NO,NO,-41.453585,-72.935139
LA131,5572,Austral,D,C,ONGRID,NO,NO,NO,NO,NO,NO,-40.563444,-73.1035
LA465,5573,Austral,B2,C,OFFGRID,NO,NO,NO,NO,NO,NO,-41.14561,-72.53423
ZL018,5574,Austral,D,C,ONGRID,NO,NO,NO,NO,NO,NO,-41.320056,-72.998472
PM549,5575,Austral,D,C,ONGRID,NO,NO,NO,NO,NO,NO,-43.126667,-73.643889
AM075,6585,Metropolitano,D,C,ONGRID,NO,NO,NO,NO,NO,,-33.4363889,-70.6527778
ZL359,5576,Austral,D,C,ONGRID,NO,NO,NO,NO,NO,NO,-41.277528,-73.710083
LA374,5577,Austral,D,C,ONGRID,NO,NO,NO,NO,NO,NO,-41.321594,-73.714175
ESTAY011,5578,Austral,B2,C,ONGRID,NO,SI,NO,NO,NO,NO,-45.909714,-71.70148
FS721,5579,Austral,C,C,ONGRID,NO,NO,NO,NO,NO,NO,-46.440028,-72.688055
ZZ877,6590,Centro,D,C,ONGRID,NO,NO,NO,NO,NO,,-33.693399,-71.212478
AM387,6591,Metropolitano,D,C,ONGRID,NO,NO,NO,NO,NO,,-33.4456611,-70.6225111
ESTAY012,5580,Austral,B2,nan,ONGRID,NO,NO,NO,NO,NO,NO,-45.593523,-72.105284
CI505,5581,Austral,C,C,ONGRID,NO,NO,NO,NO,NO,NO,-45.5705556,-72.0744444
FS718,5582,Austral,C,C,ONGRID,NO,NO,NO,NO,NO,NO,-46.123861,-72.161945
ZI026,5583,Austral,D,C,ONGRID,NO,NO,NO,NO,NO,NO,-45.7705,-71.775806
AI040,5584,Austral,C,C,ONGRID,NO,NO,NO,NO,NO,NO,-45.761912,-71.996971
CI188,5585,Austral,C,C,ONGRID,NO,SI,NO,NO,NO,NO,-46.544444,-71.6925
ESTAY010,5586,Austral,B2,nan,ONGRID,NO,NO,NO,NO,NO,NO,-47.2558667,-72.5762
ESTAY021,5587,Austral,B2,C,ONGRID,NO,NO,NO,NO,NO,NO,-47.1734333,-72.7268806
AI401,5588,Austral,B2,C,ONGRID,NO,NO,NO,NO,NO,NO,-45.573404,-72.087939
AI517,5589,Austral,D,C,ONGRID,NO,NO,NO,NO,NO,NO,-45.579508,-72.034158
AM904,6605,Metropolitano,D,nan,ONGRID,NO,NO,NO,NO,NO,,-33.384596,-70.639221
CI013,5590,Austral,D,C,ONGRID,NO,NO,NO,NO,NO,NO,-45.572667,-72.049361
AI214,5591,Austral,C,C,ONGRID,NO,NO,NO,NO,NO,NO,-45.587975,-72.021978
CI288,5592,Austral,D,C,ONGRID,NO,NO,NO,NO,NO,NO,-45.583944,-72.032583
AI251,5593,Austral,D,C,ONGRID,NO,NO,NO,NO,NO,NO,-45.580583,-72.061017
CI012,5594,Austral,D,C,ONGRID,NO,NO,NO,NO,NO,NO,-45.585403,-72.069214
CI286,5596,Austral,D,C,ONGRID,NO,NO,NO,NO,NO,NO,-45.5895,-72.052417
CI287,5597,Austral,D,C,ONGRID,NO,NO,NO,NO,NO,NO,-45.580111,-72.045528
CI340,5598,Austral,D,C,ONGRID,NO,NO,NO,NO,NO,NO,-45.534423,-71.889615
AI831,5599,Austral,D,C,ONGRID,NO,SI,NO,NO,NO,NO,-45.570123,-72.073367
FS716,5600,Austral,C,C,ONGRID,NO,NO,NO,NO,NO,NO,-45.811167,-71.918472
ZI501,5601,Austral,D,C,ONGRID,NO,NO,NO,NO,NO,NO,-45.100682,-71.865867
ZI329,5602,Austral,D,C,ONGRID,NO,NO,NO,NO,NO,NO,-45.4126,-72.6947
CI291,5603,Austral,C,C,ONGRID,NO,NO,NO,NO,NO,NO,-43.981194,-72.406083
AM964,6624,Metropolitano,D,C,ONGRID,NO,NO,NO,NO,NO,,-33.391208,-70.553926
FS723,5604,Austral,C,C,ONGRID,NO,NO,NO,NO,NO,NO,-44.240806,-71.843722
AI037,5605,Austral,D,C,ONGRID,NO,NO,NO,NO,NO,NO,-45.633179,-72.096162
ZI017,5606,Austral,D,C,ONGRID,NO,NO,NO,NO,NO,NO,-45.5734591,-72.0715129
ESTAY013,5607,Austral,B2,nan,ONGRID,NO,NO,NO,NO,NO,NO,-45.9754417,-71.7088639
FS717,5608,Austral,C,C,ONGRID,NO,SI,NO,NO,NO,NO,-45.166917,-72.141195
ZI014,5609,Austral,D,C,ONGRID,NO,NO,NO,NO,NO,NO,-45.91044,-71.69625
AI553,5610,Austral,C,C,ONGRID,NO,NO,NO,NO,NO,NO,-45.163428,-73.521775
AI604,5611,Austral,B2,C,ONGRID,NO,NO,NO,NO,NO,NO,-45.39622,-72.68678
FS720,5612,Austral,C,C,ONGRID,NO,NO,NO,NO,NO,NO,-47.013111,-72.828278
FS725,5613,Austral,C,C,ONGRID,NO,NO,NO,NO,NO,NO,-46.848917,-72.705139
AI552,5614,Austral,B1,C,ONGRID,NO,NO,NO,NO,NO,NO,-46.298886,-71.915328
FS726,5615,Austral,C,C,ONGRID,NO,NO,NO,NO,NO,NO,-46.626611,-72.671889
ZI500,5616,Austral,D,C,ONGRID,NO,NO,NO,NO,NO,NO,-46.589644,-72.574422
CI460,5617,Austral,C,C,ONGRID,NO,NO,NO,NO,NO,NO,-43.774667,-72.955472
ESTAY017,5618,Austral,B2,nan,OFFGRID,NO,NO,NO,NO,NO,NO,-47.013632,-72.825543
ESTAY018,5619,Austral,B2,nan,OFFGRID,NO,NO,NO,NO,NO,NO,-46.843323,-72.705979
ESTAY019,5620,Austral,B2,nan,ONGRID,NO,NO,NO,NO,NO,NO,-46.58,-72.321
ESTAY022,5621,Austral,B2,nan,OFFGRID,NO,NO,NO,NO,NO,SI,-46.402778,-71.786389
ESTAY020,5622,Austral,B2,nan,OFFGRID,NO,NO,NO,NO,NO,NO,-46.5409,-71.722279
AI218,5623,Austral,C,C,ONGRID,NO,NO,NO,NO,NO,NO,-45.417772,-72.484575
AI219,5624,Austral,D,C,ONGRID,NO,NO,NO,NO,NO,NO,-45.457896,-72.391809
AI220,5625,Austral,B2,C,ONGRID,NO,NO,NO,NO,NO,NO,-45.512625,-72.095601
AI041,5626,Austral,D,C,ONGRID,NO,NO,NO,NO,NO,NO,-45.862628,-71.81088
CI527,5628,Austral,D,C,ONGRID,NO,NO,NO,NO,NO,NO,-45.402986,-72.690631
ESTAY015,5629,Austral,B2,nan,ONGRID,NO,NO,NO,NO,NO,NO,-47.8015,-73.535989
FS722,5630,Austral,C,C,ONGRID,NO,NO,NO,NO,NO,NO,-47.802583,-73.540195
ZL354,5631,Austral,D,C,ONGRID,NO,NO,NO,NO,NO,NO,-43.644194,-71.687472
ESTAY014,5632,Austral,B2,nan,ONGRID,NO,NO,NO,NO,NO,NO,-42.142763,-73.474318
FS719,5633,Austral,C,C,ONGRID,NO,NO,NO,NO,NO,NO,-48.480972,-72.577222
ZI502,5634,Austral,B2,C,ONGRID,NO,NO,NO,NO,NO,NO,-45.378333,-71.991806
FS727,5635,Austral,C,C,OFFGRID,NO,NO,NO,NO,NO,SI,-53.458361,-70.976639
ESTMG001,5636,Austral,B2,nan,ONGRID,NO,NO,NO,NO,NO,NO,-53.183702,-70.947216
ONUMG001,5637,Austral,B2,nan,ONGRID,NO,NO,NO,NO,NO,NO,-53.164444,-70.917412
PA164,5638,Austral,C,C,ONGRID,NO,NO,NO,NO,NO,NO,-53.088149,-70.882974
ESTMG013,5639,Austral,B2,nan,ONGRID,NO,SI,NO,NO,NO,NO,-43.1162217,-73.6092652
FS608,5640,Austral,B2,C,OFFGRID,NO,NO,NO,NO,NO,SI,-53.45025,-70.249222
PA157,5641,Austral,D,C,ONGRID,NO,NO,NO,NO,NO,NO,-52.887606,-68.863337
ZP008,5642,Austral,D,C,ONGRID,NO,NO,NO,NO,NO,NO,-53.157919,-70.907535
FS846,5643,Austral,C,C,ONGRID,NO,NO,NO,NO,NO,NO,-51.252472,-72.356917
FS733,5644,Austral,C,C,OFFGRID,NO,NO,NO,NO,NO,SI,-50.934417,-72.460667
ESTMG011,5645,Austral,B2,C,ONGRID,NO,SI,NO,NO,NO,NO,-52.774819,-69.290748
ZP016,5646,Austral,D,C,OFFGRID,NO,NO,NO,NO,NO,SI,-52.912167,-69.322667
MG860,5647,Austral,C,C,ONGRID,NO,NO,NO,NO,NO,NO,-53.010281,-70.826149
PA165,5648,Austral,D,C,ONGRID,NO,NO,NO,NO,NO,NO,-53.036944,-70.894167
PA170,5650,Austral,C,C,ONGRID,NO,NO,NO,NO,NO,NO,-53.118806,-70.942972
ESTMG012,5651,Austral,B2,nan,ONGRID,NO,SI,NO,NO,NO,NO,-52.620794,-69.245182
ESTMG019,5652,Austral,B2,nan,ONGRID,NO,NO,NO,NO,NO,NO,-52.3320889,-68.5781417
FS730,5653,Austral,C,C,ONGRID,NO,NO,NO,NO,NO,NO,-51.624978,-72.332478
PA081,5654,Austral,D,C,ONGRID,NO,NO,NO,NO,NO,NO,-53.121528,-70.906028
MG869,5655,Austral,D,C,ONGRID,NO,NO,NO,NO,NO,NO,-53.144771,-70.901829
ZP017,5656,Austral,D,C,OFFGRID,NO,NO,NO,NO,NO,SI,-53.318306,-68.844528
MG723,5657,Austral,C,A+,ONGRID,NO,SI,NO,NO,NO,NO,-53.15778,-70.91639
MG722,5658,Austral,D,C,ONGRID,NO,NO,NO,NO,NO,NO,-53.16114,-70.94366
PA169,5659,Austral,C,C,ONGRID,NO,NO,NO,NO,NO,NO,-53.127269,-70.963776
MG725,5660,Austral,C,C,ONGRID,NO,NO,NO,NO,NO,NO,-53.1348,-70.9232
PA339,5661,Austral,D,C,ONGRID,NO,NO,NO,NO,NO,NO,-53.122889,-70.896472
MG268,5662,Austral,D,C,ONGRID,NO,NO,NO,NO,NO,NO,-53.162957,-70.906867
ZP036,5663,Austral,D,C,ONGRID,NO,NO,NO,NO,NO,NO,-53.16318,-70.8975601
PA544,5664,Austral,D,C,ONGRID,NO,NO,NO,NO,NO,NO,-51.6926919,-72.5340809
MG601,5665,Austral,D,C,ONGRID,NO,NO,NO,NO,NO,NO,-53.160861,-70.922306
PA402,5666,Austral,C,C,ONGRID,NO,SI,NO,NO,NO,NO,-52.882278,-71.614444
PA403,5667,Austral,D,C,ONGRID,NO,NO,NO,NO,NO,NO,-52.921861,-71.693778
MG886,5668,Austral,C,C,OFFGRID,NO,SI,NO,NO,NO,NO,-52.383979,-69.755585
MG120,5669,Austral,D,C,ONGRID,NO,NO,NO,NO,NO,NO,-53.125897,-70.869339
RPL029,5744760,Austral,C,nan,ONGRID,NO,NO,NO,NO,NO,NO,-33.444403,-70.655917
BI033,6770,Sur,D,C,ONGRID,NO,NO,NO,NO,NO,,-37.85,-71.3166667
PA239,5670,Austral,D,C,ONGRID,NO,NO,NO,NO,NO,NO,-53.214755,-70.943983
FS728,5671,Austral,C,C,ONGRID,NO,NO,NO,NO,NO,NO,-53.233556,-70.956361
PA129,5672,Austral,C,C,ONGRID,NO,SI,NO,NO,NO,NO,-53.132806,-70.908805
PA241,5673,Austral,D,C,ONGRID,NO,NO,NO,NO,NO,NO,-51.7975,-72.195556
ZP033,5674,Austral,D,C,ONGRID,NO,NO,NO,NO,NO,NO,-53.158842,-70.9052991
PA405,5675,Austral,B2,C,ONGRID,NO,NO,NO,NO,NO,NO,-53.639885,-69.643017
MG887,5676,Austral,C,C,ONGRID,NO,SI,NO,NO,NO,NO,-52.94322,-70.81981
MG721,5677,Austral,D,C,ONGRID,NO,NO,NO,NO,NO,NO,-53.172833,-70.925667
PA017,5678,Austral,C,C,ONGRID,NO,SI,NO,NO,NO,NO,-53.1135,-70.878111
PA168,5679,Austral,C,C,ONGRID,NO,NO,NO,NO,NO,NO,-53.141833,-70.954567
ZP010,5680,Austral,D,C,ONGRID,NO,NO,NO,NO,NO,NO,-53.159646,-70.932025
MG870,5681,Austral,C,C,ONGRID,NO,NO,NO,NO,NO,NO,-53.172358,-70.94599
MG865,5682,Austral,C,C,ONGRID,NO,NO,NO,NO,NO,NO,-53.1303262,-70.9101619
PA342,5683,Austral,D,C,ONGRID,NO,NO,NO,NO,NO,NO,-52.146439,-69.516522
MG889,5684,Austral,B2,C,OFFGRID,NO,NO,NO,NO,NO,SI,-52.12588,-71.526796
ZP014,5685,Austral,B2,C,OFFGRID,NO,NO,NO,NO,NO,NO,-53.513417,-69.331083
ZP011,5686,Austral,B2,C,OFFGRID,NO,NO,NO,NO,NO,SI,-53.352167,-69.246472
MG724,5687,Austral,B2,C,ONGRID,NO,NO,NO,NO,NO,NO,-53.15483,-70.89183
ZP012,5688,Austral,D,C,OFFGRID,NO,NO,NO,NO,NO,NO,-53.322221,-68.661031
ESTMG010,5689,Austral,B2,nan,ONGRID,NO,SI,NO,NO,NO,NO,-53.295332,-70.369795
MG999,5690,Austral,A,B+,ONGRID,SI,NO,NO,NO,SI,NO,-53.310444,-70.378028
ZP013,5691,Austral,D,C,OFFGRID,NO,NO,NO,NO,NO,SI,-53.318331,-69.795753
MG885,5692,Austral,C,C,ONGRID,NO,SI,NO,NO,NO,NO,-52.262335,-68.941632
FS732,5693,Austral,C,C,OFFGRID,NO,NO,NO,NO,NO,NO,-49.12575,-74.409862
ESTMG002,5694,Austral,B2,nan,ONGRID,NO,SI,NO,NO,NO,NO,-54.933333,-67.616667
MG143,5695,Austral,C,C,ONGRID,NO,SI,NO,NO,NO,NO,-54.938165,-67.60951
PA279,5696,Austral,D,C,ONGRID,NO,NO,NO,NO,NO,NO,-53.150583,-70.935222
PA280,5697,Austral,D,C,ONGRID,NO,NO,NO,NO,NO,NO,-53.141135,-70.920081
PA283,5698,Austral,D,C,ONGRID,NO,NO,NO,NO,NO,NO,-53.138889,-70.881944
PA281,5699,Austral,D,C,ONGRID,NO,NO,NO,NO,NO,NO,-53.164722,-70.90575
PA282,5700,Austral,D,C,ONGRID,NO,NO,NO,NO,NO,NO,-53.178094,-70.94194
PA285,5701,Austral,D,C,ONGRID,NO,NO,NO,NO,NO,NO,-53.15225,-70.90275
MG429,5702,Austral,C,C,ONGRID,NO,NO,NO,NO,NO,NO,-53.146263,-70.921054
MG453,5703,Austral,D,C,ONGRID,NO,NO,NO,NO,NO,NO,-53.137857,-70.888639
ZP020,5704,Austral,D,C,ONGRID,NO,NO,NO,NO,NO,NO,-53.14125,-70.898
PA015,5705,Austral,D,C,ONGRID,NO,NO,NO,NO,NO,NO,-53.169056,-70.936722
PA284,5706,Austral,D,C,ONGRID,NO,NO,NO,NO,NO,NO,-53.049944,-70.852833
FS729,5707,Austral,C,C,ONGRID,NO,NO,NO,NO,NO,NO,-52.314167,-69.694333
FS731,5708,Austral,C,C,OFFGRID,NO,NO,NO,NO,NO,SI,-52.663222,-71.476278
FS847,5709,Austral,C,C,OFFGRID,NO,NO,NO,NO,NO,SI,-52.619723,-71.485394
ESTMG018,5710,Austral,B2,nan,OFFGRID,NO,NO,NO,NO,NO,NO,-53.44975,-70.2493056
ESTMG016,5711,Austral,B2,nan,ONGRID,NO,NO,NO,NO,NO,NO,-52.716667,-69.25
MG130,5712,Austral,C,C,ONGRID,NO,SI,NO,NO,NO,NO,-53.193699,-70.945848
MG156,5713,Austral,C,C,ONGRID,NO,SI,NO,NO,NO,NO,-53.0573,-70.873919
RP231,5714,Austral,D,nan,ONGRID,NO,NO,NO,NO,NO,NO,-53.134602,-70.911889
ZP501,5715,Austral,D,C,OFFGRID,NO,NO,NO,NO,NO,SI,-52.539031,-70.058361
ZP021,5716,Austral,D,C,ONGRID,NO,NO,NO,NO,NO,NO,-53.148944,-70.915056
ESTMG009,5718,Austral,B2,nan,ONGRID,NO,SI,NO,NO,NO,NO,-51.730894,-72.497741
MG111,5719,Austral,D,C,ONGRID,NO,NO,NO,NO,NO,NO,-62.19549,-58.976284
MG888,5720,Austral,B2,C,OFFGRID,NO,NO,NO,NO,NO,NO,-52.376389,-71.4825
AS650,6764,Metropolitano,D,C,ONGRID,NO,NO,NO,NO,NO,,-33.370958,-70.708829
MG535,5721,Austral,C,C,ONGRID,NO,NO,NO,NO,NO,NO,-53.1331,-70.876
PA543,5722,Austral,C,C,ONGRID,NO,NO,NO,NO,NO,NO,-53.1319444,-70.8758333
CC204,6773,Sur,D,C,ONGRID,NO,NO,NO,NO,NO,,-36.6074584,-72.1021871
CC209,6774,Sur,D,C,ONGRID,NO,NO,NO,NO,NO,,-37.4689653,-72.3533078
ZB349,5723,Sur,D,C,OFFGRID,NO,NO,NO,NO,NO,NO,-37.510278,-73.187583
ZB370,5724,Sur,D,C,OFFGRID,NO,NO,NO,NO,NO,NO,-37.566583,-73.501
LS719,6777,Norte,D,C,ONGRID,NO,NO,NO,NO,NO,,-30.470638,-71.212333
ZB383,5725,Sur,D,C,OFFGRID,NO,NO,NO,NO,NO,NO,-38.172,-73.121472
PP001,6779,Austral,D,C,ONGRID,NO,NO,NO,NO,NO,,-41.324102,-72.98737
PP002,6780,Centro,D,C,ONGRID,NO,NO,NO,NO,NO,,-33.43517,-71.686484
ZB384,5726,Sur,D,C,OFFGRID,NO,NO,NO,NO,NO,NO,-38.177611,-73.139306
PP005,6782,Norte,D,C,ONGRID,NO,NO,NO,NO,NO,,-29.941083,-71.239693
PP007,6783,Metropolitano,D,C,ONGRID,NO,NO,NO,NO,NO,,-33.398042,-70.721253
PP446,6784,Metropolitano,D,C,ONGRID,NO,NO,NO,NO,NO,,-33.517764,-70.655244
RS816,6786,Metropolitano,D,C,ONGRID,NO,NO,NO,NO,NO,,-33.4177778,-70.5277778
RS818,6787,Metropolitano,D,C,ONGRID,NO,NO,NO,NO,NO,,-33.4519445,-70.6797223
TA962,6788,Norte,D,C,ONGRID,NO,NO,NO,NO,NO,,-20.343585,-68.95
ZE181,5727,Sur,D,C,OFFGRID,NO,NO,NO,NO,NO,NO,-39.339167,-71.651306
ZE210,5728,Sur,D,C,OFFGRID,NO,NO,NO,NO,NO,NO,-37.864029,-73.039316
VR397,6791,Centro,D,C,ONGRID,NO,NO,NO,NO,NO,,-35.671468,-71.34523
ZA143,6792,Norte,D,C,ONGRID,NO,NO,NO,NO,NO,,-23.838628,-69.902533
ZE242,5729,Sur,D,C,OFFGRID,NO,NO,NO,NO,NO,NO,-37.689528,-72.817278
ZE252,5730,Sur,D,C,OFFGRID,NO,NO,NO,NO,NO,NO,-39.315833,-71.403972
ZE272,5731,Sur,D,C,OFFGRID,NO,NO,NO,NO,NO,NO,-38.266278,-71.289222
ZI021,5732,Austral,D,C,OFFGRID,NO,NO,NO,NO,NO,NO,-44.494967,-71.3183
ZI033,5733,Austral,D,C,OFFGRID,NO,NO,NO,NO,NO,NO,-45.742694,-71.870556
ZL183,5734,Austral,D,C,OFFGRID,NO,NO,NO,NO,NO,NO,-42.257667,-73.154889
ZL191,5735,Austral,D,C,OFFGRID,NO,NO,NO,NO,NO,NO,-39.709194,-71.888278
ZL194,5736,Austral,D,C,ONGRID,NO,NO,NO,NO,NO,NO,-43.171417,-73.570528
ZL203,5737,Austral,D,C,ONGRID,NO,NO,NO,NO,NO,NO,-43.150222,-73.521528
ZL208,5738,Austral,D,C,OFFGRID,NO,NO,NO,NO,NO,NO,-42.596906,-73.524597
ZL253,5739,Austral,D,C,OFFGRID,NO,NO,NO,NO,NO,NO,-42.698611,-73.098667
ZL254,5740,Austral,D,C,ONGRID,NO,NO,NO,NO,NO,NO,-43.207667,-73.619472
ZL266,5741,Austral,D,C,OFFGRID,NO,NO,NO,NO,NO,NO,-42.389917,-73.43975
ZL277,5742,Austral,D,C,OFFGRID,NO,NO,NO,NO,NO,NO,-39.973278,-73.275472
ZL286,5743,Austral,D,C,OFFGRID,NO,NO,NO,NO,NO,NO,-42.3032,-73.1328
ZL290,5744,Austral,D,C,OFFGRID,NO,NO,NO,NO,NO,NO,-42.275833,-73.096583
ZP041,5745,Austral,D,C,OFFGRID,NO,NO,NO,NO,NO,NO,-52.236278,-70.282611
ZP043,5746,Austral,D,C,OFFGRID,NO,NO,NO,NO,NO,NO,-52.962556,-71.800083
ZP045,5747,Austral,D,C,OFFGRID,NO,NO,NO,NO,NO,NO,-52.621028,-70.994361
ZP050,5748,Austral,D,C,OFFGRID,NO,NO,NO,NO,NO,NO,-52.54675,-71.951667
ZB341,5749,Sur,D,C,OFFGRID,NO,NO,NO,NO,NO,NO,-37.826371,-73.198618
ZE184,5750,Sur,D,C,OFFGRID,NO,NO,NO,NO,NO,NO,-38.402,-73.009861
ZI028,5751,Austral,D,C,OFFGRID,NO,NO,NO,NO,NO,NO,-45.743556,-72.162778
ZE221,5752,Sur,D,C,OFFGRID,NO,NO,NO,NO,NO,NO,-39.281472,-71.435833
ZU191,5753,Centro,D,C,OFFGRID,NO,NO,NO,NO,NO,NO,-35.530278,-72.297694
ZU193,5754,Centro,D,C,OFFGRID,NO,NO,NO,NO,NO,NO,-35.087333,-70.497667
ZO050,5755,Centro,D,C,ONGRID,NO,NO,NO,NO,NO,NO,-34.168889,-70.716167
ZO107,5756,Centro,D,C,ONGRID,NO,NO,NO,NO,NO,NO,-34.235389,-71.8785
ZU159,5757,Centro,D,C,ONGRID,NO,NO,NO,NO,NO,NO,-35.659,-72.185889
ZU179,5758,Centro,C,C,ONGRID,NO,NO,NO,NO,NO,NO,-35.683056,-72.054444
ZU180,5759,Centro,D,C,ONGRID,NO,NO,NO,NO,NO,NO,-35.697583,-72.078472
ZU190,5760,Centro,D,C,ONGRID,NO,NO,NO,NO,NO,NO,-35.389611,-72.0575
ZU196,5761,Centro,D,C,ONGRID,NO,NO,NO,NO,NO,NO,-35.415611,-72.057861
ZU197,5762,Centro,D,C,ONGRID,NO,NO,NO,NO,NO,NO,-35.402139,-72.065083
ZU065,5763,Centro,D,C,ONGRID,NO,NO,NO,NO,NO,NO,-35.450722,-71.606056
ESTOH031,5764,Centro,B2,nan,ONGRID,NO,NO,NO,NO,NO,NO,-34.293218,-71.312629
ZO111,5765,Centro,D,C,ONGRID,NO,NO,NO,NO,NO,NO,-34.722833,-71.373889
ZO119,5766,Centro,D,C,ONGRID,NO,NO,NO,NO,NO,NO,-34.541203,-71.609441
ZO105,5767,Centro,D,C,ONGRID,NO,NO,NO,NO,NO,NO,-34.787583,-71.840194
ZO120,5768,Centro,D,C,ONGRID,NO,NO,NO,NO,NO,NO,-34.067028,-71.906
ZO121,5769,Centro,D,C,ONGRID,NO,NO,NO,NO,NO,NO,-34.068778,-71.924139
ZO505,5770,Centro,D,C,ONGRID,NO,NO,NO,NO,NO,NO,-33.976438,-71.738095
ZO106,5771,Centro,D,C,ONGRID,NO,NO,NO,NO,NO,NO,-34.807556,-71.866944
ZO122,5772,Centro,D,C,ONGRID,NO,NO,NO,NO,NO,NO,-34.098167,-71.856222
ZO113,5773,Centro,D,C,ONGRID,NO,NO,NO,NO,NO,NO,-33.989956,-71.872877
ZO115,5774,Centro,D,C,OFFGRID,NO,NO,NO,NO,NO,SI,-34.245222,-71.775972
ZU504,5775,Centro,D,C,OFFGRID,NO,NO,NO,NO,NO,NO,-35.816714,-70.850272
ZU145,5776,Centro,D,C,ONGRID,NO,NO,NO,NO,NO,NO,-35.013765,-71.713296
ZU147,5777,Centro,D,C,ONGRID,NO,NO,NO,NO,NO,NO,-36.100556,-72.196528
ZU148,5778,Centro,D,C,ONGRID,NO,NO,NO,NO,NO,NO,-36.124139,-72.191111
ZU178,5779,Centro,D,C,ONGRID,NO,NO,NO,NO,NO,NO,-35.250833,-71.668583
ZU511,5780,Centro,D,C,ONGRID,NO,NO,NO,NO,NO,NO,-36.029202,-72.271691
ZU169,5781,Centro,D,C,ONGRID,NO,NO,NO,NO,NO,NO,-35.33825,-71.694611
ZU181,5782,Centro,D,C,ONGRID,NO,NO,NO,NO,NO,NO,-36.231083,-71.462583
ZU182,5783,Centro,D,C,OFFGRID,NO,NO,NO,NO,NO,NO,-36.220778,-71.401972
ZU184,5784,Centro,D,C,ONGRID,NO,NO,NO,NO,NO,NO,-36.246194,-71.369556
ZU186,5785,Centro,D,C,ONGRID,NO,NO,NO,NO,NO,NO,-35.305306,-71.671694
ZU189,5786,Centro,D,C,ONGRID,NO,NO,NO,NO,NO,NO,-35.130917,-70.949806
ZU201,5787,Centro,D,C,OFFGRID,NO,NO,NO,NO,NO,NO,-35.112722,-70.993278
ZU164,5788,Centro,D,C,ONGRID,NO,NO,NO,NO,NO,NO,-35.524361,-72.274083
ZU153,5789,Centro,D,C,OFFGRID,NO,NO,NO,NO,NO,NO,-35.546742,-72.323965
ZU156,5790,Centro,D,C,OFFGRID,NO,NO,NO,NO,NO,SI,-35.818917,-70.961583
ZU170,5791,Centro,D,C,ONGRID,NO,NO,NO,NO,NO,NO,-34.98071,-72.181159
ZU173,5792,Centro,D,C,ONGRID,NO,NO,NO,NO,NO,NO,-35.763389,-71.006806
ZL544,6877,Austral,D,C,ONGRID,NO,NO,NO,NO,NO,,-43.415919,-72.366744
ESTVA050,5793,Centro,B1,nan,ONGRID,SI,SI,NO,SI,NO,NO,-33.010712,-71.54882
ZI022,5794,Austral,D,C,OFFGRID,NO,NO,NO,NO,NO,NO,-46.351253,-72.766997
ZI023,5795,Austral,D,C,OFFGRID,NO,NO,NO,NO,NO,NO,-46.126361,-72.062944
ZI025,5796,Austral,D,C,OFFGRID,NO,NO,NO,NO,NO,NO,-44.997306,-72.166806
ZI030,5797,Austral,D,C,OFFGRID,NO,NO,NO,NO,NO,NO,-46.868111,-72.863556
ZI031,5798,Austral,D,C,OFFGRID,NO,NO,NO,NO,NO,NO,-47.314722,-72.16425
ZI032,5799,Austral,D,C,OFFGRID,NO,NO,NO,NO,NO,NO,-47.006583,-72.894778
ZI035,5800,Austral,D,C,OFFGRID,NO,NO,NO,NO,NO,NO,-47.712861,-73.076444
ZL118,5801,Austral,D,C,ONGRID,NO,NO,NO,NO,NO,NO,-42.382139,-73.775361
ZL186,5802,Austral,D,C,OFFGRID,NO,NO,NO,NO,NO,NO,-40.241028,-73.699028
ZL192,5803,Austral,D,C,OFFGRID,NO,NO,NO,NO,NO,NO,-39.739397,-71.875688
ZL206,5804,Austral,D,C,ONGRID,NO,NO,NO,NO,NO,NO,-42.6,-73.3025
ZL212,5805,Austral,D,C,OFFGRID,NO,NO,NO,NO,NO,NO,-39.500944,-72.400444
ZI036,5806,Austral,D,C,OFFGRID,NO,NO,NO,NO,NO,NO,-46.882389,-72.699333
ZL238,5807,Austral,D,C,OFFGRID,NO,NO,NO,NO,NO,NO,-39.939111,-73.1885
ZL239,5808,Austral,D,C,OFFGRID,NO,NO,NO,NO,NO,NO,-39.962,-73.175861
ZL255,5809,Austral,D,C,ONGRID,NO,NO,NO,NO,NO,NO,-43.2385,-73.607583
ZL268,5810,Austral,D,C,OFFGRID,NO,NO,NO,NO,NO,NO,-39.592444,-71.929417
ZL278,5811,Austral,D,C,OFFGRID,NO,NO,NO,NO,NO,NO,-40.00545,-73.262991
ZL283,5812,Austral,D,C,OFFGRID,NO,NO,NO,NO,NO,NO,-40.894694,-73.848333
ZL284,5813,Austral,D,C,OFFGRID,NO,NO,NO,NO,NO,NO,-40.927778,-73.848417
ZL287,5814,Austral,D,C,OFFGRID,NO,NO,NO,NO,NO,NO,-43.280007,-73.687574
ZL297,5815,Austral,D,C,OFFGRID,NO,NO,NO,NO,NO,NO,-41.497944,-72.629861
ZL299,5816,Austral,D,C,OFFGRID,NO,NO,NO,NO,NO,NO,-41.51,-71.859167
ZL300,5817,Austral,D,C,OFFGRID,NO,NO,NO,NO,NO,NO,-41.453306,-71.877417
ZL308,5818,Austral,D,C,OFFGRID,NO,NO,NO,NO,NO,NO,-43.249484,-73.721412
ZL332,5819,Austral,D,C,OFFGRID,NO,NO,NO,NO,NO,NO,-39.773257,-71.765932
ZL347,5820,Austral,D,C,OFFGRID,NO,NO,NO,NO,NO,NO,-42.311806,-73.214056
ZL349,5821,Austral,D,C,OFFGRID,NO,NO,NO,NO,NO,NO,-40.437833,-73.637056
PA341,5822,Austral,D,C,OFFGRID,NO,NO,NO,NO,NO,NO,-52.039336,-71.925706
ZP040,5823,Austral,D,C,OFFGRID,NO,NO,NO,NO,NO,NO,-52.60125,-71.184806
ZP049,5824,Austral,D,C,OFFGRID,NO,NO,NO,NO,NO,NO,-53.611806,-70.978389
ZI040,5825,Austral,D,C,OFFGRID,NO,NO,NO,NO,NO,NO,-46.868194,-72.650194
ZI047,5826,Austral,D,C,OFFGRID,NO,NO,NO,NO,NO,NO,-46.448639,-72.787611
ZI050,5827,Austral,D,C,OFFGRID,NO,NO,NO,NO,NO,NO,-45.140556,-71.625361
ZL182,5828,Austral,D,C,OFFGRID,NO,NO,NO,NO,NO,NO,-43.026111,-72.804194
ZL232,5829,Austral,D,C,OFFGRID,NO,NO,NO,NO,NO,NO,-43.764278,-71.802
ZL357,5830,Austral,D,C,OFFGRID,NO,NO,NO,NO,NO,NO,-42.496667,-72.333694
ZL501,5831,Austral,D,C,OFFGRID,NO,NO,NO,NO,NO,NO,-42.719556,-72.830083
AI107,5832,Austral,C,C,OFFGRID,NO,SI,NO,NO,NO,NO,-43.895384,-73.74228
ZI024,5833,Austral,D,C,ONGRID,NO,NO,NO,NO,NO,NO,-46.218444,-71.994778
ZI027,5834,Austral,D,C,OFFGRID,NO,NO,NO,NO,NO,NO,-46.80925,-72.504167
ZI034,5835,Austral,D,C,ONGRID,NO,NO,NO,NO,NO,NO,-45.663535,-71.819855
ZL184,5836,Austral,D,C,ONGRID,NO,NO,NO,NO,NO,NO,-41.441389,-72.735667
ZL187,5837,Austral,D,C,ONGRID,NO,NO,NO,NO,NO,NO,-40.38025,-73.240972
ZL189,5838,Austral,D,C,ONGRID,NO,NO,NO,NO,NO,NO,-40.295307,-72.79756
ZL195,5839,Austral,D,C,OFFGRID,NO,NO,NO,NO,NO,NO,-40.706917,-73.77825
ZL199,5840,Austral,D,C,ONGRID,NO,NO,NO,NO,NO,NO,-39.635556,-72.186139
ZL201,5841,Austral,D,C,ONGRID,NO,NO,NO,NO,NO,NO,-40.125785,-72.192961
ZT102,6939,Norte,D,C,ONGRID,NO,NO,NO,NO,NO,,-20.216206,-70.148804
ZL204,5842,Austral,D,C,ONGRID,NO,NO,NO,NO,NO,NO,-39.528167,-73.230611
ZL207,5843,Austral,D,C,ONGRID,NO,NO,NO,NO,NO,NO,-39.67475,-72.2955
ZL216,5844,Austral,D,C,ONGRID,NO,NO,NO,NO,NO,NO,-42.017722,-73.797139
ZL218,5845,Austral,D,C,ONGRID,NO,NO,NO,NO,NO,NO,-41.985861,-73.754278
ZL221,5846,Austral,D,C,ONGRID,NO,NO,NO,NO,NO,NO,-42.965667,-73.7245
ZL222,5847,Austral,D,C,ONGRID,NO,NO,NO,NO,NO,NO,-42.989528,-73.695472
ZL226,5848,Austral,D,C,ONGRID,NO,NO,NO,NO,NO,NO,-40.315361,-73.43625
ZL227,5849,Austral,D,C,ONGRID,NO,NO,NO,NO,NO,NO,-42.88,-73.530028
ZL230,5850,Austral,D,C,ONGRID,NO,NO,NO,NO,NO,NO,-39.436389,-72.795528
ZL237,5851,Austral,D,C,ONGRID,NO,NO,NO,NO,NO,NO,-40.162477,-73.000199
ZL243,5852,Austral,D,C,ONGRID,NO,NO,NO,NO,NO,NO,-42.654861,-73.752778
ZL245,5853,Austral,D,C,ONGRID,NO,NO,NO,NO,NO,NO,-39.70875,-72.724722
ZL246,5854,Austral,D,C,ONGRID,NO,NO,NO,NO,NO,NO,-39.9647,-73.6447
ZL249,5855,Austral,D,C,ONGRID,NO,NO,NO,NO,NO,NO,-40.520389,-73.453639
ZL251,5856,Austral,C,C,ONGRID,NO,NO,NO,NO,NO,NO,-42.660557,-73.077597
ZL257,5857,Austral,D,C,ONGRID,NO,NO,NO,NO,NO,NO,-40.2245,-73.121056
ZL258,5858,Austral,D,C,OFFGRID,NO,NO,NO,NO,NO,NO,-41.022806,-73.528111
ZL260,5859,Austral,D,C,ONGRID,NO,NO,NO,NO,NO,NO,-40.989639,-72.57475
ZL262,5860,Austral,D,C,ONGRID,NO,NO,NO,NO,NO,NO,-40.644899,-72.876903
ZL269,5861,Austral,D,C,ONGRID,NO,NO,NO,NO,NO,NO,-41.273255,-73.793768
ZL271,5862,Austral,D,C,ONGRID,NO,NO,NO,NO,NO,NO,-40.941278,-73.566333
ZL272,5863,Austral,D,C,ONGRID,NO,NO,NO,NO,NO,NO,-39.801785,-72.716335
ZL273,5864,Austral,D,C,ONGRID,NO,NO,NO,NO,NO,NO,-39.777639,-72.769639
ZL275,5865,Austral,D,C,ONGRID,NO,NO,NO,NO,NO,NO,-40.34975,-73.342
ZL276,5866,Austral,D,C,ONGRID,NO,NO,NO,NO,NO,NO,-41.376111,-73.617472
ZL282,5867,Austral,D,C,ONGRID,NO,NO,NO,NO,NO,NO,-39.477957,-73.236104
ZL291,5868,Austral,D,C,ONGRID,NO,NO,NO,NO,NO,NO,-42.854,-73.487889
ZL295,5869,Austral,D,C,ONGRID,NO,NO,NO,NO,NO,NO,-42.403086,-73.532821
ZL302,5870,Austral,D,C,ONGRID,NO,NO,NO,NO,NO,NO,-39.580395,-73.263441
ZL303,5871,Austral,D,C,ONGRID,NO,NO,NO,NO,NO,NO,-39.588292,-73.244602
ZL304,5872,Austral,D,C,ONGRID,NO,NO,NO,NO,NO,NO,-41.122139,-73.679139
ZL306,5873,Austral,D,C,ONGRID,NO,NO,NO,NO,NO,NO,-39.628389,-73.281389
ZL321,5874,Austral,D,C,ONGRID,NO,NO,NO,NO,NO,NO,-40.397833,-73.428778
ZL323,5875,Austral,D,C,ONGRID,NO,NO,NO,NO,NO,NO,-40.488111,-73.289583
ZL324,5876,Austral,D,C,ONGRID,NO,NO,NO,NO,NO,NO,-39.718444,-72.772139
ZL327,5877,Austral,D,C,ONGRID,NO,NO,NO,NO,NO,NO,-39.557972,-73.223487
ZL328,5878,Austral,D,C,ONGRID,NO,NO,NO,NO,NO,NO,-39.565694,-73.242444
ZL329,5879,Austral,D,C,ONGRID,NO,NO,NO,NO,NO,NO,-39.675583,-72.762472
ZL330,5880,Austral,D,C,ONGRID,NO,NO,NO,NO,NO,NO,-39.749096,-71.819962
ZL331,5881,Austral,D,C,ONGRID,NO,NO,NO,NO,NO,NO,-39.740673,-71.770352
ZL334,5882,Austral,D,C,ONGRID,NO,NO,NO,NO,NO,NO,-42.519172,-73.620411
ZL335,5883,Austral,D,C,ONGRID,NO,NO,NO,NO,NO,NO,-42.529258,-73.654958
ZL337,5884,Austral,D,C,ONGRID,NO,NO,NO,NO,NO,NO,-40.779889,-72.802722
ZL340,5885,Austral,D,C,ONGRID,NO,NO,NO,NO,NO,NO,-41.325815,-73.557605
ZL342,5886,Austral,D,C,ONGRID,NO,NO,NO,NO,NO,NO,-40.323496,-73.238486
ZL346,5887,Austral,D,C,ONGRID,NO,NO,NO,NO,NO,NO,-40.62939,-73.00944
ZL350,5888,Austral,D,C,ONGRID,NO,NO,NO,NO,NO,NO,-40.397589,-72.712752
ZV749,7000,Centro,D,C,ONGRID,NO,NO,NO,NO,NO,,-33.39365,-71.688195
ZV751,7001,Centro,D,C,ONGRID,NO,NO,NO,NO,NO,,-33.391417,-71.676583
ZL351,5889,Austral,D,C,ONGRID,NO,NO,NO,NO,NO,NO,-40.173346,-73.108195
ZL353,5890,Austral,D,C,ONGRID,NO,NO,NO,NO,NO,NO,-40.635394,-73.217071
ZI039,5891,Austral,D,C,OFFGRID,NO,NO,NO,NO,NO,NO,-47.594694,-72.886
ZL358,5892,Austral,D,C,ONGRID,NO,NO,NO,NO,NO,NO,-43.115222,-73.69975
ZL374,5893,Austral,D,C,ONGRID,NO,NO,NO,NO,NO,NO,-41.548531,-73.05197
ZI041,5894,Austral,D,C,ONGRID,NO,NO,NO,NO,NO,NO,-46.667333,-72.388917
ZI042,5895,Austral,D,C,ONGRID,NO,NO,NO,NO,NO,NO,-46.629861,-72.359028
ZV797,7013,Centro,D,C,ONGRID,NO,NO,NO,NO,NO,,-33.460549,-71.65257
ZI043,5896,Austral,D,C,ONGRID,NO,NO,NO,NO,NO,NO,-46.691556,-72.425528
ZI045,5897,Austral,D,C,ONGRID,NO,NO,NO,NO,NO,NO,-46.580667,-72.321694
ZI046,5898,Austral,D,C,ONGRID,NO,NO,NO,NO,NO,NO,-46.449556,-72.729167
ZI048,5899,Austral,D,C,ONGRID,NO,NO,NO,NO,NO,NO,-44.174183,-72.089283
ZI049,5900,Austral,D,C,OFFGRID,NO,NO,NO,NO,NO,NO,-46.7175,-72.886417
ZZ998,7021,Metropolitano,D,C,ONGRID,NO,NO,NO,NO,NO,,-27.123651,-109.416791
ZI053,5901,Austral,D,C,ONGRID,NO,NO,NO,NO,NO,NO,-44.163139,-72.135611
ZI503,5902,Austral,D,C,ONGRID,NO,NO,NO,NO,NO,NO,-44.899412,-73.296104
ZL318,5903,Austral,D,C,ONGRID,NO,NO,NO,NO,NO,NO,-42.226389,-72.686028
ZL333,5904,Austral,D,C,ONGRID,NO,NO,NO,NO,NO,NO,-42.356806,-72.764417
RP42,5905,Austral,C,nan,OFFGRID,NO,NO,NO,NO,NO,NO,-52.619129,-70.828034
AM422,5906,Metropolitano,D,C,ONGRID,NO,NO,NO,NO,NO,NO,-33.841844,-71.277448
ZB553,5907,Sur,D,C,ONGRID,NO,NO,NO,NO,NO,NO,-38.455417,-73.480694
ZB339,5908,Sur,D,C,ONGRID,NO,NO,NO,NO,NO,NO,-37.279222,-73.434722
ZB344,5909,Sur,D,C,ONGRID,NO,NO,NO,NO,NO,NO,-37.281944,-73.313139
ZB350,5910,Sur,D,C,ONGRID,NO,NO,NO,NO,NO,NO,-37.486639,-73.153917
ZB351,5911,Sur,D,C,OFFGRID,NO,NO,NO,NO,NO,NO,-37.586,-73.5027
ZB354,5912,Sur,D,C,ONGRID,NO,NO,NO,NO,NO,NO,-37.324139,-73.479528
ZB402,5913,Sur,D,C,ONGRID,NO,NO,NO,NO,NO,NO,-37.469778,-73.581667
ZB338,5914,Sur,D,C,ONGRID,NO,NO,NO,NO,NO,NO,-37.3508,-71.6773
ZB380,5915,Sur,D,C,ONGRID,NO,NO,NO,NO,NO,NO,-37.273528,-72.423833
ZB403,5916,Sur,D,C,ONGRID,NO,NO,NO,NO,NO,NO,-37.734167,-71.937917
ZB417,5917,Sur,D,C,ONGRID,NO,NO,NO,NO,NO,NO,-37.586139,-71.919944
ZB418,5918,Sur,D,C,ONGRID,NO,NO,NO,NO,NO,NO,-37.558,-71.906944
ZB352,5919,Sur,D,C,ONGRID,NO,SI,NO,NO,NO,NO,-37.281361,-72.775694
ZB359,5920,Sur,D,C,ONGRID,NO,NO,NO,NO,NO,NO,-37.235583,-72.77
ZB373,5921,Sur,D,C,ONGRID,NO,NO,NO,NO,NO,NO,-37.428167,-72.987889
ZB378,5922,Sur,D,C,ONGRID,NO,NO,NO,NO,NO,NO,-37.322083,-73.051944
ZB379,5923,Sur,D,C,ONGRID,NO,NO,NO,NO,NO,NO,-37.342917,-73.05025
ZB355,5924,Sur,D,C,ONGRID,NO,NO,NO,NO,NO,NO,-36.970556,-72.753333
ZB356,5925,Sur,D,C,ONGRID,NO,NO,NO,NO,NO,NO,-36.998417,-72.777111
ZB357,5926,Sur,D,C,ONGRID,NO,NO,NO,NO,NO,NO,-37.009583,-72.736889
ZB397,5927,Sur,C,C,ONGRID,NO,NO,NO,NO,NO,NO,-36.461613,-72.888353
ZB388,5928,Sur,D,C,ONGRID,NO,NO,NO,NO,NO,NO,-36.304306,-71.892806
ZB364,5929,Sur,D,C,ONGRID,NO,NO,NO,NO,NO,NO,-36.109889,-72.666611
ZB377,5930,Sur,C,C,ONGRID,NO,NO,NO,NO,NO,NO,-36.112,-72.726806
ZB385,5931,Sur,D,C,ONGRID,NO,NO,NO,NO,NO,NO,-36.440972,-72.679806
ZB391,5932,Sur,D,C,ONGRID,NO,NO,NO,NO,NO,NO,-36.479278,-72.666222
ZB411,5933,Sur,B2,C,ONGRID,NO,NO,NO,NO,NO,NO,-36.497949,-72.606021
ZB360,5934,Sur,D,C,ONGRID,NO,NO,NO,NO,NO,NO,-38.044889,-71.279694
ZB361,5935,Sur,D,C,ONGRID,NO,NO,NO,NO,NO,NO,-37.406722,-72.931222
ZB362,5936,Sur,D,C,ONGRID,NO,NO,NO,NO,NO,NO,-37.38425,-72.932861
ZB367,5937,Sur,D,C,ONGRID,NO,NO,NO,NO,NO,NO,-36.844111,-71.734583
ZB368,5938,Sur,D,C,ONGRID,NO,NO,NO,NO,NO,NO,-36.877944,-71.717111
ZB371,5939,Sur,D,C,ONGRID,NO,NO,NO,NO,NO,NO,-36.090403,-72.606236
ZB376,5940,Sur,D,C,ONGRID,NO,NO,NO,NO,NO,NO,-36.080906,-72.745698
ZB387,5941,Sur,D,C,ONGRID,NO,NO,NO,NO,NO,NO,-37.705917,-73.641806
PP008,8256,Metropolitano,D,nan,ONGRID,NO,NO,NO,NO,NO,,-33.573129,-70.583871
ZB400,5942,Sur,D,C,ONGRID,NO,NO,NO,NO,NO,NO,-36.055599,-72.774936
ZB404,5943,Sur,D,C,ONGRID,NO,NO,NO,NO,NO,NO,-36.413534,-72.588726
ZB412,5944,Sur,D,C,ONGRID,NO,NO,NO,NO,NO,NO,-36.235139,-72.809222
ZB340,5945,Sur,D,C,ONGRID,NO,NO,NO,NO,NO,NO,-37.832361,-73.223221
ZB389,5946,Sur,D,C,ONGRID,NO,NO,NO,NO,NO,NO,-37.223872,-73.027493
ZB342,5947,Sur,D,C,ONGRID,NO,NO,NO,NO,NO,NO,-37.4038,-73.0876
ZB345,5948,Sur,D,C,ONGRID,NO,NO,NO,NO,NO,NO,-37.952306,-73.269667
ZB399,5949,Sur,D,C,ONGRID,NO,NO,NO,NO,NO,NO,-36.993063,-73.534602
ZB348,5950,Sur,D,C,ONGRID,NO,NO,NO,NO,NO,NO,-36.296611,-72.778944
ZB552,5951,Sur,D,C,ONGRID,NO,NO,NO,NO,NO,NO,-38.422611,-73.345306
ZE177,5952,Sur,D,C,ONGRID,NO,NO,NO,NO,NO,NO,-38.525083,-73.475361
ZE178,5953,Sur,D,C,ONGRID,NO,NO,NO,NO,NO,NO,-38.551667,-73.463056
ZE190,5954,Sur,D,C,ONGRID,NO,NO,NO,NO,NO,NO,-38.591194,-73.048694
ZE196,5955,Sur,D,C,ONGRID,NO,NO,NO,NO,NO,NO,-38.586972,-73.221917
ZE201,5956,Sur,D,C,ONGRID,NO,NO,NO,NO,NO,NO,-39.1742,-72.7639
ZE202,5957,Sur,C,C,ONGRID,NO,NO,NO,NO,NO,NO,-39.12925,-72.706139
ZE254,5958,Sur,D,C,ONGRID,NO,NO,NO,NO,NO,NO,-38.760487,-73.047627
ZE220,5959,Sur,D,C,ONGRID,NO,NO,NO,NO,NO,NO,-38.45927,-73.0118
ZE237,5960,Sur,D,C,ONGRID,NO,NO,NO,NO,NO,NO,-38.532917,-71.270083
ZE238,5961,Sur,D,C,ONGRID,NO,NO,NO,NO,NO,NO,-38.548694,-71.254472
ZE258,5962,Sur,D,C,ONGRID,NO,NO,NO,NO,NO,NO,-38.118194,-72.899972
ZE263,5963,Sur,C,C,ONGRID,NO,NO,NO,NO,NO,NO,-38.2005,-72.757111
ZE509,5964,Sur,D,C,ONGRID,NO,NO,NO,NO,NO,NO,-38.05391,-72.920392
ZE249,5965,Sur,D,C,ONGRID,NO,NO,NO,NO,NO,NO,-38.339806,-72.557444
ZE529,5967,Sur,D,C,ONGRID,NO,NO,NO,NO,NO,NO,-38.105556,-73.003028
ZE199,5968,Sur,D,C,ONGRID,NO,NO,NO,NO,NO,NO,-38.28125,-72.473444
ZE203,5969,Sur,C,C,OFFGRID,NO,NO,NO,NO,NO,NO,-38.595703,-71.177949
ZE214,5970,Sur,D,C,ONGRID,NO,NO,NO,NO,NO,NO,-38.293306,-72.514694
ZE226,5971,Sur,D,C,ONGRID,NO,NO,NO,NO,NO,NO,-38.782889,-72.178542
ZE260,5972,Sur,D,C,ONGRID,NO,NO,NO,NO,NO,NO,-37.994639,-72.901472
ZE267,5973,Sur,D,C,ONGRID,NO,NO,NO,NO,NO,NO,-39.142639,-73.074333
ZE186,5975,Sur,D,C,ONGRID,NO,NO,NO,NO,NO,NO,-38.879472,-71.644194
ZE216,5976,Sur,D,C,ONGRID,NO,NO,NO,NO,NO,NO,-38.840556,-71.464778
ZE225,5977,Sur,D,C,ONGRID,NO,NO,NO,NO,NO,NO,-39.208695,-72.450839
ZE218,5978,Sur,D,C,OFFGRID,NO,NO,NO,NO,NO,NO,-38.368278,-72.887889
ZE222,5979,Sur,D,C,ONGRID,NO,NO,NO,NO,NO,NO,-38.1753,-72.1109
ZE223,5980,Sur,D,C,ONGRID,NO,NO,NO,NO,NO,NO,-38.140333,-72.144778
ZE239,5981,Sur,D,C,ONGRID,NO,NO,NO,NO,NO,NO,-38.600583,-71.083083
ZE265,5982,Sur,D,C,OFFGRID,NO,SI,NO,NO,NO,NO,-38.0338,-72.7833
ZE266,5983,Sur,D,C,ONGRID,NO,NO,NO,NO,NO,NO,-38.069444,-72.689583
ZL313,5984,Sur,D,C,ONGRID,NO,NO,NO,NO,NO,NO,-39.405222,-73.196028
ZL109,5985,Austral,C,C,ONGRID,NO,NO,NO,NO,NO,NO,-42.479855,-73.7625072
ZL157,5986,Austral,D,C,ONGRID,NO,NO,NO,NO,NO,NO,-42.48094,-73.7620802
ZL376,5987,Austral,D,C,ONGRID,NO,NO,NO,NO,NO,NO,-42.376175,-73.761287
ZI015,5988,Austral,C,C,ONGRID,NO,NO,NO,NO,NO,NO,-45.5686025,-72.0737582
ZI008,5989,Austral,D,C,ONGRID,NO,NO,NO,NO,NO,NO,-45.40638,-72.6984602
AM418,5990,Metropolitano,D,C,OFFGRID,NO,NO,NO,NO,NO,NO,-33.806611,-70.203944
ZS154,5991,Norte,D,C,OFFGRID,NO,NO,NO,NO,NO,SI,-31.462278,-71.163722
ZS187,5992,Norte,D,C,OFFGRID,NO,NO,NO,NO,NO,SI,-29.606694,-71.214083
AM010,5993,Metropolitano,D,C,ONGRID,NO,NO,NO,NO,NO,NO,-33.5921691,-70.7022274
AM035,5994,Metropolitano,D,C,ONGRID,NO,NO,NO,NO,NO,NO,-33.4863438,-70.5778337
AM041,5995,Metropolitano,D,C,ONGRID,NO,NO,NO,NO,NO,NO,-33.4634393,-70.5753929
AM049,5996,Metropolitano,C,C,ONGRID,NO,NO,NO,NO,NO,NO,-33.41882,-70.604769
AM132,5997,Metropolitano,C,C,ONGRID,NO,NO,NO,NO,NO,NO,-33.695572,-71.214601
AM133,5998,Metropolitano,C,C,ONGRID,NO,NO,NO,NO,NO,NO,-33.4152773,-70.6967341
AM151,5999,Metropolitano,D,C,ONGRID,NO,NO,NO,NO,NO,NO,-33.418507,-70.6021369
AM152,6000,Metropolitano,D,C,ONGRID,NO,NO,NO,NO,NO,NO,-33.4153,-70.5895
AM158,6001,Metropolitano,D,C,ONGRID,NO,NO,NO,NO,NO,NO,-33.398544,-70.598471
LA804,6002,Austral,D,C,ONGRID,NO,NO,NO,NO,NO,NO,-40.6552,-72.1468
ZV148,6003,Centro,D,C,ONGRID,NO,NO,NO,NO,NO,NO,-33.034833,-71.403444
RS539,6004,Metropolitano,D,C,ONGRID,NO,NO,NO,NO,NO,NO,-33.554306,-70.602889
ZB136,6005,Sur,D,C,ONGRID,NO,NO,NO,NO,NO,NO,-36.761358,-73.098608
ZM619,6006,Metropolitano,D,C,ONGRID,NO,NO,NO,NO,NO,NO,-33.548639,-70.665611
ZM791,6007,Metropolitano,D,C,ONGRID,NO,NO,NO,NO,NO,NO,-33.803306,-70.7065
ZU040,6008,Centro,D,C,ONGRID,NO,NO,NO,NO,NO,NO,-34.974583,-71.244917
ZU067,6009,Centro,D,C,ONGRID,NO,NO,NO,NO,NO,NO,-35.420889,-71.619108
ZS167,6011,Norte,D,C,ONGRID,NO,NO,NO,NO,NO,NO,-31.575758,-70.901731
ZS149,6012,Norte,D,C,ONGRID,NO,NO,NO,NO,NO,NO,-30.945361,-71.638333
ZS184,6013,Norte,D,C,ONGRID,NO,NO,NO,NO,NO,NO,-30.318583,-71.574167
ZS142,6014,Norte,D,C,ONGRID,NO,NO,NO,NO,NO,NO,-31.511917,-71.383333
ZS144,6015,Norte,C,C,ONGRID,NO,NO,NO,NO,NO,NO,-30.812389,-71.533556
ZS191,6016,Norte,D,C,ONGRID,NO,NO,NO,NO,NO,NO,-31.803472,-71.166722
ZS145,6017,Norte,D,C,ONGRID,NO,NO,NO,NO,NO,NO,-30.823028,-71.495306
ZS171,6018,Norte,D,C,ONGRID,NO,NO,NO,NO,NO,NO,-30.8476,-71.4434
ZS179,6019,Norte,D,C,ONGRID,NO,NO,NO,NO,NO,NO,-30.371944,-70.928
ZS176,6020,Norte,D,C,ONGRID,NO,NO,NO,NO,NO,NO,-32.115444,-71.306722
ZS188,6021,Norte,C,C,ONGRID,NO,NO,NO,NO,NO,NO,-30.814028,-71.093
ZV374,6022,Centro,D,C,ONGRID,NO,NO,NO,NO,NO,NO,-33.7728333,-71.4231667
ZV372,6023,Centro,D,C,ONGRID,NO,NO,NO,NO,NO,NO,-33.7507222,-71.3737222
ZS155,6024,Norte,D,C,ONGRID,NO,NO,NO,NO,NO,NO,-32.062861,-71.215333
ZS189,6025,Norte,D,C,ONGRID,NO,NO,NO,NO,NO,NO,-32.088333,-71.251417
ZS170,6026,Norte,D,C,ONGRID,NO,NO,NO,NO,NO,NO,-30.8682,-71.472
ZS183,6027,Norte,D,C,ONGRID,NO,NO,NO,NO,NO,NO,-31.297278,-71.490417
ZS168,6028,Norte,D,C,ONGRID,NO,NO,NO,NO,NO,NO,-30.8675,-71.363611
ZS143,6029,Norte,D,C,ONGRID,NO,NO,NO,NO,NO,NO,-30.922389,-71.369361
ZB401,6030,Sur,D,C,ONGRID,NO,NO,NO,NO,NO,NO,-36.425667,-72.647944
ZE208,6031,Sur,D,C,ONGRID,NO,NO,NO,NO,NO,NO,-39.41456,-72.41846
ZL293,6032,Austral,D,C,ONGRID,NO,NO,NO,NO,NO,NO,-39.90417,-73.490442
ZL289,6033,Austral,D,C,ONGRID,NO,NO,NO,NO,NO,NO,-42.80375,-73.766028
ZU198,6034,Centro,D,C,ONGRID,NO,NO,NO,NO,NO,NO,-35.869958,-71.880945
AS708,178924,Metropolitano,D,nan,ONGRID,NO,NO,NO,NO,NO,,-33.392594,-70.613531
ZU158,6035,Centro,D,C,ONGRID,NO,NO,NO,NO,NO,NO,-35.477306,-71.952111
ZT091,6036,Norte,D,C,ONGRID,NO,NO,NO,NO,NO,NO,-19.369155,-69.540879
ZE193,6037,Sur,D,C,ONGRID,NO,NO,NO,NO,NO,NO,-38.7545,-71.235889
ZC084,6038,Norte,D,C,ONGRID,NO,NO,NO,NO,NO,NO,-28.979278,-70.204722
ZC087,6039,Norte,D,C,ONGRID,NO,NO,NO,NO,NO,NO,-28.958083,-70.252889
ZC089,6040,Norte,D,C,ONGRID,NO,NO,NO,NO,NO,NO,-29.079722,-70.4845
ZE228,6041,Sur,D,C,ONGRID,NO,NO,NO,NO,NO,NO,-39.275778,-72.805139
ZC085,6042,Norte,D,C,ONGRID,NO,NO,NO,NO,NO,NO,-28.990472,-70.464806
ZT070,6043,Norte,D,C,ONGRID,NO,NO,NO,NO,NO,NO,-20.6605,-70.179528
ZS177,6044,Norte,D,C,ONGRID,NO,NO,NO,NO,NO,NO,-30.742556,-70.615444
ZO110,6045,Centro,D,C,ONGRID,NO,NO,NO,NO,NO,NO,-34.546861,-71.973694
ZE206,6046,Sur,D,C,ONGRID,NO,NO,NO,NO,NO,NO,-39.365448,-71.550995
ZB577,6047,Sur,D,C,ONGRID,NO,NO,NO,NO,NO,NO,-36.453861,-72.883083
ZO108,6048,Centro,D,C,ONGRID,NO,NO,NO,NO,NO,NO,-34.707667,-71.998194
ZU188,6049,Centro,D,C,ONGRID,NO,NO,NO,NO,NO,NO,-35.387889,-71.135944
ZS151,6050,Norte,D,C,ONGRID,NO,NO,NO,NO,NO,NO,-30.155556,-70.396278
ZU200,6051,Centro,D,C,ONGRID,NO,NO,NO,NO,NO,NO,-35.135444,-71.047722
ZE273,6052,Sur,D,C,ONGRID,NO,NO,NO,NO,NO,NO,-39.185722,-73.044278
ZU194,6053,Centro,D,C,ONGRID,NO,NO,NO,NO,NO,NO,-35.850722,-71.264083
ESTVA055,6054,Centro,B2,nan,ONGRID,NO,NO,NO,NO,NO,NO,-32.282138,-71.016657
BI160,6055,Sur,D,C,ONGRID,NO,NO,NO,NO,NO,NO,-36.714722,-73.113333
ZE245,6056,Sur,D,C,OFFGRID,NO,NO,NO,NO,NO,NO,-38.610222,-71.372361
ZE246,6057,Sur,D,C,OFFGRID,NO,NO,NO,NO,NO,NO,-38.675889,-71.387889
ESTVA041-1,6058,Centro,B1,nan,ONGRID,SI,SI,NO,SI,NO,NO,-33.023759,-71.554148
RPLO03,6059,Centro,C,nan,ONGRID,NO,NO,NO,NO,NO,NO,-34.8144444,-71.0119444
ZT033,6060,Norte,D,C,ONGRID,NO,NO,NO,NO,NO,NO,-18.510861,-70.275833
ZT082,6061,Norte,D,C,OFFGRID,NO,NO,NO,NO,NO,SI,-18.950861,-69.510833
ZT071,6062,Norte,D,C,OFFGRID,NO,NO,NO,NO,NO,SI,-19.121833,-69.5585
ZT076,6063,Norte,D,C,OFFGRID,NO,NO,NO,NO,NO,SI,-19.705917,-69.211
ZT081,6064,Norte,D,C,OFFGRID,NO,NO,NO,NO,NO,SI,-19.791583,-69.2295
ZT083,6065,Norte,C,C,OFFGRID,NO,NO,NO,NO,NO,SI,-19.873917,-69.376417
ZT002,6066,Norte,D,C,ONGRID,NO,NO,NO,NO,NO,NO,-20.248306,-70.134083
ZT093,6067,Norte,D,C,OFFGRID,NO,NO,NO,NO,NO,SI,-19.470389,-69.343278
ZA156,6068,Norte,D,C,ONGRID,NO,NO,NO,NO,NO,NO,-22.295807,-68.901909
ZA161,6069,Norte,D,C,OFFGRID,NO,NO,NO,NO,NO,NO,-21.955444,-68.27595
ESTAN061,6070,Norte,C,nan,OFFGRID,NO,NO,NO,NO,NO,NO,-21.656854,-69.534195
ZA112,6071,Norte,D,C,OFFGRID,NO,NO,NO,NO,NO,SI,-22.026417,-68.066694
ZA117,6072,Norte,C,C,OFFGRID,NO,NO,NO,NO,NO,SI,-21.834333,-68.510861
ZA118,6073,Norte,D,C,OFFGRID,NO,NO,NO,NO,NO,SI,-21.716389,-68.297
ZA125,6074,Norte,D,C,OFFGRID,NO,NO,NO,NO,NO,SI,-22.843111,-68.324722
ZA126,6075,Norte,D,C,OFFGRID,NO,NO,NO,NO,NO,SI,-22.651056,-68.575556
ESTAT046,6076,Norte,B2,nan,ONGRID,NO,NO,NO,NO,NO,NO,-26.345005,-70.624193
ESTAT047,6077,Norte,C,nan,ONGRID,NO,NO,NO,NO,NO,NO,-27.467171,-70.26522
ZC082,6078,Norte,D,C,ONGRID,NO,NO,NO,NO,NO,NO,-28.896111,-70.054639
ZC092,6079,Norte,D,C,OFFGRID,NO,NO,NO,NO,NO,SI,-28.393611,-71.151417
ZS175,6080,Norte,D,C,ONGRID,NO,NO,NO,NO,NO,NO,-32.169583,-71.358583
ZS185,6081,Norte,D,C,OFFGRID,NO,NO,NO,NO,NO,SI,-31.421579,-71.556461
ZV360,6082,Centro,D,C,ONGRID,NO,NO,NO,NO,NO,NO,-33.103888,-71.547222
ZU162,6083,Centro,D,C,ONGRID,NO,NO,NO,NO,NO,NO,-34.873389,-71.859167
ZB067,6084,Sur,D,C,ONGRID,NO,NO,NO,NO,NO,NO,-37.465027,-73.361694
CC356,6085,Sur,D,C,ONGRID,NO,NO,NO,NO,NO,NO,-36.968333,-72.939444
ZE522,6086,Sur,D,C,ONGRID,NO,NO,NO,NO,NO,NO,-39.39185,-71.960039
ZE281,6087,Sur,D,C,ONGRID,NO,NO,NO,NO,NO,NO,-37.895361,-72.239278
AS646,1225267,Metropolitano,D,nan,ONGRID,NO,NO,NO,NO,NO,,-33.36561,-70.67852
ZE095,6088,Sur,D,C,ONGRID,NO,NO,NO,NO,NO,NO,-38.693611,-72.657222
ZE137,6089,Sur,D,C,ONGRID,NO,NO,NO,NO,NO,NO,-37.802861,-72.663836
ZL385,6090,Austral,D,C,ONGRID,NO,NO,NO,NO,NO,NO,-40.773778,-72.408111
ESTAT048,6091,Norte,D,nan,ONGRID,NO,NO,NO,NO,NO,NO,-28.4664,-71.2192
ESTAT049,6092,Norte,C,nan,ONGRID,NO,NO,NO,NO,NO,NO,-28.60744,-70.446845
ESTCQ035,6093,Norte,B1,nan,ONGRID,NO,NO,NO,SI,NO,NO,-31.777133,-70.963348
RPA4,6094,Centro,D,nan,ONGRID,NO,NO,NO,NO,NO,NO,-33.178333,-70.263056
ZU176,6095,Centro,D,C,OFFGRID,NO,NO,NO,NO,NO,NO,-36.157806,-71.270194
ZL210,6096,Austral,B2,C,OFFGRID,NO,NO,NO,NO,NO,NO,-42.075556,-72.451722
ZC093,6097,Norte,D,C,OFFGRID,NO,NO,NO,NO,NO,SI,-28.545417,-70.918361
ZL261,6098,Austral,D,C,OFFGRID,NO,NO,NO,NO,NO,NO,-41.644972,-72.171167
ZS193,6099,Norte,D,C,OFFGRID,NO,NO,NO,NO,NO,SI,-29.506778,-71.316083
ZU163,6100,Centro,D,C,OFFGRID,NO,NO,NO,NO,NO,SI,-35.859083,-71.051472
ZT080,6101,Norte,D,C,OFFGRID,NO,NO,NO,NO,NO,SI,-19.746425,-69.399914
ZT094,6102,Norte,D,C,OFFGRID,NO,NO,NO,NO,NO,SI,-19.263028,-69.796583
ZA124,6103,Norte,D,C,OFFGRID,NO,NO,NO,NO,NO,SI,-22.56325,-68.766083
ZA123,6104,Norte,D,C,OFFGRID,NO,NO,NO,NO,NO,SI,-21.417472,-68.343667
ZC095,6105,Norte,D,C,OFFGRID,NO,NO,NO,NO,NO,SI,-26.965139,-69.593056
ZC090,6106,Norte,D,C,OFFGRID,NO,NO,NO,NO,NO,SI,-26.683778,-69.66875
ZC079,6107,Norte,D,C,OFFGRID,NO,NO,NO,NO,NO,SI,-28.280028,-71.13575
ZC081,6108,Norte,D,C,OFFGRID,NO,NO,NO,NO,NO,SI,-27.562028,-70.016361
ZC091,6109,Norte,D,C,OFFGRID,NO,NO,NO,NO,NO,SI,-27.719694,-69.991389
ZC097,6110,Norte,D,C,OFFGRID,NO,NO,NO,NO,NO,SI,-28.539833,-70.479167
ZS180,6111,Norte,D,C,OFFGRID,NO,NO,NO,NO,NO,SI,-30.622306,-70.829528
ZI038,6112,Austral,D,C,OFFGRID,NO,NO,NO,NO,NO,NO,-46.530889,-71.983861
ZS146,6113,Norte,D,C,OFFGRID,NO,NO,NO,NO,NO,SI,-31.201139,-71.504611
ZS157,6114,Norte,D,C,OFFGRID,NO,NO,NO,NO,NO,SI,-31.203528,-71.299167
ZS181,6115,Norte,D,C,OFFGRID,NO,NO,NO,NO,NO,SI,-31.198958,-71.257256
ZS159,6116,Norte,D,C,OFFGRID,NO,NO,NO,NO,NO,SI,-31.257222,-71.4
ZS156,6117,Norte,D,C,OFFGRID,NO,NO,NO,NO,NO,SI,-30.782611,-71.163639
ZS172,6118,Norte,D,C,OFFGRID,NO,NO,NO,NO,NO,SI,-30.342861,-71.149389
ZS166,6119,Norte,D,C,OFFGRID,NO,NO,NO,NO,NO,SI,-30.277194,-71.1335
ZS164,6120,Norte,D,C,OFFGRID,NO,NO,NO,NO,NO,SI,-31.281778,-71.42125
ZS169,6121,Norte,D,C,OFFGRID,NO,NO,NO,NO,NO,SI,-31.353806,-71.037972
ZT086,6122,Norte,D,C,OFFGRID,NO,NO,NO,NO,NO,SI,-19.803278,-68.830944
ZT090,6123,Norte,D,C,OFFGRID,NO,NO,NO,NO,NO,SI,-19.379667,-68.939167
ZC098,6124,Norte,D,C,OFFGRID,NO,NO,NO,NO,NO,SI,-27.896,-70.945083
ZC099,6125,Norte,D,C,OFFGRID,NO,NO,NO,NO,NO,SI,-27.897167,-70.918194
ZS196,6126,Norte,D,C,OFFGRID,NO,NO,NO,NO,NO,SI,-29.807694,-70.782667
ZS182,6127,Norte,D,C,ONGRID,NO,NO,NO,NO,NO,NO,-31.876417,-71.161222
ZO116,6128,Centro,D,C,OFFGRID,NO,NO,NO,NO,NO,SI,-34.210528,-71.144917
ZU171,6129,Centro,D,C,ONGRID,NO,NO,NO,NO,NO,NO,-35.4235,-71.140139
ZE188,6130,Sur,D,C,OFFGRID,NO,NO,NO,NO,NO,NO,-37.652139,-72.777389
ZU187,6131,Centro,C,C,OFFGRID,NO,NO,NO,NO,NO,SI,-36.160972,-71.39
ZU154,6132,Centro,D,C,OFFGRID,NO,NO,NO,NO,NO,NO,-35.969889,-71.354389
ZS165,6134,Norte,D,C,OFFGRID,NO,NO,NO,NO,NO,NO,-29.976694,-70.094556
ZU155,6135,Centro,D,C,OFFGRID,NO,NO,NO,NO,NO,SI,-35.990861,-71.2975
ZE183,6136,Sur,D,C,OFFGRID,NO,NO,NO,NO,NO,NO,-39.054944,-71.692861
ZV376,6137,Centro,D,C,ONGRID,NO,NO,NO,NO,NO,NO,-33.6411111,-71.5353333
ZB392,6138,Sur,D,C,OFFGRID,NO,NO,NO,NO,NO,NO,-38.058528,-71.685111
ZU192,6139,Centro,D,C,ONGRID,NO,NO,NO,NO,NO,NO,-36.0645,-72.48833
ZL265,6140,Austral,D,C,OFFGRID,NO,NO,NO,NO,NO,NO,-41.935306,-71.919694
ZU152,6141,Centro,D,C,ONGRID,NO,NO,NO,NO,NO,NO,-35.718028,-71.309694
AM421,6142,Metropolitano,D,C,OFFGRID,NO,NO,NO,NO,NO,SI,-33.9935,-71.0825
ZS147,6143,Norte,D,C,OFFGRID,NO,NO,NO,NO,NO,SI,-30.728639,-71.087417
ZU172,6144,Centro,D,C,ONGRID,NO,NO,NO,NO,NO,NO,-35.436361,-71.12125
ZU151,6145,Centro,D,C,OFFGRID,NO,NO,NO,NO,NO,SI,-35.107675,-71.063858
ZS163,6146,Norte,D,C,OFFGRID,NO,NO,NO,NO,NO,SI,-32.044389,-71.309917
ZU157,6147,Centro,C,C,OFFGRID,NO,NO,NO,NO,NO,SI,-35.805056,-70.895611
ZU167,6148,Centro,D,C,OFFGRID,NO,NO,NO,NO,NO,SI,-35.826861,-70.818833
ZE253,6149,Sur,C,C,OFFGRID,NO,NO,NO,NO,NO,NO,-38.670028,-71.209083
ZL386,6150,Austral,D,C,ONGRID,NO,NO,NO,NO,NO,NO,-40.780861,-72.393833
ZL211,6151,Austral,C,C,OFFGRID,NO,NO,NO,NO,NO,NO,-42.119722,-72.466417
ZU168,6153,Centro,D,C,OFFGRID,NO,NO,NO,NO,NO,SI,-35.814,-70.761972
ZE264,6154,Sur,D,C,OFFGRID,NO,NO,NO,NO,NO,NO,-39.426389,-71.625833
ZT079,6155,Norte,D,C,OFFGRID,NO,NO,NO,NO,NO,NO,-19.516583,-68.894889
ZU177,6156,Centro,D,C,OFFGRID,NO,NO,NO,NO,NO,SI,-36.13925,-71.238194
ZE187,6157,Sur,D,C,OFFGRID,NO,NO,NO,NO,NO,NO,-37.615972,-72.838278
ZS173,6158,Norte,D,C,OFFGRID,NO,NO,NO,NO,NO,SI,-30.753389,-70.648278
ZS178,6159,Norte,D,C,OFFGRID,NO,NO,NO,NO,NO,SI,-30.747667,-70.592944
ZB416,6160,Sur,D,C,ONGRID,NO,NO,NO,NO,NO,NO,-36.127556,-72.782194
ZL316,6161,Austral,D,C,OFFGRID,NO,NO,NO,NO,NO,NO,-40.182833,-72.042917
ZS153,6162,Norte,D,C,OFFGRID,NO,NO,NO,NO,NO,SI,-31.460889,-71.125611
ZE209,6163,Sur,D,C,ONGRID,NO,NO,NO,NO,NO,NO,-39.314194,-71.577222
ZS150,6164,Norte,D,C,OFFGRID,NO,NO,NO,NO,NO,SI,-30.752389,-71.695333
ZU174,6165,Centro,D,C,ONGRID,NO,NO,NO,NO,NO,NO,-35.413222,-71.060833
ZT089,6166,Norte,D,C,OFFGRID,NO,NO,NO,NO,NO,NO,-18.874633,-69.1946
ZL263,6167,Austral,D,C,OFFGRID,NO,NO,NO,NO,NO,NO,-43.250889,-71.895861
AM416,6168,Metropolitano,D,C,ONGRID,NO,NO,NO,NO,NO,NO,-33.501139,-70.196833
ZL236,6169,Austral,D,C,OFFGRID,NO,NO,NO,NO,NO,NO,-39.922861,-72.152833
ZT072,6170,Norte,D,C,OFFGRID,NO,NO,NO,NO,NO,NO,-18.399361,-69.522833
ZP048,6171,Austral,D,C,OFFGRID,NO,NO,NO,NO,NO,NO,-51.228667,-72.951944
ZU166,6172,Centro,D,C,OFFGRID,NO,NO,NO,NO,NO,NO,-35.175139,-71.076722
ZU202,6173,Centro,B2,C,OFFGRID,NO,NO,NO,NO,NO,NO,-35.932028,-71.324194
ZE230,6174,Sur,D,C,OFFGRID,NO,NO,NO,NO,NO,NO,-38.136306,-71.805194
ZL356,6175,Austral,D,C,OFFGRID,NO,NO,NO,NO,NO,NO,-41.782,-71.882417
ZE251,6176,Sur,C,C,ONGRID,NO,NO,NO,NO,NO,NO,-39.316833,-71.45525
ZU175,6177,Centro,D,C,OFFGRID,NO,NO,NO,NO,NO,SI,-36.291361,-71.514583
ZL355,6178,Austral,D,C,OFFGRID,NO,NO,NO,NO,NO,NO,-41.736444,-71.899694
ZE204,6179,Sur,D,C,OFFGRID,NO,NO,NO,NO,NO,NO,-38.869806,-71.507944
ZS161,6180,Norte,D,C,OFFGRID,NO,NO,NO,NO,NO,SI,-30.3585,-71.6615
ZL292,6181,Austral,D,C,OFFGRID,NO,NO,NO,NO,NO,NO,-40.653361,-72.148778
ZV244,6182,Metropolitano,C,C,ONGRID,NO,NO,NO,NO,NO,NO,-27.14187,-109.36748
ZV024,6183,Centro,D,C,ONGRID,NO,NO,NO,NO,NO,NO,-32.933693,-71.53672
ZV027,6184,Centro,D,C,ONGRID,NO,NO,NO,NO,NO,NO,-33.024444,-71.562028
ZV224,6185,Centro,D,C,ONGRID,NO,NO,NO,NO,NO,NO,-32.906889,-71.4935002
ZE058,6186,Sur,D,C,ONGRID,NO,NO,NO,NO,NO,NO,-38.754166,-72.594722
PM246,6187,Austral,D,C,ONGRID,NO,NO,NO,NO,NO,NO,-42.853554,-72.795684
ZM489,6188,Metropolitano,D,C,ONGRID,NO,NO,NO,NO,NO,NO,-33.391389,-70.664169
ZM522,6189,Metropolitano,D,C,ONGRID,NO,NO,NO,NO,NO,NO,-33.572281,-70.78155
ZM776,6190,Metropolitano,D,C,ONGRID,NO,NO,NO,NO,NO,NO,-33.451194,-70.649
ZM626,6191,Metropolitano,D,C,ONGRID,NO,NO,NO,NO,NO,NO,-33.415806,-70.728472
ZM785,6192,Metropolitano,D,C,ONGRID,NO,NO,NO,NO,NO,NO,-33.47166,-70.650037
ZM854,6193,Metropolitano,D,C,ONGRID,NO,NO,NO,NO,NO,NO,-33.432139,-70.753417
ZM887,6194,Metropolitano,C,C,ONGRID,NO,NO,NO,NO,NO,NO,-33.445021,-70.636426
AM695,6195,Metropolitano,D,C,ONGRID,NO,NO,NO,NO,NO,NO,-33.456222,-70.700048
ZM503,6197,Metropolitano,D,C,ONGRID,NO,NO,NO,NO,NO,NO,-33.360785,-70.487098
ZM506,6198,Metropolitano,D,C,ONGRID,NO,NO,NO,NO,NO,NO,-33.356719,-70.503169
ZE280,6199,Sur,D,C,OFFGRID,NO,NO,NO,NO,NO,NO,-38.826694,-71.643306
RPL008,6200,Austral,C,nan,ONGRID,NO,NO,NO,NO,NO,NO,-43.174441,-72.433891
ZO065,6202,Centro,D,C,ONGRID,NO,NO,NO,NO,NO,NO,-34.164667,-70.688694
ZM160,6203,Metropolitano,D,C,ONGRID,NO,NO,NO,NO,NO,NO,-33.504028,-70.752583
ZM046,6204,Metropolitano,D,C,ONGRID,NO,NO,NO,NO,NO,NO,-33.506361,-70.771805
TA736,6205,Norte,D,C,ONGRID,NO,NO,NO,NO,NO,NO,-20.268556,-70.104944
AM790,6206,Metropolitano,D,C,ONGRID,NO,NO,NO,NO,NO,NO,-33.543192,-70.671128
ZM849,6207,Metropolitano,D,C,ONGRID,NO,NO,NO,NO,NO,NO,-33.442667,-70.748944
RS934,6208,Metropolitano,D,C,ONGRID,NO,NO,NO,NO,NO,NO,-33.435056,-70.762639
RS459,6209,Metropolitano,D,C,ONGRID,NO,NO,NO,NO,NO,NO,-33.442667,-70.758806
ZM590,6210,Metropolitano,D,C,ONGRID,NO,NO,NO,NO,NO,NO,-33.419972,-70.730056
ZM831,6211,Metropolitano,D,C,ONGRID,NO,NO,NO,NO,NO,NO,-33.428975,-70.731886
AM849,6212,Metropolitano,C,C,ONGRID,NO,NO,NO,NO,NO,NO,-33.601672,-70.623272
ZM536,6213,Metropolitano,D,C,ONGRID,NO,NO,NO,NO,NO,NO,-33.527139,-70.703361
ZM712,6214,Metropolitano,D,C,ONGRID,NO,NO,NO,NO,NO,NO,-33.675167,-71.096639
MQ692,6215,Metropolitano,D,C,ONGRID,NO,NO,NO,NO,NO,NO,-33.4150211,-70.6050756
ZU099,6216,Centro,D,C,ONGRID,NO,NO,NO,NO,NO,NO,-35.588388,-71.705805
ZE117,6217,Sur,D,C,ONGRID,NO,NO,NO,NO,NO,NO,-39.48125,-72.168556
ZV741,6218,Centro,D,C,ONGRID,NO,NO,NO,NO,NO,NO,-33.352064,-71.651674
AM753,6219,Metropolitano,D,C,ONGRID,NO,NO,NO,NO,NO,NO,-33.396722,-70.598694
ZL139,6221,Austral,D,C,ONGRID,NO,NO,NO,NO,NO,NO,-41.434011,-73.098359
RS937,6222,Metropolitano,D,C,ONGRID,NO,NO,NO,NO,NO,NO,-33.478738,-70.568766
AM550,6223,Metropolitano,D,C,ONGRID,NO,NO,NO,NO,NO,NO,-33.481628,-70.564542
AM551,6224,Metropolitano,D,C,ONGRID,NO,NO,NO,NO,NO,NO,-33.477908,-70.572534
ZU516,6225,Centro,D,C,ONGRID,NO,NO,NO,NO,NO,NO,-35.105038,-71.308046
ZV735,6227,Centro,E,C,ONGRID,NO,NO,NO,NO,NO,NO,-33.37799,-71.67467
ZO040,6228,Centro,D,C,ONGRID,NO,NO,NO,NO,NO,NO,-34.15325,-70.724861
ZM853,6229,Metropolitano,D,C,ONGRID,NO,NO,NO,NO,NO,NO,-33.421099,-70.557903
ZN629,6230,Norte,D,C,ONGRID,NO,NO,NO,NO,NO,NO,-18.478367,-70.318351
AM867,6231,Metropolitano,D,C,ONGRID,NO,NO,NO,NO,NO,NO,-33.693399,-71.212478
AM666,6232,Metropolitano,D,C,ONGRID,NO,NO,NO,NO,NO,NO,-33.427703,-70.623898
AM627,6233,Metropolitano,D,C,ONGRID,NO,NO,NO,NO,NO,NO,-33.434304,-70.623898
AM667,6234,Metropolitano,D,C,ONGRID,NO,NO,NO,NO,NO,NO,-33.415777,-70.608479
ZM336,6235,Metropolitano,D,C,ONGRID,NO,NO,NO,NO,NO,NO,-33.422001,-70.613694
ZS551,6236,Norte,E,C,ONGRID,NO,NO,NO,NO,NO,NO,-30.266611,-71.4905
ZT011,6237,Norte,D,C,ONGRID,NO,NO,NO,NO,NO,NO,-18.477972,-70.283
ZB103,6238,Sur,D,C,ONGRID,NO,NO,NO,NO,NO,NO,-36.590517,-72.08033
ZM175,6239,Metropolitano,D,C,ONGRID,NO,NO,NO,NO,NO,NO,-33.594528,-70.674667
AM780,6240,Metropolitano,D,C,ONGRID,NO,NO,NO,NO,NO,NO,-33.440173,-70.650195
AM899,6241,Metropolitano,D,C,ONGRID,NO,NO,NO,NO,NO,NO,-33.407346,-70.560297
ZO048,6243,Centro,D,C,ONGRID,NO,NO,NO,NO,NO,NO,-34.167717,-70.752667
ZM667,6244,Metropolitano,D,C,ONGRID,NO,NO,NO,NO,NO,NO,-33.419667,-70.75625
ZU035,6245,Centro,D,C,ONGRID,NO,NO,NO,NO,NO,NO,-34.966444,-71.205806
ZL019,6246,Austral,D,C,ONGRID,NO,NO,NO,NO,NO,NO,-41.454583,-72.898139
ZM153,6247,Metropolitano,D,C,ONGRID,NO,NO,NO,NO,NO,NO,-33.323449,-70.515357
ZO049,6248,Centro,D,C,ONGRID,NO,NO,NO,NO,NO,NO,-34.166556,-70.736056
AM722,6249,Metropolitano,D,C,ONGRID,NO,NO,NO,NO,NO,NO,-33.48449,-70.61379
AM541,6250,Metropolitano,D,C,ONGRID,NO,NO,NO,NO,NO,NO,-33.353408,-70.690531
ZE531,6251,Sur,D,C,ONGRID,NO,NO,NO,NO,NO,NO,-38.847694,-72.297861
ZE300,6252,Sur,D,C,ONGRID,NO,NO,NO,NO,NO,NO,-39.32638,-71.948601
ZB031,6253,Sur,D,C,ONGRID,NO,NO,NO,NO,NO,NO,-36.768139,-73.007778
ZM147,6254,Metropolitano,D,C,ONGRID,NO,NO,NO,NO,NO,NO,-33.360964,-70.530092
ZM897,6255,Metropolitano,D,C,ONGRID,NO,NO,NO,NO,NO,NO,-33.397136,-70.511832
ZV596,6256,Centro,D,C,ONGRID,NO,NO,NO,NO,NO,NO,-32.615215,-71.428002
ZV597,6257,Centro,D,C,ONGRID,NO,NO,NO,NO,NO,NO,-32.61557,-71.429436
RS290,6258,Metropolitano,D,C,ONGRID,NO,NO,NO,NO,NO,NO,-33.372444,-70.671478
RM746,6259,Metropolitano,D,C,ONGRID,NO,NO,NO,NO,NO,NO,-33.500819,-70.610428
ZU057,6260,Centro,D,C,ONGRID,NO,NO,NO,NO,NO,NO,-35.405941,-71.654303
ZV399,6261,Centro,D,C,ONGRID,NO,NO,NO,NO,NO,NO,-32.613207,-71.426268
ZS218,6265,Norte,D,C,ONGRID,NO,NO,NO,NO,NO,NO,-31.817191,-70.915665
ZB486,6266,Sur,D,C,ONGRID,NO,NO,NO,NO,NO,NO,-36.659616,-72.471916
ZB588,6267,Sur,D,C,ONGRID,NO,NO,NO,NO,NO,NO,-36.9801,-72.908307
ZA162,6268,Norte,D,C,ONGRID,NO,NO,NO,NO,NO,NO,-24.259865,-69.057909
ZA113,6269,Norte,D,C,OFFGRID,NO,NO,NO,NO,NO,NO,-22.328361,-68.033694
ZS213,6270,Norte,D,C,ONGRID,NO,NO,NO,NO,NO,NO,-31.949272,-71.47102
ZL588,6271,Austral,D,C,ONGRID,NO,NO,NO,NO,NO,NO,-43.034383,-72.475481
ZT504,6272,Norte,D,C,ONGRID,NO,NO,NO,NO,NO,NO,-19.5431944,-69.2095278
AM486,6273,Metropolitano,D,C,ONGRID,NO,NO,NO,NO,NO,NO,-33.47714,-70.5411287
ZC500,6275,Norte,C,C,OFFGRID,NO,NO,NO,NO,NO,NO,-29.001611,-70.153781
ZB347,6276,Sur,D,C,ONGRID,NO,NO,NO,NO,NO,NO,-36.776944,-73.205611
ZB483,6278,Sur,D,C,ONGRID,NO,NO,NO,NO,NO,NO,-37.023351,-73.153649
AM830,6279,Metropolitano,B2,C,ONGRID,NO,NO,NO,NO,NO,NO,-33.552271,-70.794579
AM668,6280,Metropolitano,D,C,ONGRID,NO,NO,NO,NO,NO,NO,-33.405864,-70.50349
AM669,6281,Metropolitano,D,C,ONGRID,NO,NO,NO,NO,NO,NO,-33.405806,-70.503722
ZV737,6282,Centro,E,C,ONGRID,NO,NO,NO,NO,NO,NO,-33.361389,-71.671069
ZM043,6283,Metropolitano,D,C,ONGRID,NO,NO,NO,NO,NO,NO,-33.470806,-70.662333
ZB233,6284,Sur,D,C,ONGRID,NO,NO,NO,NO,NO,NO,-37.51468,-72.654165
ZA176,6285,Norte,D,C,ONGRID,NO,NO,NO,NO,NO,NO,-22.348372,-68.84222
ZL387,6286,Austral,D,C,ONGRID,NO,NO,NO,NO,NO,NO,-42.028417,-73.914222
ZT123,6287,Norte,D,C,ONGRID,NO,NO,NO,NO,NO,NO,-20.808014,-70.198925
AM777,6288,Metropolitano,D,C,ONGRID,NO,NO,NO,NO,NO,NO,-33.365518,-70.853166
ZB583,6289,Sur,D,C,ONGRID,NO,NO,NO,NO,NO,NO,-36.83929,-73.096451
ZC110,6290,Norte,D,C,ONGRID,NO,NO,NO,NO,NO,NO,-28.47849,-71.24165
AM192,6291,Metropolitano,D,C,ONGRID,NO,NO,NO,NO,NO,NO,-33.4324586,-70.6562948
AM717,6292,Metropolitano,D,C,ONGRID,NO,NO,NO,NO,NO,NO,-33.40444,-70.570342
ZM846,6293,Metropolitano,D,C,ONGRID,NO,NO,NO,NO,NO,NO,-33.42965,-70.70595
ZB585,6294,Sur,D,C,ONGRID,NO,NO,NO,NO,NO,NO,-36.992691,-73.163893
AM843,6295,Metropolitano,D,C,ONGRID,NO,NO,NO,NO,NO,NO,-33.516773,-70.589341
ZV600,6296,Centro,D,C,ONGRID,NO,NO,NO,NO,NO,NO,-32.51233,-71.472917
ZM428,6297,Metropolitano,D,C,ONGRID,NO,NO,NO,NO,NO,NO,-33.4163889,-70.6063889
ZR019,6298,Austral,E,C,ONGRID,NO,NO,NO,NO,NO,NO,-39.643778,-72.325861
ZB451,6299,Sur,D,C,ONGRID,NO,NO,NO,NO,NO,NO,-36.979416,-73.162483
AM905,6300,Metropolitano,D,C,ONGRID,NO,NO,NO,NO,NO,NO,-33.407639,-70.596722
AM402,6301,Metropolitano,D,C,ONGRID,NO,NO,NO,NO,NO,NO,-33.44438,-70.65653
ZU058,6302,Centro,D,C,ONGRID,NO,NO,NO,NO,NO,NO,-35.393093,-71.649314
ZB446,6303,Sur,D,C,ONGRID,NO,NO,NO,NO,NO,NO,-36.98343,-73.167335
AM202,6304,Metropolitano,D,C,ONGRID,NO,NO,NO,NO,NO,NO,-33.4155388,-70.5903002
AM407,6305,Metropolitano,D,C,ONGRID,NO,NO,NO,NO,NO,NO,-33.41043,-70.5727501
ZV361,6306,Centro,D,C,ONGRID,NO,NO,NO,NO,NO,NO,-33.043861,-71.6177498
AM554,6307,Metropolitano,D,C,ONGRID,NO,NO,NO,NO,NO,NO,-33.44117,-70.640728
AM441,6308,Metropolitano,D,C,ONGRID,NO,NO,NO,NO,NO,NO,-33.44054,-70.6565498
ZM347,6309,Metropolitano,D,C,ONGRID,NO,NO,NO,NO,NO,NO,-33.4144194,-70.5973778
AM599,6310,Metropolitano,D,C,ONGRID,NO,NO,NO,NO,NO,NO,-33.405044,-70.5731
AM404,6311,Metropolitano,D,C,ONGRID,NO,NO,NO,NO,NO,NO,-33.41097,-70.5789101
AM442,6312,Metropolitano,D,C,ONGRID,NO,NO,NO,NO,NO,NO,-33.433512,-70.658635
AM163,6313,Metropolitano,D,C,ONGRID,NO,NO,NO,NO,NO,NO,-33.42576,-70.61518
AM213,6314,Metropolitano,D,C,ONGRID,NO,NO,NO,NO,NO,NO,-33.40547,-70.57237
AM443,6315,Metropolitano,D,C,ONGRID,NO,NO,NO,NO,NO,NO,-33.444674,-70.656887
AM444,6316,Metropolitano,D,C,ONGRID,NO,NO,NO,NO,NO,NO,-33.444674,-70.656887
AM405,6317,Metropolitano,D,C,ONGRID,NO,NO,NO,NO,NO,NO,-33.38773,-70.5662899
ZM179,6318,Metropolitano,D,C,ONGRID,NO,NO,NO,NO,NO,NO,-33.54634,-70.772871
ZS514,6320,Norte,D,C,ONGRID,NO,NO,NO,NO,NO,NO,-30.881556,-71.140222
ZP060,6321,Austral,D,C,OFFGRID,NO,NO,NO,NO,NO,NO,-51.262,-72.499333
ZO500,6322,Centro,D,C,ONGRID,NO,NO,NO,NO,NO,NO,-34.804141,-71.604912
ZV761,6323,Centro,E,C,ONGRID,NO,NO,NO,NO,NO,NO,-33.418267,-71.694439
ZV745,6324,Centro,E,C,ONGRID,NO,NO,NO,NO,NO,NO,-33.394306,-71.695361
RS477,6325,Metropolitano,D,C,ONGRID,NO,NO,NO,NO,NO,NO,-33.351268,-70.508234
ZE139,6326,Sur,D,C,ONGRID,NO,NO,NO,NO,NO,NO,-38.554556,-72.44755
ZV755,6327,Centro,E,C,ONGRID,NO,NO,NO,NO,NO,NO,-32.5984444,-70.3151111
AM643,6328,Metropolitano,D,C,ONGRID,NO,NO,NO,NO,NO,NO,-33.4371333,-70.6333932
AM458,6329,Metropolitano,D,C,ONGRID,SI,NO,NO,NO,NO,NO,-33.4371332,-70.6333931
AM763,6330,Metropolitano,D,C,ONGRID,NO,NO,NO,NO,NO,NO,-33.473783,-70.640262
AM822,6331,Metropolitano,D,C,ONGRID,NO,NO,NO,NO,NO,NO,-33.45513,-70.597699
AM793,6332,Metropolitano,D,C,ONGRID,NO,NO,NO,NO,NO,NO,-33.5094444,-70.6566667
AM794,6333,Metropolitano,D,C,ONGRID,NO,NO,NO,NO,NO,NO,-33.5025,-70.6547222
AM795,6334,Metropolitano,D,C,ONGRID,NO,NO,NO,NO,NO,NO,-33.482962,-70.649512
AM796,6335,Metropolitano,D,C,ONGRID,NO,NO,NO,NO,NO,NO,-33.523889,-70.663693
AM762,6336,Metropolitano,D,C,ONGRID,NO,NO,NO,NO,NO,NO,-33.476102,-70.64953
ZM075,6337,Metropolitano,D,C,ONGRID,NO,NO,NO,NO,NO,NO,-33.627367,-70.612042
AM797,6338,Metropolitano,D,C,ONGRID,NO,NO,NO,NO,NO,NO,-33.4969445,-70.6522222
AM464,6339,Metropolitano,D,C,ONGRID,NO,NO,NO,NO,NO,NO,-33.42185,-70.6087049
AM768,6340,Metropolitano,D,C,ONGRID,NO,NO,NO,NO,NO,NO,-33.421877,-70.608311
AM672,6341,Metropolitano,D,C,ONGRID,NO,NO,NO,NO,NO,NO,-33.4291666,-70.6194443
AM809,6342,Metropolitano,D,C,ONGRID,NO,NO,NO,NO,NO,NO,-33.373481,-70.686145
AM759,6343,Metropolitano,D,C,ONGRID,NO,NO,NO,NO,NO,NO,-33.47937,-70.700651
AM811,6344,Metropolitano,D,C,ONGRID,NO,NO,NO,NO,NO,NO,-33.398269,-70.661215
AM765,6345,Metropolitano,D,C,ONGRID,NO,NO,NO,NO,NO,NO,-33.462786,-70.606859
AM825,6346,Metropolitano,D,C,ONGRID,NO,NO,NO,NO,NO,NO,-33.45241,-70.558411
AM813,6347,Metropolitano,D,C,ONGRID,NO,NO,NO,NO,NO,NO,-33.4017789,-70.656246
AM767,6348,Metropolitano,D,C,ONGRID,NO,NO,NO,NO,NO,NO,-33.438637,-70.607607
AM819,6349,Metropolitano,D,C,ONGRID,NO,NO,NO,NO,NO,NO,-33.454695,-70.628452
AM760,6350,Metropolitano,D,C,ONGRID,NO,NO,NO,NO,NO,NO,-33.477628,-70.681185
AM808,6351,Metropolitano,D,C,ONGRID,NO,NO,NO,NO,NO,NO,-33.365472,-70.688224
AM818,6352,Metropolitano,D,C,ONGRID,NO,NO,NO,NO,NO,NO,-33.458128,-70.643249
AM820,6353,Metropolitano,D,C,ONGRID,NO,NO,NO,NO,NO,NO,-33.453437,-70.61379
AM821,6354,Metropolitano,D,C,ONGRID,NO,NO,NO,NO,NO,NO,-33.454978,-70.580116
AM766,6355,Metropolitano,D,C,ONGRID,NO,NO,NO,NO,NO,NO,-33.454117,-70.604693
AM469,6356,Metropolitano,D,C,ONGRID,NO,NO,NO,NO,NO,NO,-33.424548,-70.6137573
AM817,6357,Metropolitano,D,C,ONGRID,NO,NO,NO,NO,NO,NO,-33.451624,-70.650677
AM761,6358,Metropolitano,D,C,ONGRID,NO,NO,NO,NO,NO,NO,-33.47842,-70.665128
AM812,6359,Metropolitano,D,C,ONGRID,NO,NO,NO,NO,NO,NO,-33.406414,-70.661215
AM824,6360,Metropolitano,D,C,ONGRID,NO,NO,NO,NO,NO,NO,-33.453333,-70.570424
AM465,6361,Metropolitano,D,C,ONGRID,SI,NO,NO,NO,NO,NO,-33.439897,-70.6399827
AM816,6362,Metropolitano,D,C,ONGRID,NO,NO,NO,NO,NO,NO,-33.451624,-70.650677
AM810,6363,Metropolitano,D,C,ONGRID,NO,NO,NO,NO,NO,NO,-33.385275,-70.679562
AM764,6364,Metropolitano,D,C,ONGRID,NO,NO,NO,NO,NO,NO,-33.467437,-70.625236
AM814,6365,Metropolitano,D,C+,ONGRID,NO,NO,NO,NO,NO,NO,-33.432626,-70.653329
AM798,6366,Metropolitano,D,C,ONGRID,NO,NO,NO,NO,NO,NO,-33.4697222,-70.6563889
AM470,6367,Metropolitano,D,C,ONGRID,SI,NO,NO,NO,NO,NO,-33.4325727,-70.6258197
AM463,6368,Metropolitano,D,C,ONGRID,NO,NO,NO,NO,NO,NO,-33.4383865,-70.659517
AM460,6369,Metropolitano,D,C,ONGRID,NO,NO,NO,NO,NO,NO,-33.4426192,-70.6451512
AM461,6370,Metropolitano,D,C,ONGRID,SI,NO,NO,NO,NO,NO,-33.4180895,-70.6039783
AM635,6371,Metropolitano,D,C,ONGRID,NO,NO,NO,NO,NO,NO,-33.4183333,-70.6013889
AM823,6372,Metropolitano,D,C,ONGRID,NO,NO,NO,NO,NO,NO,-33.454978,-70.580116
RS975,6373,Metropolitano,D,C,ONGRID,NO,NO,NO,NO,NO,NO,-33.5065833,-70.6060001
ZV115,6374,Centro,D,C,ONGRID,NO,NO,NO,NO,NO,NO,-32.784434,-71.19687
ZM140,6375,Metropolitano,D,C,ONGRID,NO,NO,NO,NO,NO,NO,-33.405056,-70.660361
ZE283,6376,Sur,D,C,ONGRID,NO,NO,NO,NO,NO,NO,-37.891556,-72.388858
AM893,6377,Metropolitano,D,C,ONGRID,NO,NO,NO,NO,NO,NO,-33.40822,-70.57393
ZT150,6378,Norte,D,C,ONGRID,NO,NO,NO,NO,NO,NO,-18.315611,-69.76425
ZU025,6379,Centro,D,C,ONGRID,NO,NO,NO,NO,NO,NO,-35.4266667,-71.6558332
AM604,6381,Metropolitano,D,C,ONGRID,NO,NO,NO,NO,NO,NO,-33.4734,-70.655486
ZM128,6382,Metropolitano,D,C,ONGRID,NO,NO,NO,NO,NO,NO,-33.42725,-70.552194
AM845,6383,Metropolitano,D,C,ONGRID,NO,NO,NO,NO,NO,NO,-33.471096,-70.614502
ZE575,6384,Sur,E,C,ONGRID,NO,NO,NO,NO,NO,NO,-39.29499,-72.223721
ZR011,6385,Austral,E,C,ONGRID,NO,NO,NO,NO,NO,NO,-40.130028,-72.385139
AM900,6386,Metropolitano,D,C,ONGRID,NO,NO,NO,NO,NO,NO,-33.294914,-70.727238
ZS209,6387,Norte,D,C,ONGRID,NO,NO,NO,NO,NO,NO,-31.734814,-70.491326
AM752,6388,Metropolitano,D,C,ONGRID,NO,NO,NO,NO,NO,NO,-33.378786,-70.761251
ZE570,6389,Sur,E,C,ONGRID,NO,NO,NO,NO,NO,NO,-39.485693,-72.16092
ZO129,6390,Centro,D,C,ONGRID,NO,NO,NO,NO,NO,NO,-33.921348,-70.721532
ZE101,6391,Sur,D,C,ONGRID,NO,NO,NO,NO,NO,NO,-39.269306,-71.949417
ZM483,6392,Metropolitano,D,C,ONGRID,NO,NO,NO,NO,NO,NO,-33.426311,-70.727114
RS492,6393,Metropolitano,D,C,ONGRID,SI,NO,NO,NO,NO,NO,-33.4116886,-70.5584066
RP834,5744834,Centro,D,nan,ONGRID,NO,NO,NO,NO,NO,,-33.444329,-70.655843
ZB479,6394,Sur,D,C,ONGRID,NO,NO,NO,NO,NO,NO,-36.83973,-73.084347
ZV277,6395,Centro,D,C,ONGRID,NO,NO,NO,NO,NO,NO,-33.0432175,-71.4644712
ZU088,6396,Centro,D,C,ONGRID,NO,NO,NO,NO,NO,NO,-34.9775961,-71.2389172
ZL039,6397,Austral,D,C,ONGRID,NO,NO,NO,NO,NO,NO,-40.5876,-73.12821
CC333,6398,Sur,D,C,ONGRID,NO,NO,NO,NO,NO,NO,-36.824749,-73.039558
ZT115,6400,Norte,D,C,ONGRID,NO,NO,NO,NO,NO,NO,-18.48322,-70.31247
ZB463,6401,Sur,D,C,ONGRID,NO,NO,NO,NO,NO,NO,-37.782278,-73.386083
ZB219,6402,Sur,D,C,ONGRID,NO,NO,NO,NO,NO,NO,-36.6088889,-72.0922223
ZU092,6403,Centro,D,C,ONGRID,NO,NO,NO,NO,NO,NO,-35.427306,-71.646699
ZE527,6404,Sur,D,C,ONGRID,NO,NO,NO,NO,NO,NO,-38.736111,-72.599722
ZB485,6406,Sur,D,C,ONGRID,NO,NO,NO,NO,NO,NO,-36.719303,-72.975596
ZV696,6407,Centro,D,C,ONGRID,NO,NO,NO,NO,NO,NO,-33.051944,-71.384722
AM839,6408,Metropolitano,D,C,ONGRID,NO,NO,NO,NO,NO,NO,-33.398311,-70.6005
AM557,6409,Metropolitano,D,C,ONGRID,NO,NO,NO,NO,NO,NO,-33.614058,-70.696706
ZU055,6410,Centro,D,C,ONGRID,NO,NO,NO,NO,NO,NO,-35.444014,-71.671808
ZB150,6411,Sur,D,C,ONGRID,NO,NO,NO,NO,NO,NO,-36.798427,-73.084946
AM775,6414,Metropolitano,D,C,ONGRID,NO,NO,NO,NO,NO,NO,-33.420347,-70.617099
ZV747,6416,Centro,E,C,ONGRID,NO,NO,NO,NO,NO,NO,-33.386778,-71.691083
AM757,6417,Metropolitano,D,C,ONGRID,NO,NO,NO,NO,NO,NO,-33.4285748,-70.7788396
ZP007,6418,Austral,D,C,ONGRID,NO,NO,NO,NO,NO,NO,-53.142139,-70.90775
ZM477,6419,Metropolitano,D,C,ONGRID,NO,NO,NO,NO,NO,NO,-33.543686,-70.590437
ZM505,6420,Metropolitano,D,C,ONGRID,NO,NO,NO,NO,NO,NO,-33.360829,-70.509117
ZB191,6421,Sur,D,C,ONGRID,NO,NO,NO,NO,NO,NO,-37.46785,-72.350756
ZS028,6422,Norte,D,C,ONGRID,NO,NO,NO,NO,NO,NO,-29.953837,-71.3389
ZM441,6423,Metropolitano,D,C,ONGRID,NO,NO,NO,NO,NO,NO,-33.447027,-70.543027
ZV177,6424,Centro,D,C,ONGRID,NO,NO,NO,NO,NO,NO,-32.740306,-70.6910281
ZU210,6425,Centro,D,C,OFFGRID,NO,NO,NO,NO,NO,NO,-35.415139,-71.027611
ZT003,6426,Norte,D,C,ONGRID,NO,NO,NO,NO,NO,NO,-20.218778,-70.147639
ZL379,6427,Austral,D,C,ONGRID,NO,NO,NO,NO,NO,NO,-40.181814,-72.552908
ZR013,6428,Austral,E,C,ONGRID,NO,NO,NO,NO,NO,NO,-40.321361,-72.473667
ZM908,6429,Metropolitano,D,C,ONGRID,NO,NO,NO,NO,NO,NO,-33.341572,-70.521295
ZB128,6430,Sur,D,C,ONGRID,NO,NO,NO,NO,NO,NO,-36.931,-73.03025
ZU061,6431,Centro,D,C,ONGRID,NO,NO,NO,NO,NO,NO,-35.422344,-71.605494
ZB160,6432,Sur,D,C,ONGRID,NO,NO,NO,NO,NO,NO,-36.9941,-73.155
ZU045,6433,Centro,D,C,ONGRID,NO,NO,NO,NO,NO,NO,-35.852889,-71.594361
ZE601,6434,Sur,E,C,ONGRID,NO,NO,NO,NO,NO,NO,-39.49347,-72.157008
AM721,6435,Metropolitano,D,C,ONGRID,NO,NO,NO,NO,NO,NO,-33.477003,-70.619111
AM848,6436,Metropolitano,D,C,ONGRID,NO,NO,NO,NO,NO,NO,-33.398417,-70.76942
ZM455,6437,Metropolitano,D,C,ONGRID,NO,NO,NO,NO,NO,NO,-33.440569,-70.763631
ZM467,6438,Metropolitano,D,C,ONGRID,NO,NO,NO,NO,NO,NO,-33.51408,-70.619656
ZV753,6439,Centro,E,C,ONGRID,NO,NO,NO,NO,NO,NO,-33.403147,-71.693333
ZV771,6440,Centro,E,C,ONGRID,NO,NO,NO,NO,NO,NO,-33.434778,-71.680944
ZU248,68417626,Centro,E,nan,ONGRID,NO,NO,NO,NO,NO,NO,-35.988545,-72.309239
CC264,6441,Sur,D,C,ONGRID,NO,NO,NO,NO,NO,NO,-37.475815,-72.337258
ZL543,6442,Austral,D,C,ONGRID,NO,NO,NO,NO,NO,NO,-39.54975,-71.954833
ZM787,6443,Metropolitano,D,C,ONGRID,NO,NO,NO,NO,NO,NO,-33.551307,-70.759245
ZO036,6444,Centro,D,C,ONGRID,NO,NO,NO,NO,NO,NO,-34.188594,-70.752047
ZM753,6445,Metropolitano,D,C,ONGRID,NO,NO,NO,NO,NO,NO,-33.411694,-70.666056
ZM038,6447,Metropolitano,D,C,ONGRID,NO,NO,NO,NO,NO,NO,-33.439278,-70.685667
AM915,6448,Metropolitano,D,C,ONGRID,NO,NO,NO,NO,NO,NO,-33.618881,-70.572083
ZB432,6449,Sur,D,C,ONGRID,NO,NO,NO,NO,NO,NO,-37.121778,-72.023889
ZR007,6450,Austral,D,C,ONGRID,NO,NO,NO,NO,NO,NO,-39.532819,-72.503322
BI201,6451,Sur,D,C,ONGRID,NO,NO,NO,NO,NO,NO,-36.8250001,-73.0450001
TA918,6452,Norte,D,C,ONGRID,NO,NO,NO,NO,NO,NO,-20.233169,-70.142994
ZM951,6453,Metropolitano,D,C,ONGRID,NO,NO,NO,NO,NO,NO,-33.4855556,-70.5766666
ZC020,6454,Norte,D,C,ONGRID,NO,NO,NO,NO,NO,NO,-27.369188,-70.3396
PM540,6455,Austral,D,C,ONGRID,NO,NO,NO,NO,NO,NO,-40.5724,-73.1351002
AM155,6456,Metropolitano,D,C,ONGRID,NO,NO,NO,NO,NO,NO,-33.4153671,-70.5406299
ZU082,6457,Centro,D,C,ONGRID,NO,NO,NO,NO,NO,NO,-34.98242,-71.24101
AM786,6458,Metropolitano,D,C,ONGRID,NO,NO,NO,NO,NO,NO,-33.511947,-70.591389
ZE056,6459,Sur,D,C,ONGRID,NO,NO,NO,NO,NO,NO,-38.744609,-72.581843
ZB307,6461,Sur,D,C,ONGRID,NO,NO,NO,NO,NO,NO,-36.929275,-73.023944
ZU314,72433950,Centro,E,nan,ONGRID,NO,NO,NO,NO,NO,NO,-35.865821,-71.588116
ZM668,6462,Metropolitano,D,C,ONGRID,NO,NO,NO,NO,NO,NO,-33.429722,-70.743611
ZV145,6463,Centro,D,C,ONGRID,NO,NO,NO,NO,NO,NO,-33.0578333,-71.3721389
AT287,5744915,Norte,B2,nan,ONGRID,NO,NO,NO,NO,NO,,-33.444248,-70.655762
AM807,6464,Metropolitano,D,C,ONGRID,NO,NO,NO,NO,NO,NO,-33.417543,-70.59909
AM473,6465,Metropolitano,D,C,ONGRID,SI,NO,NO,NO,NO,NO,-33.444944,-70.6548809
AM231,6466,Metropolitano,D,C,ONGRID,SI,NO,NO,NO,NO,NO,-33.4462289,-70.6604649
AM815,6467,Metropolitano,D,C,ONGRID,NO,NO,NO,NO,NO,NO,-33.437858,-70.65107
AM471,6468,Metropolitano,D,C,ONGRID,NO,NO,NO,NO,NO,NO,-33.4526172,-70.6862657
AM467,6469,Metropolitano,D,C,ONGRID,NO,NO,NO,NO,NO,NO,-33.5263889,-70.5966667
AM658,6470,Metropolitano,D,C,ONGRID,NO,NO,NO,NO,NO,NO,-33.526684,-70.596869
AM468,6471,Metropolitano,D,C,ONGRID,NO,NO,NO,NO,NO,NO,-33.5197222,-70.5961111
AM475,6472,Metropolitano,D,C,ONGRID,NO,NO,NO,NO,NO,NO,-33.5375401,-70.6637999
ZS219,6473,Norte,D,C,ONGRID,NO,NO,NO,NO,NO,NO,-30.860167,-71.230694
ZB447,6474,Sur,D,C,ONGRID,NO,NO,NO,NO,NO,NO,-36.985585,-73.158234
AM536,6476,Metropolitano,D,C,ONGRID,NO,NO,NO,NO,NO,NO,-33.457467,-70.605514
ZV763,6477,Centro,E,C,ONGRID,NO,NO,NO,NO,NO,NO,-33.3755,-71.689361
ZM405,6478,Austral,D,C,ONGRID,NO,NO,NO,NO,NO,NO,-41.666567,-73.197397
AM611,6479,Metropolitano,D,C,ONGRID,NO,NO,NO,NO,NO,NO,-33.468941,-70.663788
ZB481,6480,Sur,D,C,ONGRID,NO,NO,NO,NO,NO,NO,-36.912636,-72.345016
ZB582,6482,Sur,D,C,ONGRID,NO,NO,NO,NO,NO,NO,-37.902833,-73.443278
AT980,6483,Norte,D,C,ONGRID,NO,NO,NO,NO,NO,NO,-26.1591,-70.6573
ZR021,6484,Austral,E,C,ONGRID,NO,NO,NO,NO,NO,NO,-39.637417,-72.330306
ZR017,6485,Austral,E,C,ONGRID,NO,NO,NO,NO,NO,NO,-39.640028,-72.321083
ZM604,6486,Metropolitano,D,C,ONGRID,NO,NO,NO,NO,NO,NO,-33.538164,-70.555433
ZM482,6488,Metropolitano,D,C,ONGRID,NO,NO,NO,NO,NO,NO,-33.489259,-70.668996
ZU022,6489,Centro,D,C,ONGRID,NO,NO,NO,NO,NO,NO,-36.148917,-71.836306
ZO495,6490,Centro,D,C,ONGRID,NO,NO,NO,NO,NO,NO,-34.17842,-70.69388
ZO494,6491,Centro,D,C,ONGRID,NO,NO,NO,NO,NO,NO,-34.175105,-70.690605
AM663,6492,Metropolitano,D,C,ONGRID,NO,NO,NO,NO,NO,NO,-33.45904,-70.71524
AM665,6493,Metropolitano,D,C,ONGRID,NO,NO,NO,NO,NO,NO,-33.43071,-70.655523
AM662,6494,Metropolitano,D,C,ONGRID,NO,NO,NO,NO,NO,NO,-33.433527,-70.656767
AM664,6495,Metropolitano,D,C,ONGRID,NO,NO,NO,NO,NO,NO,-33.473633,-70.61474
ZE580,6496,Sur,E,C,ONGRID,NO,NO,NO,NO,NO,NO,-39.27866,-72.23484
ZS527,6497,Norte,E,C,ONGRID,NO,NO,NO,NO,NO,NO,-29.953119,-71.299841
ZL381,6498,Austral,D,C,ONGRID,NO,NO,NO,NO,NO,NO,-41.085833,-72.018056
ZS517,6499,Norte,D,C,ONGRID,NO,NO,NO,NO,NO,NO,-32.135028,-71.534
ZV777,6500,Centro,D,C,ONGRID,NO,NO,NO,NO,NO,NO,-33.434944,-71.693083
ZS212,6502,Norte,D,C,ONGRID,NO,NO,NO,NO,NO,NO,-30.119944,-70.498639
ZM820,6503,Metropolitano,D,C,ONGRID,NO,NO,NO,NO,NO,NO,-33.457139,-70.693583
ZV739,6504,Centro,E,C,ONGRID,NO,NO,NO,NO,NO,NO,-33.367908,-71.6851
ZV727,6505,Centro,E,C,ONGRID,NO,NO,NO,NO,NO,NO,-33.365389,-71.679056
ZV775,6506,Centro,E,C,ONGRID,NO,NO,NO,NO,NO,NO,-33.395722,-71.692972
ZS530,6507,Norte,E,C,ONGRID,NO,NO,NO,NO,NO,NO,-31.913,-71.513194
ZM963,6509,Metropolitano,D,C,ONGRID,NO,NO,NO,NO,NO,NO,-33.4286111,-70.5402778
AT054,5744966,Norte,A,nan,ONGRID,NO,NO,SI,NO,SI,,-33.444197,-70.655711
ZV135,6510,Centro,D,C,ONGRID,NO,NO,NO,NO,NO,NO,-32.880931,-71.2544781
ZI055,6511,Austral,D,C,ONGRID,NO,NO,NO,NO,NO,NO,-45.406489,-72.698575
ZV759,6512,Centro,D,C,ONGRID,NO,NO,NO,NO,NO,NO,-33.42613,-71.699374
ZV698,6513,Centro,D,C,ONGRID,NO,NO,NO,NO,NO,NO,-32.499577,-71.436002
ZS535,6514,Norte,E,C,ONGRID,NO,NO,NO,NO,NO,NO,-32.122417,-71.500333
AM962,6515,Metropolitano,D,C,ONGRID,NO,NO,NO,NO,NO,NO,-33.367389,-70.712889
ZS081,6516,Norte,D,C,ONGRID,NO,NO,NO,NO,NO,NO,-29.904135,-71.252054
AM528,6517,Metropolitano,D,C,ONGRID,NO,NO,NO,NO,NO,NO,-33.474808,-70.6204282
ZV153,6518,Centro,D,C,ONGRID,NO,NO,NO,NO,NO,NO,-33.067603,-71.402719
AM401,6519,Metropolitano,D,C,ONGRID,NO,NO,NO,NO,NO,NO,-33.4478601,-70.8510399
ZP059,6520,Austral,D,C,ONGRID,NO,NO,NO,NO,NO,NO,-52.532417,-72.073056
ZP502,6521,Austral,D,C,OFFGRID,NO,NO,NO,NO,NO,NO,-51.275833,-72.756222
ZV012,6522,Centro,D,C,ONGRID,NO,NO,NO,NO,NO,NO,-32.820127,-71.524834
ZV118,6523,Centro,D,C,ONGRID,NO,NO,NO,NO,NO,NO,-32.79974,-71.212752
ZV795,6524,Centro,E,C,ONGRID,NO,NO,NO,NO,NO,NO,-32.4565556,-70.4051111
ZV595,6525,Centro,D,C,ONGRID,NO,NO,NO,NO,NO,NO,-32.612546,-71.428342
RP933,6526,Centro,D,nan,ONGRID,NO,NO,NO,NO,NO,NO,-35.671468,-71.34523
RPT LAS ÑIPAS,6527,Norte,C,nan,ONGRID,NO,NO,NO,NO,NO,NO,-33.444648,-70.656083
ZL384,6528,Austral,D,C,ONGRID,NO,NO,NO,NO,NO,NO,-39.743108,-72.906
ZL383,6529,Austral,D,C,ONGRID,NO,NO,NO,NO,NO,NO,-39.585478,-72.930922
AM773,6530,Metropolitano,D,C,ONGRID,NO,NO,NO,NO,NO,NO,-33.367731,-70.697711
ZL375,6531,Austral,D,C,ONGRID,NO,NO,NO,NO,NO,NO,-42.645072,-73.742975
ZM681,6532,Metropolitano,D,C,ONGRID,NO,NO,NO,NO,NO,NO,-33.49206,-70.714862
ZM143,6533,Metropolitano,D,C,ONGRID,NO,NO,NO,NO,NO,NO,-33.494142,-70.764245
ZU062,6534,Centro,B1,C,ONGRID,NO,NO,NO,SI,NO,NO,-35.438094,-71.61905
ZO052,6535,Centro,D,C,ONGRID,NO,NO,NO,NO,NO,NO,-34.146056,-70.697333
ZV409,6536,Centro,D,C,ONGRID,NO,NO,NO,NO,NO,NO,-33.636466,-71.62106
AM629,6537,Metropolitano,D,C,ONGRID,NO,NO,NO,NO,NO,NO,-33.4245,-70.780103
AM482,6538,Metropolitano,D,C,ONGRID,NO,NO,NO,NO,NO,NO,-33.441217,-70.6555469
AM917,6539,Metropolitano,D,C,ONGRID,NO,NO,NO,NO,NO,NO,-33.433542,-70.657394
AM866,6540,Metropolitano,D,C,ONGRID,NO,NO,NO,NO,NO,NO,-33.456222,-70.700048
ZA166,6541,Norte,D,C,ONGRID,NO,NO,NO,NO,NO,NO,-20.3108135,-70.0993907
RV489,6542,Centro,D,C,ONGRID,NO,NO,NO,NO,NO,NO,-33.004028,-71.535694
ZB480,6545,Sur,D,C,ONGRID,NO,NO,NO,NO,NO,NO,-36.8303344,-73.047872
ZC050,6546,Norte,D,C,ONGRID,NO,NO,NO,NO,NO,NO,-27.36883,-70.33901
AM782,6548,Metropolitano,D,C,ONGRID,NO,NO,NO,NO,NO,NO,-33.359096,-70.518112
ZB336,6549,Sur,D,A,ONGRID,NO,NO,NO,NO,NO,NO,-37.4711017,-72.3499913
AM783,6550,Metropolitano,D,C,ONGRID,NO,NO,NO,NO,NO,NO,-33.415833,-70.541069
AM735,6551,Metropolitano,D,C,ONGRID,NO,NO,NO,NO,NO,NO,-33.407394,-70.570263
AM727,6553,Metropolitano,D,C,ONGRID,NO,NO,NO,NO,NO,NO,-33.4422004,-70.6530976
ZV443,6554,Centro,D,C,ONGRID,NO,NO,NO,NO,NO,NO,-33.296667,-71.321019
SA828,6555,Metropolitano,D,C,ONGRID,NO,NO,NO,NO,NO,NO,-33.4404056,-70.655125
ZV392,6556,Centro,D,C,ONGRID,NO,NO,NO,NO,NO,NO,-33.055686,-71.497047
ZO042,6557,Centro,D,C,ONGRID,NO,NO,NO,NO,NO,NO,-34.163639,-70.707861
ZT005,6558,Norte,D,C,ONGRID,NO,NO,NO,NO,NO,NO,-20.229639,-70.131139
ZR015,6559,Austral,E,C,ONGRID,NO,NO,NO,NO,NO,NO,-39.644944,-72.335444
ZV765,6560,Centro,E,C,ONGRID,NO,NO,NO,NO,NO,NO,-33.407978,-71.692314
ZM967,6561,Metropolitano,D,C,ONGRID,NO,NO,NO,NO,NO,NO,-33.454126,-70.688214
AM701,6563,Metropolitano,D,C,ONGRID,NO,NO,NO,NO,NO,NO,-33.223139,-70.735194
ZM429,6564,Metropolitano,D,C,ONGRID,NO,NO,NO,NO,NO,NO,-33.4175001,-70.6055555
AM530,6565,Metropolitano,D,C,ONGRID,NO,NO,NO,NO,NO,NO,-33.433038,-70.65702
AM754,6566,Metropolitano,D,C,ONGRID,NO,NO,NO,NO,NO,NO,-33.549789,-70.732522
ZC051,6567,Norte,D,C,ONGRID,NO,NO,NO,NO,NO,NO,-27.409532,-70.29117
ZO044,6568,Centro,D,C,ONGRID,NO,NO,NO,NO,NO,NO,-34.176778,-70.713222
AM781,6569,Metropolitano,D,C,ONGRID,NO,NO,NO,NO,NO,NO,-33.410783,-70.605263
ZS493,6570,Norte,D,C,ONGRID,NO,NO,NO,NO,NO,NO,-29.927464,-71.232322
ZB051,6571,Sur,D,C,ONGRID,NO,NO,NO,NO,NO,NO,-36.83311,-73.03556
ZI018,6572,Austral,D,C,ONGRID,NO,NO,NO,NO,NO,NO,-45.415639,-72.682417
ZL382,6573,Austral,D,C,ONGRID,NO,NO,NO,NO,NO,NO,-43.102694,-72.013222
ZM599,6574,Metropolitano,D,C,ONGRID,NO,NO,NO,NO,NO,NO,-33.482333,-70.687306
ZL075,6576,Austral,D,C,ONGRID,NO,NO,NO,NO,NO,NO,-40.584806,-73.113583
ZM794,6577,Metropolitano,D,C,ONGRID,NO,NO,NO,NO,NO,NO,-33.465361,-70.735167
ZI054,6578,Austral,D,C,ONGRID,NO,NO,NO,NO,NO,NO,-48.467603,-72.561408
ZE282,6579,Sur,D,C,ONGRID,NO,NO,NO,NO,NO,NO,-38.594306,-72.079306
ZB161,6580,Sur,D,C,ONGRID,NO,NO,NO,NO,NO,NO,-36.988031,-73.162483
ZO776,6581,Centro,D,C,ONGRID,NO,NO,NO,NO,NO,NO,-34.176778,-70.757472
AM776,6582,Metropolitano,D,C,ONGRID,NO,NO,NO,NO,NO,NO,-33.3245773,-70.7303337
ZM461,6583,Metropolitano,D,C,ONGRID,NO,NO,NO,NO,NO,NO,-33.387555,-70.677
ZC107,6584,Norte,C,C,ONGRID,NO,NO,NO,NO,NO,NO,-27.909806,-71.066944
AM474,6586,Metropolitano,D,C,ONGRID,SI,NO,NO,NO,NO,NO,-33.4443076,-70.6513281
AS480,6587,Metropolitano,E,C,ONGRID,NO,NO,NO,NO,NO,NO,-33.60897,-70.59703
SWOSO,6588,Austral,A,A,ONGRID,NO,NO,NO,NO,SI,NO,-40.5776578,-73.1256933
AS481,6589,Metropolitano,E,C,ONGRID,NO,NO,NO,NO,NO,NO,-33.602778,-70.676056
AM836,6592,Metropolitano,D,C,ONGRID,NO,NO,NO,NO,NO,NO,-33.413796,-70.656028
AM838,6593,Metropolitano,D,C,ONGRID,NO,NO,NO,NO,NO,NO,-33.406279,-70.574303
AM851,6594,Metropolitano,D,C,ONGRID,NO,NO,NO,NO,NO,NO,-33.413796,-70.656028
AM865,6595,Metropolitano,D,C,ONGRID,NO,NO,NO,NO,NO,NO,-33.439791,-70.648303
AM877,6596,Metropolitano,D,C,ONGRID,NO,NO,NO,NO,NO,NO,-33.517781,-70.651414
AM879,6597,Metropolitano,D,C,ONGRID,NO,NO,NO,NO,NO,NO,-33.353157,-70.519934
AM882,6598,Metropolitano,D,C,ONGRID,NO,NO,NO,NO,NO,NO,-33.38439,-70.758244
AM886,6599,Metropolitano,D,C,ONGRID,NO,NO,NO,NO,NO,NO,-33.4113,-70.7007
AM889,6600,Metropolitano,D,C,ONGRID,NO,NO,NO,NO,NO,NO,-33.391556,-70.651639
AM894,6601,Metropolitano,D,C,ONGRID,NO,NO,NO,NO,NO,NO,-33.427333,-70.751694
AM895,6602,Metropolitano,D,C,ONGRID,NO,NO,NO,NO,NO,NO,-33.452642,-70.682378
AM897,6603,Metropolitano,D,C,ONGRID,NO,NO,NO,NO,NO,NO,-33.446229,-70.660465
AM902,6604,Metropolitano,D,C,ONGRID,NO,NO,NO,NO,NO,NO,-33.208825,-70.7176686
AM906,6606,Metropolitano,D,C,ONGRID,NO,NO,NO,NO,NO,NO,-33.361445,-70.799954
AM912,6607,Metropolitano,D,C,ONGRID,NO,NO,NO,NO,NO,NO,-33.44994,-70.778537
AM918,6608,Metropolitano,D,C,ONGRID,NO,NO,NO,NO,NO,NO,-33.422992,-70.6215
AM919,6609,Metropolitano,D,C,ONGRID,NO,NO,NO,NO,NO,NO,-33.285622,-70.7411889
AM920,6610,Metropolitano,E,C,ONGRID,NO,NO,NO,NO,NO,NO,-33.374944,-70.541917
AM922,6611,Metropolitano,E,C,ONGRID,NO,NO,NO,NO,NO,NO,-33.373972,-70.543639
AM923,6612,Metropolitano,E,C,ONGRID,NO,NO,NO,NO,NO,NO,-33.517029,-70.589786
AM936,6613,Metropolitano,D,C,ONGRID,NO,NO,NO,NO,NO,NO,-33.612478,-70.694689
AM938,6614,Metropolitano,D,C,ONGRID,NO,NO,NO,NO,NO,NO,-33.39195,-70.543224
AM939,6615,Metropolitano,D,C,ONGRID,NO,NO,NO,NO,NO,NO,-33.424301,-70.653481
AM940,6616,Metropolitano,D,C,ONGRID,NO,NO,NO,NO,NO,NO,-33.51974,-70.596081
AM945,6617,Metropolitano,D,C,ONGRID,NO,NO,NO,NO,NO,NO,-33.40136,-70.722281
AM950,6618,Metropolitano,E,C,ONGRID,NO,NO,NO,NO,NO,NO,-33.415278,-70.775611
AM953,6619,Metropolitano,D,C,ONGRID,NO,NO,NO,NO,NO,NO,-33.452994,-70.68021
AM955,6620,Metropolitano,D,C,ONGRID,NO,NO,NO,NO,NO,NO,-33.538611,-70.590833
AM956,6621,Metropolitano,D,C,ONGRID,NO,NO,NO,NO,NO,NO,-33.465306,-70.687528
AM960,6622,Metropolitano,D,C,ONGRID,NO,NO,NO,NO,NO,NO,-33.342821,-70.707401
AM963,6623,Metropolitano,D,C,ONGRID,NO,NO,NO,NO,NO,NO,-33.393485,-70.61535
AM976,6625,Metropolitano,D,C,ONGRID,NO,NO,NO,NO,NO,NO,-33.487,-70.61189
AM983,6626,Metropolitano,D,C,ONGRID,NO,NO,NO,NO,NO,NO,-33.3730784,-70.7615817
AM989,6627,Metropolitano,D,C,ONGRID,NO,NO,NO,NO,NO,NO,-33.499533,-70.572677
AM994,6628,Metropolitano,D,C,ONGRID,NO,NO,NO,NO,NO,NO,-33.366714,-70.695931
AM995,6629,Metropolitano,D,C,ONGRID,NO,NO,NO,NO,NO,NO,-33.335723,-70.704486
AS003,6631,Metropolitano,E,C,ONGRID,NO,NO,NO,NO,NO,NO,-33.559806,-70.654639
AS005,6632,Metropolitano,E,C,ONGRID,NO,NO,NO,NO,NO,NO,-33.458867,-70.676934
AS007,6633,Metropolitano,E,C,ONGRID,NO,NO,NO,NO,NO,NO,-33.498042,-70.690012
AS009,6634,Metropolitano,E,C,ONGRID,NO,NO,NO,NO,NO,NO,-33.629353,-70.619538
AS011,6635,Metropolitano,E,C,ONGRID,NO,NO,NO,NO,NO,NO,-33.5169,-70.78357
AS023,6636,Metropolitano,E,C,ONGRID,NO,NO,NO,NO,NO,NO,-33.571442,-70.812074
AS032,6637,Metropolitano,E,C,ONGRID,NO,NO,NO,NO,NO,NO,-33.472249,-70.742267
AS040,6638,Metropolitano,E,C,ONGRID,NO,NO,NO,NO,NO,NO,-33.576775,-70.666308
AS043,6639,Metropolitano,E,C,ONGRID,NO,NO,NO,NO,NO,NO,-33.379434,-70.723216
AS044,6640,Metropolitano,E,C,ONGRID,NO,NO,NO,NO,NO,NO,-33.462498,-70.631626
AS046,6641,Metropolitano,E,C,ONGRID,NO,NO,NO,NO,NO,NO,-33.522247,-70.796403
AS053,6642,Metropolitano,E,C,ONGRID,NO,NO,NO,NO,NO,NO,-33.540667,-70.783028
RP448,5744781,Metropolitano,D,nan,ONGRID,NO,NO,NO,NO,NO,NO,-33.444382,-70.655896
AS056,6643,Metropolitano,E,C,ONGRID,NO,NO,NO,NO,NO,NO,-33.485197,-70.749012
AS057,6644,Metropolitano,E,C,ONGRID,NO,NO,NO,NO,NO,NO,-33.531333,-70.781
AS058,6645,Metropolitano,E,C,ONGRID,NO,NO,NO,NO,NO,NO,-33.444421,-70.716842
AS060,6646,Metropolitano,E,C,ONGRID,NO,NO,NO,NO,NO,NO,-33.4955,-70.67175
AS065,6647,Metropolitano,E,C,ONGRID,NO,NO,NO,NO,NO,NO,-33.351466,-70.737427
AS066,6648,Metropolitano,E,C,ONGRID,NO,NO,NO,NO,NO,NO,-33.513069,-70.788768
AS079,6649,Metropolitano,E,C,ONGRID,NO,NO,NO,NO,NO,NO,-33.588264,-70.600956
AS084,6650,Metropolitano,E,C,ONGRID,NO,NO,NO,NO,NO,NO,-33.62883,-70.59286
AS085,6651,Metropolitano,E,C,ONGRID,NO,NO,NO,NO,NO,NO,-33.526138,-70.586582
AS094,6652,Metropolitano,E,C,ONGRID,NO,NO,NO,NO,NO,NO,-33.55915,-70.596743
AS104,6653,Metropolitano,E,C,ONGRID,NO,NO,NO,NO,NO,NO,-33.456583,-70.577
AS108,6654,Metropolitano,E,C,ONGRID,NO,NO,NO,NO,NO,NO,-33.591649,-70.613658
AS114,6655,Metropolitano,E,C,ONGRID,NO,NO,NO,NO,NO,NO,-33.534944,-70.612694
AS125,6656,Metropolitano,E,C,ONGRID,NO,NO,NO,NO,NO,NO,-33.529444,-70.61175
AS126,6657,Metropolitano,E,C,ONGRID,NO,NO,NO,NO,NO,NO,-33.590767,-70.555871
AS127,6658,Metropolitano,E,C,ONGRID,NO,NO,NO,NO,NO,NO,-33.629085,-70.605058
AS132,6659,Metropolitano,E,C,ONGRID,NO,NO,NO,NO,NO,NO,-33.582917,-70.557583
RP232,5744782,Metropolitano,D,nan,ONGRID,NO,NO,NO,NO,NO,NO,-33.444381,-70.655895
AS134,6660,Metropolitano,D,C,ONGRID,NO,NO,NO,NO,NO,NO,-33.503181,-70.573083
AS145,6661,Metropolitano,E,C,ONGRID,NO,NO,NO,NO,NO,NO,-33.513328,-70.598228
AS150,6662,Metropolitano,E,C,ONGRID,NO,NO,NO,NO,NO,NO,-33.735229,-70.762666
AS167,6663,Metropolitano,D,C,ONGRID,NO,NO,NO,NO,NO,NO,-33.434917,-70.521972
AS193,6664,Metropolitano,E,C,ONGRID,NO,NO,NO,NO,NO,NO,-33.484194,-70.759509
AS197,6665,Metropolitano,E,C,ONGRID,NO,NO,NO,NO,NO,NO,-33.434556,-70.774833
AS204,6666,Metropolitano,E,C,ONGRID,NO,NO,NO,NO,NO,NO,-33.368694,-70.747972
AS212,6667,Metropolitano,E,C,ONGRID,NO,NO,NO,NO,NO,NO,-33.56519,-70.823704
AS219,6668,Metropolitano,E,C,ONGRID,NO,NO,NO,NO,NO,NO,-33.606978,-70.695036
AS220,6669,Metropolitano,E,C,ONGRID,NO,NO,NO,NO,NO,NO,-33.575389,-70.542333
AS228,6670,Metropolitano,D,C,ONGRID,NO,NO,NO,NO,NO,NO,-33.2505,-70.6267
AS233,6671,Metropolitano,E,C,ONGRID,NO,NO,NO,NO,NO,NO,-33.400972,-70.727778
AS237,6672,Metropolitano,E,C,ONGRID,NO,NO,NO,NO,NO,NO,-33.462081,-70.756847
AS242,6673,Metropolitano,E,C,ONGRID,NO,NO,NO,NO,NO,NO,-33.498434,-70.733911
AS248,6674,Metropolitano,E,C,ONGRID,NO,NO,NO,NO,NO,NO,-33.426007,-70.744713
AS251,6675,Metropolitano,E,C,ONGRID,NO,NO,NO,NO,NO,NO,-33.423962,-70.705711
AS260,6676,Metropolitano,E,C,ONGRID,NO,NO,NO,NO,NO,NO,-33.51682,-70.697996
AS263,6677,Metropolitano,E,C,ONGRID,NO,NO,NO,NO,NO,NO,-33.574141,-70.672033
AS264,6678,Metropolitano,E,C,ONGRID,NO,NO,NO,NO,NO,NO,-33.583658,-70.670575
AS269,6679,Metropolitano,E,C,ONGRID,NO,NO,NO,NO,NO,NO,-33.557824,-70.60986
AS273,6680,Metropolitano,E,C,ONGRID,NO,NO,NO,NO,NO,NO,-33.359923,-70.74502
AS274,6681,Metropolitano,E,C,ONGRID,NO,NO,NO,NO,NO,NO,-33.362241,-70.721177
AS275,6682,Metropolitano,E,C,ONGRID,NO,NO,NO,NO,NO,NO,-33.467438,-70.75548
AS277,6683,Metropolitano,E,C,ONGRID,NO,NO,NO,NO,NO,NO,-33.61089,-70.682223
AS278,6684,Metropolitano,E,C,ONGRID,NO,NO,NO,NO,NO,NO,-33.614174,-70.689099
AS279,6685,Metropolitano,E,C,ONGRID,NO,NO,NO,NO,NO,NO,-33.605001,-70.671667
AS285,6686,Metropolitano,E,C,ONGRID,NO,NO,NO,NO,NO,NO,-33.3292,-70.764904
AS287,6687,Metropolitano,E,C,ONGRID,NO,NO,NO,NO,NO,NO,-33.50175,-70.650389
AS292,6688,Metropolitano,E,C,ONGRID,NO,NO,NO,NO,NO,NO,-33.473706,-70.639128
AS295,6689,Metropolitano,E,C,ONGRID,NO,NO,NO,NO,NO,NO,-33.516135,-70.583586
AS312,6690,Metropolitano,E,C,ONGRID,NO,NO,NO,NO,NO,NO,-33.52029,-70.584891
AS315,6691,Metropolitano,E,C,ONGRID,NO,NO,NO,NO,NO,NO,-33.529217,-70.64906
AT329,5745179,Norte,D,nan,ONGRID,NO,NO,NO,NO,NO,,-33.443984,-70.655498
AS316,6692,Metropolitano,E,C,ONGRID,NO,NO,NO,NO,NO,NO,-33.528583,-70.637306
AS319,6693,Metropolitano,E,C,ONGRID,NO,NO,NO,NO,NO,NO,-33.505222,-70.618194
AS338,6694,Metropolitano,E,C,ONGRID,NO,NO,NO,NO,NO,NO,-33.454889,-70.755306
AS342,6695,Metropolitano,E,C,ONGRID,NO,NO,NO,NO,NO,NO,-33.704959,-71.22091
AS359,6696,Metropolitano,E,C,ONGRID,NO,NO,NO,NO,NO,NO,-33.522524,-70.591599
AS362,6697,Metropolitano,E,C,ONGRID,NO,NO,NO,NO,NO,NO,-33.449219,-70.687915
AS372,6698,Metropolitano,D,C,ONGRID,NO,NO,NO,NO,NO,NO,-33.199442,-70.695833
AS374,6699,Metropolitano,E,C,ONGRID,NO,NO,NO,NO,NO,NO,-33.549366,-70.591483
AS376,6700,Metropolitano,E,C,ONGRID,NO,NO,NO,NO,NO,NO,-33.4606,-70.612911
AS377,6701,Metropolitano,E,C,ONGRID,NO,NO,NO,NO,NO,NO,-33.553133,-70.574814
AS384,6702,Metropolitano,E,C,ONGRID,NO,NO,NO,NO,NO,NO,-33.461983,-70.690491
AS387,6703,Metropolitano,E,C,ONGRID,NO,NO,NO,NO,NO,NO,-33.552719,-70.613198
AS401,6704,Metropolitano,E,C,ONGRID,NO,NO,NO,NO,NO,NO,-33.533111,-70.589972
AS404,6705,Metropolitano,E,C,ONGRID,NO,NO,NO,NO,NO,NO,-33.470669,-70.706539
AS407,6706,Metropolitano,E,C,ONGRID,NO,NO,NO,NO,NO,NO,-33.540806,-70.596833
AS418,6707,Metropolitano,D,C,ONGRID,NO,NO,NO,NO,NO,NO,-33.498004,-70.523786
AS423,6708,Metropolitano,E,C,ONGRID,NO,NO,NO,NO,NO,NO,-33.475129,-70.708851
AS427,6709,Metropolitano,E,C,ONGRID,NO,NO,NO,NO,NO,NO,-33.472417,-70.695833
AS430,6710,Metropolitano,E,C,ONGRID,NO,NO,NO,NO,NO,NO,-33.557111,-70.590611
AS449,6711,Metropolitano,E,C,ONGRID,NO,NO,NO,NO,NO,NO,-33.518389,-70.617722
RP VALLE DE AZAPA,5744783,Norte,C,nan,ONGRID,NO,NO,NO,NO,NO,NO,-33.44438,-70.655894
AS468,6712,Metropolitano,E,C,ONGRID,NO,NO,NO,NO,NO,NO,-33.632535,-70.62577
AS469,6713,Metropolitano,E,C,ONGRID,NO,NO,NO,NO,NO,NO,-33.560972,-70.637111
AS472,6714,Metropolitano,E,C,ONGRID,NO,NO,NO,NO,NO,NO,-33.492056,-70.677944
AS474,6715,Metropolitano,E,C,ONGRID,NO,NO,NO,NO,NO,NO,-33.563722,-70.627306
AS476,6716,Metropolitano,E,C,ONGRID,NO,NO,NO,NO,NO,NO,-33.485971,-70.738053
AS477,6717,Metropolitano,E,C,ONGRID,NO,NO,NO,NO,NO,NO,-33.479597,-70.737207
AS479,6718,Metropolitano,E,C,ONGRID,NO,NO,NO,NO,NO,NO,-33.58128,-70.691278
AS482,6719,Metropolitano,E,C,ONGRID,NO,NO,NO,NO,NO,NO,-33.449866,-70.713145
AS483,6720,Metropolitano,E,C,ONGRID,NO,NO,NO,NO,NO,NO,-33.61447,-70.58797
AS485,6721,Metropolitano,E,C,ONGRID,NO,NO,NO,NO,NO,NO,-33.522541,-70.652584
AS486,6722,Metropolitano,D,C,ONGRID,NO,NO,NO,NO,NO,NO,-33.5558591,-70.6152626
AS487,6723,Metropolitano,E,C,ONGRID,NO,NO,NO,NO,NO,NO,-33.508348,-70.779165
AS490,6724,Metropolitano,E,C,ONGRID,NO,NO,NO,NO,NO,NO,-33.580074,-70.677455
AS493,6725,Metropolitano,E,C,ONGRID,NO,NO,NO,NO,NO,NO,-33.454178,-70.719806
AS494,6726,Metropolitano,E,C,ONGRID,NO,NO,NO,NO,NO,NO,-33.479757,-70.721437
AS498,6727,Metropolitano,E,C,ONGRID,NO,NO,NO,NO,NO,NO,-33.426933,-70.76108
CO286,5745228,Norte,D,nan,ONGRID,NO,NO,NO,NO,NO,,-33.443935,-70.655449
LS200,5745229,Norte,D,nan,ONGRID,NO,NO,NO,NO,NO,,-33.443934,-70.655448
AS503,6728,Metropolitano,E,C,ONGRID,NO,NO,NO,NO,NO,NO,-33.546237,-70.642859
AS507,6729,Metropolitano,E,C,ONGRID,NO,NO,NO,NO,NO,NO,-33.448473,-70.725832
AS508,6730,Metropolitano,E,C,ONGRID,NO,NO,NO,NO,NO,NO,-33.504889,-70.678667
AS509,6731,Metropolitano,E,C,ONGRID,NO,NO,NO,NO,NO,NO,-33.615061,-70.708855
AS510,6732,Metropolitano,E,C,ONGRID,NO,NO,NO,NO,NO,NO,-33.59688,-70.56258
AS511,6733,Metropolitano,E,C,ONGRID,NO,NO,NO,NO,NO,NO,-33.488665,-70.730578
AS514,6734,Metropolitano,E,C,ONGRID,NO,NO,NO,NO,NO,NO,-33.5925219,-70.6688524
AS515,6735,Metropolitano,E,C,ONGRID,NO,NO,NO,NO,NO,NO,-33.587444,-70.568001
AS518,6736,Metropolitano,E,C,ONGRID,NO,NO,NO,NO,NO,NO,-33.60108,-70.56049
AS519,6737,Metropolitano,E,C,ONGRID,NO,NO,NO,NO,NO,NO,-33.620861,-70.594667
AS521,6738,Metropolitano,E,C,ONGRID,NO,NO,NO,NO,NO,NO,-33.41965,-70.74739
AS523,6739,Metropolitano,E,C,ONGRID,NO,NO,NO,NO,NO,NO,-33.406861,-70.745833
AS525,6740,Metropolitano,E,C,ONGRID,NO,NO,NO,NO,NO,NO,-33.574387,-70.608139
AS532,6741,Metropolitano,E,C,ONGRID,NO,NO,NO,NO,NO,NO,-33.448111,-70.757077
AS540,6742,Metropolitano,E,C,ONGRID,NO,NO,NO,NO,NO,NO,-33.498167,-70.677444
AS543,6743,Metropolitano,E,C,ONGRID,NO,NO,NO,NO,NO,NO,-33.582882,-70.657976
AS547,6744,Metropolitano,E,C,ONGRID,NO,NO,NO,NO,NO,NO,-33.504526,-70.727958
AS550,6745,Metropolitano,E,C,ONGRID,NO,NO,NO,NO,NO,NO,-33.584056,-70.601944
AS552,6746,Metropolitano,E,C,ONGRID,NO,NO,NO,NO,NO,NO,-33.415093,-70.756737
AS560,6747,Metropolitano,E,C,ONGRID,NO,NO,NO,NO,NO,NO,-33.412269,-70.717373
AS576,6748,Metropolitano,E,C,ONGRID,NO,NO,NO,NO,NO,NO,-33.527113,-70.694228
AS579,6749,Metropolitano,E,C,ONGRID,NO,NO,NO,NO,NO,NO,-33.386498,-70.651268
AS580,6750,Metropolitano,E,C,ONGRID,NO,NO,NO,NO,NO,NO,-33.582502,-70.809075
AS581,6751,Metropolitano,E,C,ONGRID,NO,NO,NO,NO,NO,NO,-33.409861,-70.740863
AS583,6752,Metropolitano,E,C,ONGRID,NO,NO,NO,NO,NO,NO,-33.325778,-70.751278
AS585,6753,Metropolitano,E,C,ONGRID,NO,NO,NO,NO,NO,NO,-33.6086,-70.876182
AS589,6754,Metropolitano,E,C,ONGRID,NO,NO,NO,NO,NO,NO,-33.544835,-70.616849
AS590,6755,Metropolitano,E,C,ONGRID,NO,NO,NO,NO,NO,NO,-33.614256,-70.862148
AS591,6756,Metropolitano,E,C,ONGRID,NO,NO,NO,NO,NO,NO,-33.402444,-70.735889
AS597,6757,Metropolitano,E,C,ONGRID,NO,NO,NO,NO,NO,NO,-33.521528,-70.622
AS613,6758,Metropolitano,E,C,ONGRID,NO,NO,NO,NO,NO,NO,-33.812369,-70.73576
AS620,6759,Metropolitano,E,C,ONGRID,NO,NO,NO,NO,NO,NO,-33.364278,-70.756611
AS630,6760,Metropolitano,D,nan,ONGRID,NO,NO,NO,NO,NO,NO,-33.522306,-70.6401
AS633,6761,Metropolitano,D,C,ONGRID,NO,NO,NO,NO,NO,NO,-33.62925,-70.917444
AS637,6762,Metropolitano,D,C,ONGRID,NO,NO,NO,NO,NO,NO,-33.421062,-70.616535
AS665,6765,Metropolitano,D,C,ONGRID,NO,NO,NO,NO,NO,NO,-33.4074444,-70.5628056
RPL062,5744784,Centro,B2,nan,ONGRID,NO,NO,NO,NO,NO,NO,-33.444379,-70.655893
AS666,6766,Metropolitano,D,C,ONGRID,NO,NO,NO,NO,NO,NO,-33.533897,-70.6506
AS677,6767,Metropolitano,D,C,ONGRID,NO,NO,NO,NO,NO,NO,-33.655786,-70.889572
AS681,6768,Metropolitano,D,C,ONGRID,NO,NO,NO,NO,NO,NO,-33.390761,-70.546063
AS696,6769,Metropolitano,D,C,ONGRID,NO,NO,NO,NO,NO,NO,-33.494727,-70.616219
BI810,6771,Sur,D,C,ONGRID,NO,NO,NO,NO,NO,NO,-37.280353,-72.712519
CC195,6772,Sur,D,C,ONGRID,NO,NO,NO,NO,NO,NO,-36.607835,-72.10185
CO874,6775,Norte,D,C,ONGRID,NO,NO,NO,NO,NO,NO,-29.968328,-71.254419
EV001,6776,Metropolitano,D,C,ONGRID,NO,NO,NO,NO,NO,NO,-33.4446551,-70.6561692
MQ310,6778,Metropolitano,D,C,ONGRID,NO,NO,NO,NO,NO,NO,-33.439592,-70.625975
PP004,6781,Metropolitano,D,C,ONGRID,NO,NO,NO,NO,NO,NO,-33.416814,-70.683789
TBD,6789,Metropolitano,D,C,ONGRID,NO,NO,NO,NO,NO,NO,-33.4446551,-70.6561692
TE313,6790,Sur,D,C,ONGRID,NO,NO,NO,NO,NO,NO,-38.7344444,-72.6111112
ZA172,6793,Norte,D,C,ONGRID,NO,NO,NO,NO,NO,NO,-23.673411,-70.407441
ZA173,6794,Norte,D,C,ONGRID,NO,NO,NO,NO,NO,NO,-22.4502457,-68.9238833
ZA177,6795,Norte,D,C,ONGRID,NO,NO,NO,NO,NO,NO,-23.443776,-70.175606
ZA180,6796,Norte,D,C,ONGRID,NO,NO,NO,NO,NO,NO,-22.277778,-69.568333
ZA197,6797,Norte,D,C,ONGRID,NO,NO,NO,NO,NO,NO,-23.641663,-70.394423
ZA199,6798,Norte,E,C,ONGRID,NO,NO,NO,NO,NO,NO,-23.650494,-70.398339
ZA205,6799,Norte,E,C,ONGRID,NO,NO,NO,NO,NO,NO,-22.453125,-68.927322
ZA211,6800,Norte,E,C,ONGRID,NO,NO,NO,NO,NO,NO,-22.450202,-68.948509
ZA213,6801,Norte,E,C,ONGRID,NO,NO,NO,NO,NO,NO,-23.561908,-70.390908
ZA223,6802,Norte,E,C,ONGRID,NO,NO,NO,NO,NO,NO,-23.67069,-70.4015
ZA225,6803,Norte,E,C,ONGRID,NO,NO,NO,NO,NO,NO,-23.589324,-70.378696
ZA230,6804,Norte,E,C,ONGRID,NO,NO,NO,NO,NO,NO,-22.470418,-68.930236
ZA242,6805,Norte,E,C,ONGRID,NO,NO,NO,NO,NO,NO,-23.618518,-70.376393
ZA243,6806,Norte,E,C,ONGRID,NO,NO,NO,NO,NO,NO,-23.708884,-70.425701
ZA255,6807,Norte,E,C,ONGRID,NO,NO,NO,NO,NO,NO,-22.457511,-68.933797
ZA257,6808,Norte,E,C,ONGRID,NO,NO,NO,NO,NO,NO,-22.462938,-68.942953
ZA259,6809,Norte,E,C,ONGRID,NO,NO,NO,NO,NO,NO,-23.588538,-70.382039
ZA263,6810,Norte,E,C,ONGRID,NO,NO,NO,NO,NO,NO,-22.4783,-68.9317
ZA265,6811,Norte,E,C,ONGRID,NO,NO,NO,NO,NO,NO,-23.653815,-70.399201
ZA269,6812,Norte,E,C,ONGRID,NO,NO,NO,NO,NO,NO,-23.603393,-70.376653
ZA271,6813,Norte,E,C,ONGRID,NO,NO,NO,NO,NO,NO,-23.56564,-70.3831
ZA273,6814,Norte,E,C,ONGRID,NO,NO,NO,NO,NO,NO,-23.572703,-70.384486
ZA274,6815,Norte,E,C,ONGRID,NO,NO,NO,NO,NO,NO,-23.611624,-70.381357
ZA280,6816,Norte,D,C,ONGRID,NO,NO,NO,NO,NO,NO,-23.612625,-70.389874
ZA281,6817,Norte,E,C,ONGRID,NO,NO,NO,NO,NO,NO,-23.51091,-70.39996
ZA409,6818,Norte,D,C,ONGRID,NO,NO,NO,NO,NO,NO,-23.411775,-70.593372
ZB043,6819,Sur,D,C,ONGRID,NO,NO,NO,NO,NO,NO,-36.742253,-73.088489
ZB111,6820,Sur,D,C,ONGRID,NO,NO,NO,NO,NO,NO,-36.626708,-72.103214
ZB482,6821,Sur,D,C,ONGRID,NO,NO,NO,NO,NO,NO,-37.548805,-72.205023
ZB484,6822,Sur,D,C,ONGRID,NO,NO,NO,NO,NO,NO,-36.60944,-72.10028
ZB587,6823,Sur,D,C,ONGRID,NO,NO,NO,NO,NO,NO,-36.814941,-72.981652
ZB589,6824,Sur,D,C,ONGRID,NO,NO,NO,NO,NO,NO,-36.735347,-72.988383
ZB596,6826,Sur,D,C,ONGRID,NO,NO,NO,NO,NO,NO,-36.76417,-73.112912
ZB628,6827,Sur,E,C,ONGRID,NO,NO,NO,NO,NO,NO,-36.5924,-72.11948
ZB629,6828,Sur,E,C,ONGRID,NO,NO,NO,NO,NO,NO,-36.634439,-72.050849
ZB632,6829,Sur,E,C,ONGRID,NO,NO,NO,NO,NO,NO,-36.851583,-73.044944
ZB634,6830,Sur,E,C,ONGRID,NO,NO,NO,NO,NO,NO,-36.825881,-73.068537
ZB636,6831,Sur,E,C,ONGRID,NO,NO,NO,NO,NO,NO,-36.786321,-73.037132
ZB638,6832,Sur,E,C,ONGRID,NO,NO,NO,NO,NO,NO,-37.499826,-72.687856
ZB639,6833,Sur,E,C,ONGRID,NO,NO,NO,NO,NO,NO,-37.445885,-72.331979
ZB640,6834,Sur,E,C,ONGRID,NO,NO,NO,NO,NO,NO,-36.881215,-73.036122
ZB641,6835,Sur,E,C,ONGRID,NO,NO,NO,NO,NO,NO,-36.95626,-73.013326
ZB646,6836,Sur,E,C,ONGRID,NO,NO,NO,NO,NO,NO,-36.783333,-73.059528
ZB676,6837,Sur,E,C,ONGRID,NO,NO,NO,NO,NO,NO,-36.794569,-73.115279
ZB684,6838,Sur,E,C,ONGRID,NO,NO,NO,NO,NO,NO,-36.831459,-73.063892
ZB685,6839,Sur,E,C,ONGRID,NO,NO,NO,NO,NO,NO,-36.845389,-73.130908
ZB686,6840,Sur,E,C,ONGRID,NO,NO,NO,NO,NO,NO,-37.276115,-72.717574
ZB703,6841,Sur,E,C,ONGRID,NO,NO,NO,NO,NO,NO,-36.531167,-72.931133
ZB711,6842,Sur,E,C,ONGRID,NO,NO,NO,NO,NO,NO,-36.851003,-73.134569
ZB736,6843,Sur,E,C,ONGRID,NO,NO,NO,NO,NO,NO,-36.7769,-73.04471
ZB738,6844,Sur,E,C,ONGRID,NO,NO,NO,NO,NO,NO,-36.817294,-73.042866
ZB739,6845,Sur,E,C,ONGRID,NO,NO,NO,NO,NO,NO,-36.814644,-73.030864
ZB740,6846,Sur,E,C,ONGRID,NO,NO,NO,NO,NO,NO,-36.834528,-73.037667
ZB742,6847,Sur,E,C,ONGRID,NO,NO,NO,NO,NO,NO,-36.842472,-73.078167
ZB743,6848,Sur,E,C,ONGRID,NO,NO,NO,NO,NO,NO,-36.856889,-73.095283
ZB744,6849,Sur,E,C,ONGRID,NO,NO,NO,NO,NO,NO,-37.066528,-73.144111
ZB745,6850,Sur,E,C,ONGRID,NO,NO,NO,NO,NO,NO,-37.594138,-73.641664
ZB747,6851,Sur,E,C,ONGRID,NO,NO,NO,NO,NO,NO,-36.585944,-72.069583
ZB814,6852,Sur,D,C,ONGRID,NO,NO,NO,NO,NO,NO,-36.844722,-73.110139
ZB900,6853,Sur,E,C,ONGRID,NO,NO,NO,NO,NO,NO,-36.837455,-73.115325
ZC106,6854,Norte,D,C,ONGRID,NO,NO,NO,NO,NO,NO,-28.891361,-71.479528
ZC120,6855,Norte,E,C,ONGRID,NO,NO,NO,NO,NO,NO,-27.391428,-70.29657
ZC124,6856,Norte,E,C,ONGRID,NO,NO,NO,NO,NO,NO,-26.348028,-70.620639
ZC136,6857,Norte,E,C,ONGRID,NO,NO,NO,NO,NO,NO,-27.38967,-70.323879
ZC141,6858,Norte,D,C,ONGRID,NO,NO,NO,NO,NO,NO,-27.887083,-70.791056
ZE284,6859,Sur,D,C,ONGRID,NO,NO,NO,NO,NO,NO,-37.673029,-72.52948
ZE367,6860,Sur,D,C,ONGRID,NO,NO,NO,NO,NO,NO,-38.447944,-71.3715
ZE543,6861,Sur,D,C,ONGRID,NO,NO,NO,NO,NO,NO,-39.453749,-72.18562
ZE546,6862,Sur,D,C,ONGRID,NO,NO,NO,NO,NO,NO,-39.276694,-71.85425
ZE547,6863,Sur,E,C,ONGRID,NO,NO,NO,NO,NO,NO,-39.304361,-72.223139
ZE603,6864,Sur,D,C,ONGRID,NO,NO,NO,NO,NO,NO,-39.276688,-71.97983
ZE607,6865,Sur,E,C,ONGRID,NO,NO,NO,NO,NO,NO,-39.280334,-71.956024
ZE609,6866,Sur,E,C,ONGRID,NO,NO,NO,NO,NO,NO,-39.270299,-71.970569
ZE622,6867,Sur,E,C,ONGRID,NO,NO,NO,NO,NO,NO,-39.307626,-72.211142
ZE623,6868,Sur,D,C,ONGRID,NO,NO,NO,NO,NO,NO,-39.302869,-71.979836
ZE629,6869,Sur,E,C,ONGRID,NO,NO,NO,NO,NO,NO,-39.29625,-72.236194
ZE633,6870,Sur,E,C,ONGRID,NO,NO,NO,NO,NO,NO,-37.811196,-72.696852
ZE763,6871,Sur,D,C,ONGRID,NO,NO,NO,NO,NO,NO,-38.709807,-72.55503
ZF003,6872,Sur,E,C,ONGRID,NO,NO,NO,NO,NO,NO,-36.416953,-71.95848
ZL391,6873,Austral,D,C,ONGRID,NO,NO,NO,NO,NO,NO,-41.471227,-72.942656
ZL398,6874,Austral,D,C,ONGRID,NO,NO,NO,NO,NO,NO,-41.282107,-72.859062
ZL400,6875,Austral,D,C,ONGRID,NO,NO,NO,NO,NO,NO,-42.379099,-73.651451
ZL414,6876,Austral,D,C,ONGRID,NO,NO,NO,NO,NO,NO,-41.32349,-72.98601
ZL560,6878,Austral,E,C,ONGRID,NO,NO,NO,NO,NO,NO,-41.128089,-73.058219
ZL570,6879,Austral,E,C,ONGRID,NO,NO,NO,NO,NO,NO,-41.381971,-72.917014
ZL571,6880,Austral,E,C,ONGRID,NO,NO,NO,NO,NO,NO,-41.395239,-72.916053
ZL575,6881,Austral,E,C,ONGRID,NO,NO,NO,NO,NO,NO,-41.482392,-72.995857
ZL577,6882,Austral,E,C,ONGRID,NO,NO,NO,NO,NO,NO,-41.323826,-72.949581
ZL579,6883,Austral,E,C,ONGRID,NO,NO,NO,NO,NO,NO,-41.423685,-72.908984
ZL585,6884,Austral,E,nan,ONGRID,NO,NO,NO,NO,NO,NO,-42.460249,-73.791137
ZL593,6885,Austral,D,C,ONGRID,NO,NO,NO,NO,NO,NO,-41.7716,-73.1274
ZL601,6886,Austral,E,C,ONGRID,NO,NO,NO,NO,NO,NO,-43.117052,-73.614628
ZM028,6887,Metropolitano,D,C,ONGRID,NO,NO,NO,NO,NO,NO,-33.364336,-70.664125
ZM584,6888,Metropolitano,D,C,ONGRID,NO,NO,NO,NO,NO,NO,-33.51572,-70.779335
ZM685,6889,Metropolitano,D,C,ONGRID,NO,NO,NO,NO,NO,NO,-33.518709,-70.680078
ZM700,6890,Metropolitano,D,C,ONGRID,NO,NO,NO,NO,NO,NO,-33.557545,-70.625931
ZM806,6891,Metropolitano,D,C,ONGRID,NO,NO,NO,NO,NO,NO,-33.455611,-70.632075
ZM852,6892,Metropolitano,D,C,ONGRID,NO,NO,NO,NO,NO,NO,-33.469278,-70.740389
ZN005,6894,Norte,E,C,ONGRID,NO,NO,NO,NO,NO,NO,-18.498184,-70.296075
ZO031,6895,Centro,D,C,ONGRID,NO,NO,NO,NO,NO,NO,-34.182674,-70.660875
ZO055,6896,Centro,D,C,ONGRID,NO,NO,NO,NO,NO,NO,-34.416356,-70.865192
ZO520,6897,Centro,E,C,ONGRID,NO,NO,NO,NO,NO,NO,-34.15525,-70.755056
ZO521,6898,Centro,D,C,ONGRID,NO,NO,NO,NO,NO,NO,-34.152204,-70.76571
ZO524,6899,Centro,E,C,ONGRID,NO,NO,NO,NO,NO,NO,-34.590386,-70.993755
ZO529,6900,Centro,E,C,ONGRID,NO,NO,NO,NO,NO,NO,-34.397082,-71.993199
ZO532,6901,Centro,E,C,ONGRID,NO,NO,NO,NO,NO,NO,-34.443999,-71.084449
ZO535,6902,Centro,E,C,ONGRID,NO,NO,NO,NO,NO,NO,-34.403544,-72.024458
ZO536,6903,Centro,E,C,ONGRID,NO,NO,NO,NO,NO,NO,-34.393443,-72.021382
ZO551,6904,Centro,D,C,ONGRID,NO,NO,NO,NO,NO,NO,-34.193556,-70.746278
ZO781,6905,Centro,E,C,ONGRID,NO,NO,NO,NO,NO,NO,-34.135511,-70.73564
ZO784,6906,Centro,E,C,ONGRID,NO,NO,NO,NO,NO,NO,-34.159173,-70.71793
ZO802,6907,Centro,E,C,ONGRID,NO,NO,NO,NO,NO,NO,-34.651493,-70.851308
ZR025,6908,Austral,E,C,ONGRID,NO,NO,NO,NO,NO,NO,-39.792901,-73.217344
ZR027,6909,Austral,E,C,ONGRID,NO,NO,NO,NO,NO,NO,-39.837363,-73.232761
ZR028,6910,Austral,E,C,ONGRID,NO,NO,NO,NO,NO,NO,-39.574344,-72.000591
ZR029,6911,Austral,D,C,ONGRID,NO,NO,NO,NO,NO,NO,-39.861366,-72.815914
ZR030,6912,Austral,E,C,ONGRID,NO,NO,NO,NO,NO,NO,-40.280889,-73.078083
ZR033,6913,Austral,E,C,ONGRID,NO,NO,NO,NO,NO,NO,-39.862647,-72.807819
ZS214,6914,Norte,D,C,ONGRID,NO,NO,NO,NO,NO,NO,-29.8999889,-71.2524111
ZS216,6915,Norte,D,C,ONGRID,NO,NO,NO,NO,NO,NO,-29.910667,-71.251
ZS217,6916,Norte,D,C,ONGRID,NO,NO,NO,NO,NO,NO,-29.901628,-71.247047
ZS220,6917,Norte,D,C,ONGRID,NO,NO,NO,NO,NO,NO,-29.951683,-71.337994
ZS242,6918,Norte,E,C,ONGRID,NO,NO,NO,NO,NO,NO,-30.598468,-71.183879
ZS518,6919,Norte,E,C,ONGRID,NO,NO,NO,NO,NO,NO,-32.129712,-71.494579
ZS522,6920,Norte,E,C,ONGRID,NO,NO,NO,NO,NO,NO,-29.947375,-71.290597
ZS525,6921,Norte,E,C,ONGRID,NO,NO,NO,NO,NO,NO,-31.917943,-71.513907
ZS533,6922,Norte,E,C,ONGRID,NO,NO,NO,NO,NO,NO,-31.917639,-71.507556
ZS537,6923,Norte,E,C,ONGRID,NO,NO,NO,NO,NO,NO,-32.14075,-71.530778
ZS539,6924,Norte,E,C,ONGRID,NO,NO,NO,NO,NO,NO,-32.142472,-71.522111
ZS541,6925,Norte,E,C,ONGRID,NO,NO,NO,NO,NO,NO,-32.141028,-71.52741
ZS543,6926,Norte,D,C,ONGRID,NO,NO,NO,NO,NO,NO,-29.933154,-71.281943
ZS549,6927,Norte,E,C,ONGRID,NO,NO,NO,NO,NO,NO,-30.262056,-71.490444
ZS553,6928,Norte,E,C,ONGRID,NO,NO,NO,NO,NO,NO,-30.252556,-71.494333
ZS580,6929,Norte,D,C,ONGRID,NO,NO,NO,NO,NO,NO,-29.895361,-71.221
ZS581,6930,Norte,D,C,ONGRID,NO,NO,NO,NO,NO,NO,-29.905915,-71.249418
ZS588,6931,Norte,E,C,ONGRID,NO,NO,NO,NO,NO,NO,-30.591194,-71.177002
ZS590,6932,Norte,E,C,ONGRID,NO,NO,NO,NO,NO,NO,-29.899528,-71.269713
ZS591,6933,Norte,E,C,ONGRID,NO,NO,NO,NO,NO,NO,-29.866361,-71.24125
ZS592,6934,Norte,D,C,ONGRID,NO,NO,NO,NO,NO,NO,-30.030809,-70.71245
ZS594,6935,Norte,E,C,ONGRID,NO,NO,NO,NO,NO,NO,-29.916116,-71.234178
ZS600,6936,Norte,E,C,ONGRID,NO,NO,NO,NO,NO,NO,-29.960177,-71.285339
ZS603,6937,Norte,E,C,ONGRID,NO,NO,NO,NO,NO,NO,-30.565719,-71.181141
ZS610,6938,Norte,D,C,ONGRID,NO,NO,NO,NO,NO,NO,-31.806758,-70.564683
ZT122,6940,Norte,D,C,ONGRID,NO,NO,NO,NO,NO,NO,-20.258943,-69.7695626
ZT130,6941,Norte,E,C,ONGRID,NO,NO,NO,NO,NO,NO,-20.24315,-70.14026
ZT131,6942,Norte,E,C,ONGRID,NO,NO,NO,NO,NO,NO,-20.24709,-70.13886
ZT141,6943,Norte,E,C,ONGRID,NO,NO,NO,NO,NO,NO,-20.273944,-70.125528
ZT143,6944,Norte,E,C,ONGRID,NO,NO,NO,NO,NO,NO,-20.234293,-70.141718
ZT157,6945,Norte,E,C,ONGRID,NO,NO,NO,NO,NO,NO,-20.293442,-70.104777
ZT159,6946,Norte,E,C,ONGRID,NO,NO,NO,NO,NO,NO,-20.221794,-70.134453
ZT160,6947,Norte,E,C,ONGRID,NO,NO,NO,NO,NO,NO,-20.298253,-70.108197
ZT163,6948,Norte,E,C,ONGRID,NO,NO,NO,NO,NO,NO,-20.245972,-70.097722
ZT165,6949,Norte,D,C,ONGRID,NO,NO,NO,NO,NO,NO,-20.818761,-68.639151
ZT167,6950,Norte,E,C,ONGRID,NO,NO,NO,NO,NO,NO,-20.242083,-70.134306
ZT170,6951,Norte,E,C,ONGRID,NO,NO,NO,NO,NO,NO,-20.2262,-70.132258
ZT172,6952,Norte,E,C,ONGRID,NO,NO,NO,NO,NO,NO,-20.237472,-70.130408
ZT173,6953,Norte,E,C,ONGRID,NO,NO,NO,NO,NO,NO,-20.278344,-70.1037
ZT176,6954,Norte,E,C,ONGRID,NO,NO,NO,NO,NO,NO,-20.270271,-70.100162
ZT177,6955,Norte,E,C,ONGRID,NO,NO,NO,NO,NO,NO,-20.291617,-70.093711
ZT185,6956,Norte,E,C,ONGRID,NO,NO,NO,NO,NO,NO,-20.256949,-70.126837
ZT186,6957,Norte,E,C,ONGRID,NO,NO,NO,NO,NO,NO,-20.278385,-70.081187
ZT191,6958,Norte,E,C,ONGRID,NO,NO,NO,NO,NO,NO,-20.221806,-70.142102
ZT192,6959,Norte,E,C,ONGRID,NO,NO,NO,NO,NO,NO,-20.237316,-70.147285
ZT247,6960,Norte,D,C,ONGRID,NO,NO,NO,NO,NO,NO,-18.477603,-70.300428
ZU038,6961,Centro,D,C,ONGRID,NO,NO,NO,NO,NO,NO,-34.986167,-71.238694
ZU039,6962,Centro,D,C,ONGRID,NO,NO,NO,NO,NO,NO,-34.996665,-71.233765
RP707,5744785,Norte,D,nan,ONGRID,NO,NO,NO,NO,NO,NO,-33.444378,-70.655892
ZU041,6963,Centro,D,C,ONGRID,NO,NO,NO,NO,NO,NO,-34.991025,-71.226464
ZU068,6964,Centro,D,C,ONGRID,NO,NO,NO,NO,NO,NO,-35.435606,-71.595619
ZU221,6965,Centro,D,C,ONGRID,NO,NO,NO,NO,NO,NO,-35.025481,-71.214957
ZU227,6966,Centro,E,C,ONGRID,NO,NO,NO,NO,NO,NO,-35.414288,-71.614736
ZU228,6967,Centro,E,C,ONGRID,NO,NO,NO,NO,NO,NO,-35.950629,-72.345561
ZU230,6968,Centro,E,C,ONGRID,NO,NO,NO,NO,NO,NO,-36.150389,-71.825417
ZU231,6969,Centro,E,C,ONGRID,NO,NO,NO,NO,NO,NO,-35.543782,-71.483538
ZU232,6970,Centro,E,C,ONGRID,NO,NO,NO,NO,NO,NO,-35.335147,-72.428485
ZU240,6971,Centro,D,C,ONGRID,NO,NO,NO,NO,NO,NO,-35.60345,-71.736165
ZU250,6972,Centro,E,C,ONGRID,NO,NO,NO,NO,NO,NO,-35.330182,-72.415242
ZU520,6973,Centro,E,C,ONGRID,NO,NO,NO,NO,NO,NO,-35.436488,-71.631607
ZU523,6974,Centro,E,C,ONGRID,NO,NO,NO,NO,NO,NO,-35.954975,-72.334727
ZU524,6975,Centro,E,C,ONGRID,NO,NO,NO,NO,NO,NO,-35.44791,-71.686896
ZU526,6976,Centro,E,C,ONGRID,NO,NO,NO,NO,NO,NO,-35.412865,-71.625189
ZV103,6977,Centro,D,C,ONGRID,NO,NO,NO,NO,NO,NO,-33.042997,-71.570125
ZV125,6978,Centro,D,C,ONGRID,NO,NO,NO,NO,NO,NO,-32.855278,-70.604556
ZV127,6979,Centro,D,C,ONGRID,NO,NO,NO,NO,NO,NO,-32.844389,-70.583278
ZV188,6981,Centro,D,C,ONGRID,NO,NO,NO,NO,NO,NO,-32.964596,-71.524988
ZV204,6982,Centro,D,C,ONGRID,NO,NO,NO,NO,NO,NO,-33.044044,-71.530108
ZV414,6983,Metropolitano,D,C,ONGRID,NO,NO,NO,NO,NO,NO,-27.150574,-109.421246
ZV440,6984,Centro,D,C,ONGRID,NO,NO,NO,NO,NO,NO,-33.436227,-71.684589
ZV511,6985,Centro,D,C,ONGRID,NO,NO,NO,NO,NO,NO,-33.023552,-71.554308
ZV579,6986,Centro,D,C,ONGRID,NO,NO,NO,NO,NO,NO,-33.195056,-71.552472
ZV581,6987,Centro,D,C,ONGRID,NO,NO,NO,NO,NO,NO,-32.894556,-71.500056
ZV660,6988,Centro,D,C,ONGRID,NO,NO,NO,NO,NO,NO,-33.665169,-71.6308
ZV661,6989,Centro,E,C,ONGRID,NO,NO,NO,NO,NO,NO,-33.667307,-71.638109
ZV677,6990,Centro,E,C,ONGRID,NO,NO,NO,NO,NO,NO,-32.629249,-71.426585
ZV700,6991,Centro,E,C,ONGRID,NO,NO,NO,NO,NO,NO,-32.63,-71.429472
ZV703,6992,Centro,E,C,ONGRID,NO,NO,NO,NO,NO,NO,-32.631362,-71.422906
ZV707,6993,Centro,E,C,ONGRID,NO,NO,NO,NO,NO,NO,-32.508083,-71.438167
ZV719,6994,Centro,E,C,ONGRID,NO,NO,NO,NO,NO,NO,-33.35915,-71.65554
ZV721,6995,Centro,E,C,ONGRID,NO,NO,NO,NO,NO,NO,-33.36588,-71.64815
ZV723,6996,Centro,E,C,ONGRID,NO,NO,NO,NO,NO,NO,-33.332803,-71.649602
ZV725,6997,Centro,E,C,ONGRID,NO,NO,NO,NO,NO,NO,-33.37053,-71.67677
ZV733,6998,Centro,E,C,ONGRID,NO,NO,NO,NO,NO,NO,-33.331935,-71.645213
ZV743,6999,Centro,E,C,ONGRID,NO,NO,NO,NO,NO,NO,-33.365089,-71.66747
ZV757,7002,Centro,D,C,ONGRID,NO,NO,NO,NO,NO,NO,-33.408664,-71.686515
ZV767,7003,Centro,E,C,ONGRID,NO,NO,NO,NO,NO,NO,-33.43188,-71.69585
ZV773,7004,Centro,E,C,ONGRID,NO,NO,NO,NO,NO,NO,-33.391111,-71.692306
ZV779,7005,Centro,E,C,ONGRID,NO,NO,NO,NO,NO,NO,-33.45749,-71.66421
ZV781,7006,Centro,E,C,ONGRID,NO,NO,NO,NO,NO,NO,-32.5477778,-70.3266667
ZV783,7007,Centro,E,C,ONGRID,NO,NO,NO,NO,NO,NO,-33.509346,-71.612114
ZV785,7008,Centro,E,C,ONGRID,NO,NO,NO,NO,NO,NO,-32.5459167,-70.3567
ZV787,7009,Centro,E,C,ONGRID,NO,NO,NO,NO,NO,NO,-32.50925,-70.37225
ZV789,7010,Centro,E,C,ONGRID,NO,NO,NO,NO,NO,NO,-33.445322,-71.654004
ZV791,7011,Centro,E,C,ONGRID,NO,NO,NO,NO,NO,NO,-33.461389,-71.645528
ZV793,7012,Centro,E,C,ONGRID,NO,NO,NO,NO,NO,NO,-32.54375,-70.3444444
ZV799,7014,Centro,E,C,ONGRID,NO,NO,NO,NO,NO,NO,-33.517349,-71.607927
ZV801,7015,Centro,E,C,ONGRID,NO,NO,NO,NO,NO,NO,-32.58325,-71.451139
ZV805,7016,Centro,E,C,ONGRID,NO,NO,NO,NO,NO,NO,-32.786944,-71.53
ZV807,7017,Centro,E,C,ONGRID,NO,NO,NO,NO,NO,NO,-32.789913,-71.507641
ZV809,7018,Centro,E,C,ONGRID,NO,NO,NO,NO,NO,NO,-32.782778,-71.506944
ZV913,7019,Centro,E,C,ONGRID,NO,NO,NO,NO,NO,NO,-33.011512,-71.547658
RPL019,7022,Sur,D,nan,ONGRID,NO,NO,NO,NO,NO,NO,-37.199473,-73.602675
RPL038,7024,Sur,D,nan,ONGRID,NO,NO,NO,NO,NO,NO,-37.7844818,-72.4758725
RPL017,7025,Sur,D,nan,ONGRID,NO,NO,NO,NO,NO,NO,-37.3893648,-72.9725276
RPL010,7026,Sur,D,nan,ONGRID,NO,NO,NO,NO,NO,NO,-36.1833,-72.7833
AR545RPL,7027,Sur,B2,nan,ONGRID,NO,NO,NO,NO,NO,NO,-38.84359,-71.412389
ZT137,8192,Norte,D,nan,ONGRID,NO,NO,NO,NO,NO,NO,-20.908311,-69.63
ZA183,8194,Norte,D,nan,ONGRID,NO,NO,NO,NO,NO,NO,-25.528092,-69.828094
ZC117,8195,Norte,D,nan,ONGRID,NO,NO,NO,NO,NO,NO,-26.2915,-70.650744
ZE627,8198,Sur,E,nan,ONGRID,NO,NO,NO,NO,NO,NO,-38.696101,-72.540603
ZC137,8200,Norte,E,nan,ONGRID,NO,NO,NO,NO,NO,NO,-27.467911,-70.265108
ZE554,8202,Sur,E,nan,ONGRID,NO,NO,NO,NO,NO,NO,-39.486504,-72.156343
AS827,17322246,Metropolitano,D,nan,ONGRID,NO,NO,NO,NO,NO,,-33.3670998,-70.4998966
ZE555,8203,Sur,E,nan,ONGRID,NO,NO,NO,NO,NO,NO,-39.48922,-72.150803
ZU252,8204,Centro,E,nan,ONGRID,NO,NO,NO,NO,NO,NO,-34.882093,-72.158143
ZU251,8205,Centro,E,nan,ONGRID,NO,NO,NO,NO,NO,NO,-35.3311,-72.4286
ZS419,8206,Norte,D,nan,ONGRID,NO,NO,NO,NO,NO,NO,-29.941083,-71.239639
ZS618,8209,Norte,D,nan,ONGRID,NO,NO,NO,NO,NO,NO,-29.956539,-71.229414
ZU253,8211,Centro,E,nan,ONGRID,NO,NO,NO,NO,NO,NO,-34.932649,-72.179367
zs237,8212,Norte,D,nan,ONGRID,NO,NO,NO,NO,NO,NO,-30.586597,-71.226058
ZA209,8213,Norte,E,nan,ONGRID,NO,NO,NO,NO,NO,NO,-23.585774,-70.375782
ZV811,8214,Centro,D,nan,ONGRID,NO,NO,NO,NO,NO,NO,-32.585944,-71.444972
ZV933,8215,Centro,E,nan,ONGRID,NO,NO,NO,NO,NO,NO,-33.021371,-71.546043
ZV917,8216,Centro,E,nan,ONGRID,NO,NO,NO,NO,NO,NO,-33.021778,-71.562783
ZA275,8217,Norte,D,nan,ONGRID,NO,NO,NO,NO,NO,NO,-23.5797773,-70.3896061
AS054,8218,Metropolitano,D,nan,ONGRID,NO,NO,NO,NO,NO,NO,-33.229754,-70.807809
ZV671,8219,Centro,E,nan,ONGRID,NO,NO,NO,NO,NO,NO,-33.325309,-71.645308
AS336,8220,Metropolitano,E,nan,ONGRID,NO,NO,NO,NO,NO,NO,-33.362038,-70.733671
AS158,8221,Metropolitano,D,nan,ONGRID,NO,NO,NO,NO,NO,NO,-33.366111,-70.726944
ZV670,8223,Centro,E,nan,ONGRID,NO,NO,NO,NO,NO,NO,-33.371843,-71.68676
AS173,8224,Metropolitano,D,nan,ONGRID,NO,NO,NO,NO,NO,NO,-33.382692,-70.747111
AS586,8226,Metropolitano,E,nan,ONGRID,NO,NO,NO,NO,NO,NO,-33.409782,-70.727736
AS116,8227,Metropolitano,D,nan,ONGRID,NO,NO,NO,NO,NO,NO,-33.415541,-70.603475
AM875,8228,Metropolitano,D,nan,ONGRID,NO,NO,NO,NO,NO,NO,-33.420971,-70.582273
AS015,8231,Metropolitano,D,nan,ONGRID,NO,NO,NO,NO,NO,NO,-33.427488,-70.780142
ZR012,8232,Austral,D,nan,ONGRID,NO,NO,NO,NO,NO,NO,-40.134408,-72.38038
ZO525,8235,Centro,E,nan,ONGRID,NO,NO,NO,NO,NO,NO,-34.579998,-70.99145
AS624,8237,Metropolitano,E,nan,ONGRID,NO,NO,NO,NO,NO,NO,-33.5603048,-70.6236442
AM508,8238,Metropolitano,D,nan,ONGRID,NO,NO,NO,NO,NO,NO,-33.450639,-70.679361
AS194,8241,Metropolitano,D,nan,ONGRID,NO,NO,NO,NO,NO,NO,-33.453639,-70.68825
AS196,8243,Metropolitano,E,nan,ONGRID,NO,NO,NO,NO,NO,NO,-33.456301,-70.573441
AS041,8244,Metropolitano,E,nan,ONGRID,NO,NO,NO,NO,NO,NO,-33.456959,-70.629338
AS526,8245,Metropolitano,E,nan,ONGRID,NO,NO,NO,NO,NO,NO,-33.479607,-70.681146
AS471,8246,Metropolitano,D,nan,ONGRID,NO,NO,NO,NO,NO,NO,-33.486844,-70.587763
PP010,20536520,Sur,D,nan,ONGRID,NO,NO,NO,NO,NO,,-36.924722,-73.053222
AS475,8247,Metropolitano,E,nan,ONGRID,NO,NO,NO,NO,NO,NO,-33.4896168,-70.6103392
AS059,8248,Metropolitano,B2,nan,ONGRID,NO,NO,NO,NO,NO,NO,-33.491091,-70.709569
AS001,8249,Metropolitano,D,nan,ONGRID,NO,NO,NO,NO,NO,NO,-33.494989,-70.655842
ZV554,8250,Centro,D,nan,ONGRID,NO,NO,NO,NO,NO,NO,-33.511256,-71.600814
ZV672,8252,Centro,E,nan,ONGRID,NO,NO,NO,NO,NO,NO,-33.523056,-71.604114
AS473,8253,Metropolitano,E,nan,ONGRID,NO,NO,NO,NO,NO,NO,-33.55214,-70.65028
AS505,8254,Metropolitano,E,nan,ONGRID,NO,NO,NO,NO,NO,NO,-33.5650466,-70.6099949
AS123,8255,Metropolitano,E,nan,ONGRID,NO,NO,NO,NO,NO,NO,-33.566243,-70.600124
AS491,8261,Metropolitano,D,nan,ONGRID,NO,NO,NO,NO,NO,NO,-33.618253,-70.6223
ZR037,8262,Austral,E,nan,ONGRID,NO,NO,NO,NO,NO,NO,-39.568621,-72.007792
AS678,8263,Metropolitano,D,nan,ONGRID,NO,NO,NO,NO,NO,NO,-33.691247,-71.076555
AS584,8264,Metropolitano,E,nan,ONGRID,NO,NO,NO,NO,NO,NO,-33.692528,-71.221729
ZO528,8265,Centro,D,nan,ONGRID,NO,NO,NO,NO,NO,NO,-34.156558,-71.436702
ZO534,8267,Centro,D,nan,ONGRID,NO,NO,NO,NO,NO,NO,-34.171223,-71.399285
ZO803,8268,Centro,D,nan,ONGRID,NO,NO,NO,NO,NO,NO,-34.401581,-70.780829
ZO526,8270,Centro,D,nan,ONGRID,NO,NO,NO,NO,NO,NO,-34.626563,-71.370997
ZU234,8272,Centro,D,nan,ONGRID,NO,NO,NO,NO,NO,NO,-34.8508,-72.1431
ZU237,8274,Centro,D,nan,ONGRID,NO,NO,NO,NO,NO,NO,-34.97458,-71.26708
ZU311,8275,Centro,D,nan,ONGRID,NO,NO,NO,NO,NO,NO,-35.43147,-71.65453
ZC140,8280,Norte,E,nan,ONGRID,NO,NO,NO,NO,NO,NO,-27.071444,-70.811296
ZU225,8281,Centro,D,nan,ONGRID,NO,NO,NO,NO,NO,NO,-36.127444,-71.819083
ZF007,8283,Sur,E,nan,ONGRID,NO,NO,NO,NO,NO,NO,-36.747487,-72.457091
ZB635,8285,Sur,E,nan,ONGRID,NO,NO,NO,NO,NO,NO,-36.838964,-73.086057
ZB690,8287,Sur,D,nan,ONGRID,NO,NO,NO,NO,NO,NO,-37.198589,-73.557556
ZE287,8289,Sur,D,nan,ONGRID,NO,NO,NO,NO,NO,NO,-38.933704,-72.031753
ZE625,8291,Sur,D,nan,ONGRID,NO,NO,NO,NO,NO,NO,-39.320005,-72.237214
ZR035,8293,Austral,D,nan,ONGRID,NO,NO,NO,NO,NO,NO,-39.873997,-73.182286
ZT190,8295,Norte,E,nan,ONGRID,NO,NO,NO,NO,NO,NO,-20.227787,-70.136343
ZL576,8296,Austral,D,nan,ONGRID,NO,NO,NO,NO,NO,NO,-41.375889,-73.05842
ZL591,8298,Austral,E,nan,ONGRID,NO,NO,NO,NO,NO,NO,-41.38758,-72.898282
ZL586,8300,Austral,D,nan,ONGRID,NO,NO,NO,NO,NO,NO,-41.8775,-73.804445
ZT153,8301,Norte,E,nan,ONGRID,NO,NO,NO,NO,NO,NO,-20.279099,-70.093682
ZP100,8302,Austral,D,nan,ONGRID,NO,NO,NO,NO,NO,NO,-53.295466,-70.365627
ZA185,8304,Norte,D,nan,ONGRID,NO,NO,NO,NO,NO,NO,-23.647727,-70.397641
ZS224,8305,Norte,D,nan,ONGRID,NO,NO,NO,NO,NO,NO,-29.7545222,-71.2583333
AS636,8306,Metropolitano,D,nan,ONGRID,NO,NO,NO,NO,NO,NO,-33.324569,-70.724583
AM937,8308,Metropolitano,D,nan,ONGRID,NO,NO,NO,NO,NO,NO,-33.357431,-70.827756
RP409,5744786,Metropolitano,D,nan,ONGRID,NO,NO,NO,NO,NO,NO,-33.444377,-70.655891
AS716,8311,Metropolitano,D,nan,ONGRID,NO,NO,NO,NO,NO,NO,-33.403032,-70.631081
AM947,8313,Metropolitano,D,nan,ONGRID,NO,NO,NO,NO,NO,NO,-33.413333,-70.604248
AS695,8315,Metropolitano,D,nan,ONGRID,NO,NO,NO,NO,NO,NO,-33.415483,-70.605564
AM913,8316,Metropolitano,D,nan,ONGRID,NO,NO,NO,NO,NO,NO,-33.452547,-70.679734
AM977,8318,Metropolitano,D,nan,ONGRID,NO,NO,NO,NO,NO,NO,-33.459374,-70.85889
AS702,8320,Metropolitano,D,nan,ONGRID,NO,NO,NO,NO,NO,NO,-33.496731,-70.56093
AS704,8322,Metropolitano,D,nan,ONGRID,NO,NO,NO,NO,NO,NO,-33.5171,-70.593369
AS667,8324,Metropolitano,D,nan,ONGRID,NO,NO,NO,NO,NO,NO,-33.693889,-71.213068
ZB593,8328,Sur,D,nan,ONGRID,NO,NO,NO,NO,NO,NO,-36.622017,-71.903398
ZB491,8331,Sur,D,nan,ONGRID,NO,NO,NO,NO,NO,NO,-37.119917,-72.024333
ZB608,8332,Sur,D,nan,ONGRID,NO,NO,NO,NO,NO,NO,-36.3824749,-73.039558
ZT178,8334,Norte,E,nan,ONGRID,NO,NO,NO,NO,NO,NO,-20.2596575,-70.0934434
ZT256,8335,Norte,D,nan,ONGRID,NO,NO,NO,NO,NO,NO,-20.543981,-70.175681
ZA250,8336,Norte,D,nan,ONGRID,NO,NO,NO,NO,NO,NO,-22.899637,-68.19872
ZA194,8337,Norte,D,nan,ONGRID,NO,NO,NO,NO,NO,NO,-22.913998,-68.192426
ZA228,8338,Norte,E,nan,ONGRID,NO,NO,NO,NO,NO,NO,-23.571382,-70.393709
ZA267,8339,Norte,E,nan,ONGRID,NO,NO,NO,NO,NO,NO,-23.592056,-70.388038
ZS617,8340,Norte,D,nan,ONGRID,NO,NO,NO,NO,NO,NO,-29.845671,-71.27505
ZS586,8341,Norte,D,nan,ONGRID,NO,NO,NO,NO,NO,NO,-29.977514,-71.250925
ZS524,8342,Norte,E,nan,ONGRID,NO,NO,NO,NO,NO,NO,-30.19722,-71.416112
ZS519,8343,Norte,E,nan,ONGRID,NO,NO,NO,NO,NO,NO,-32.136754,-71.53057
ZV611,8344,Centro,D,nan,ONGRID,NO,NO,NO,NO,NO,NO,-32.7693917,-71.485439
ZV815,8345,Centro,E,nan,ONGRID,NO,NO,NO,NO,NO,NO,-32.782929,-71.177629
ZV821,8346,Centro,D,nan,ONGRID,NO,NO,NO,NO,NO,NO,-32.805649,-71.229839
ZV529,8347,Centro,D,nan,ONGRID,NO,NO,NO,NO,NO,NO,-32.840403,-71.229617
ZV523,8348,Centro,D,nan,ONGRID,NO,NO,NO,NO,NO,NO,-32.910222,-71.228917
ZV542,8349,Centro,D,nan,ONGRID,NO,NO,NO,NO,NO,NO,-32.93764,-71.52242
ZV526,8350,Centro,D,nan,ONGRID,NO,NO,NO,NO,NO,NO,-32.937945,-71.5427949
ZV935,8351,Centro,D,nan,ONGRID,NO,NO,NO,NO,NO,NO,-32.998941,-71.493362
ZV686,8352,Centro,D,nan,ONGRID,NO,NO,NO,NO,NO,NO,-33.018389,-71.500278
ZV900,8353,Centro,D,nan,ONGRID,NO,NO,NO,NO,NO,NO,-33.024935,-71.555523
ZV915,8354,Centro,D,nan,ONGRID,NO,NO,NO,NO,NO,NO,-33.04141,-71.557279
ZV540,8355,Centro,E,nan,ONGRID,NO,NO,NO,NO,NO,NO,-33.052614,-71.568443
ZV521,8356,Centro,D,nan,ONGRID,NO,NO,NO,NO,NO,NO,-33.124088,-71.572258
AS366,8357,Metropolitano,E,nan,ONGRID,NO,NO,NO,NO,NO,NO,-33.186956,-70.667357
AS638,8358,Metropolitano,D,nan,ONGRID,NO,NO,NO,NO,NO,NO,-33.218098,-70.780518
AS353,8359,Metropolitano,D,nan,ONGRID,NO,NO,NO,NO,NO,NO,-33.294934,-70.865277
AS201,8360,Metropolitano,D,nan,ONGRID,NO,NO,NO,NO,NO,NO,-33.296402,-70.879944
AS621,8361,Metropolitano,D,nan,ONGRID,NO,NO,NO,NO,NO,NO,-33.304343,-70.848843
AS064,8362,Metropolitano,D,nan,ONGRID,NO,NO,NO,NO,NO,NO,-33.386325,-70.618736
AM911,8363,Metropolitano,D,nan,ONGRID,NO,NO,NO,NO,NO,NO,-33.38999,-70.61406
AS588,14178,Metropolitano,D,nan,ONGRID,NO,NO,NO,NO,NO,NO,-33.393825,-70.617671
AS627,14624,Metropolitano,D,nan,ONGRID,NO,NO,NO,NO,NO,NO,-33.400075,-70.757159
AS088,14664,Metropolitano,D,nan,ONGRID,NO,NO,NO,NO,NO,NO,-33.401652,-70.576128
AS078,15060,Metropolitano,D,nan,ONGRID,NO,NO,NO,NO,NO,NO,-33.416174,-70.590767
AS074,15084,Metropolitano,D,nan,ONGRID,NO,NO,NO,NO,NO,NO,-33.416584,-70.607109
AM980,15532,Metropolitano,D,nan,ONGRID,NO,NO,NO,NO,NO,NO,-33.428917,-70.588278
AS111,15817,Metropolitano,D,nan,ONGRID,NO,NO,NO,NO,NO,NO,-33.436286,-70.622358
AS291,17854,Metropolitano,D,nan,ONGRID,NO,NO,NO,NO,NO,NO,-33.477588,-70.622349
AS293,18022,Metropolitano,E,nan,ONGRID,NO,NO,NO,NO,NO,NO,-33.487678,-70.641213
AM842,18744,Metropolitano,D,nan,ONGRID,NO,NO,NO,NO,NO,NO,-33.50075,-70.72786
AS144,18765,Metropolitano,E,nan,ONGRID,NO,NO,NO,NO,NO,NO,-33.502512,-70.584739
AM924,18844,Metropolitano,D,nan,ONGRID,NO,NO,NO,NO,NO,NO,-33.507471,-70.589312
AS310,18960,Metropolitano,E,nan,ONGRID,NO,NO,NO,NO,NO,NO,-33.51292,-70.656236
ZV675,19572,Centro,E,nan,ONGRID,NO,NO,NO,NO,NO,NO,-33.549518,-71.591933
AS504,19628,Metropolitano,E,nan,ONGRID,NO,NO,NO,NO,NO,NO,-33.5537708,-70.635937
AS010,19861,Metropolitano,E,nan,ONGRID,NO,NO,NO,NO,NO,NO,-33.569245,-70.660083
AS200,20816,Metropolitano,D,nan,ONGRID,NO,NO,NO,NO,NO,NO,-33.625141,-70.713814
AS349,21209,Metropolitano,E,nan,ONGRID,NO,NO,NO,NO,NO,NO,-33.744813,-70.740587
AS189,21256,Metropolitano,D,nan,ONGRID,NO,NO,NO,NO,NO,NO,-33.786225,-70.743232
AS191,21268,Metropolitano,D,nan,ONGRID,NO,NO,NO,NO,NO,NO,-33.809361,-70.860694
ZO202,21763,Centro,D,nan,ONGRID,NO,NO,NO,NO,NO,NO,-34.180722,-70.736017
ZO219,21947,Centro,D,nan,ONGRID,NO,NO,NO,NO,NO,NO,-34.2788,-71.088
ZO530,22075,Centro,E,nan,ONGRID,NO,NO,NO,NO,NO,NO,-34.390364,-72.015336
ZO029,22811,Centro,D,nan,ONGRID,NO,NO,NO,NO,NO,NO,-34.176982,-70.83052
ZU239,22919,Centro,D,nan,ONGRID,NO,NO,NO,NO,NO,NO,-35.0505278,-71.17425
ZU224,23233,Centro,D,nan,ONGRID,NO,NO,NO,NO,NO,NO,-35.418556,-71.675278
ZU229,23886,Centro,E,nan,ONGRID,NO,NO,NO,NO,NO,NO,-35.962905,-72.327
ZU214,24910,Centro,D,nan,ONGRID,NO,NO,NO,NO,NO,NO,-35.42778,-71.65833
ZU213,24914,Centro,D,nan,ONGRID,NO,NO,NO,NO,NO,NO,-35.84667,-71.59611
ZE290,26593,Sur,D,nan,ONGRID,NO,NO,NO,NO,NO,NO,-38.435362,-71.889612
ZE544,27555,Sur,D,nan,ONGRID,NO,NO,NO,NO,NO,NO,-39.336883,-72.213818
ZE375,27576,Sur,D,nan,ONGRID,NO,NO,NO,NO,NO,NO,-39.374895,-72.200507
ZL555,28649,Austral,D,nan,ONGRID,NO,NO,NO,NO,NO,NO,-41.254275,-73.021223
ZL418,28795,Austral,D,nan,ONGRID,NO,NO,NO,NO,NO,NO,-41.438497,-72.796914
ZL600,29394,Austral,D,nan,ONGRID,NO,NO,NO,NO,NO,NO,-42.503083,-73.78529
ZP080,29781,Austral,E,nan,ONGRID,NO,NO,NO,NO,NO,NO,-51.73775,-72.488444
ZV564,175628,Centro,E,nan,ONGRID,NO,NO,NO,NO,NO,NO,-32.459694,-71.231833
ZV678,175645,Centro,E,nan,ONGRID,NO,NO,NO,NO,NO,NO,-32.507331,-71.446975
AS649,180945,Metropolitano,D,nan,ONGRID,NO,NO,NO,NO,NO,NO,-33.40068,-70.57588
AS643,183017,Metropolitano,D,nan,ONGRID,NO,NO,NO,NO,NO,NO,-33.485974,-70.651607
ZE286,191503,Sur,E,nan,ONGRID,NO,NO,NO,NO,NO,NO,-38.771547,-72.575045
ZT121,215676,Norte,D,nan,ONGRID,NO,NO,NO,NO,NO,NO,-20.265056,-70.095583
ZT136,215778,Norte,E,nan,ONGRID,NO,NO,NO,NO,NO,NO,-20.248761,-70.125991
ZT200,215971,Norte,D,nan,ONGRID,NO,NO,NO,NO,NO,NO,-21.6283,-69.551303
ZA188,217154,Norte,D,nan,ONGRID,NO,NO,NO,NO,NO,NO,-23.51354,-70.39942
ZA284,217825,Norte,D,nan,ONGRID,NO,NO,NO,NO,NO,NO,-23.53121,-70.39282
ZA307,218136,Norte,E,nan,ONGRID,NO,NO,NO,NO,NO,NO,-23.59508,-70.378494
ZA304,218142,Norte,D,nan,ONGRID,NO,NO,NO,NO,NO,NO,-23.100611,-70.449306
ZC123,221281,Norte,E,nan,ONGRID,NO,NO,NO,NO,NO,NO,-28.583111,-70.769313
ZS523,223609,Norte,E,nan,ONGRID,NO,NO,NO,NO,NO,NO,-29.96423,-71.304771
ZS225,224897,Norte,E,nan,ONGRID,NO,NO,NO,NO,NO,NO,-31.77879,-70.964014
ZV570,229883,Metropolitano,E,nan,ONGRID,NO,NO,NO,NO,NO,NO,-27.159867,-109.439212
ZV245,229886,Metropolitano,E,nan,ONGRID,NO,NO,NO,NO,NO,NO,-27.149404,-109.408986
ZO099,237571,Centro,E,nan,ONGRID,NO,NO,NO,NO,NO,NO,-34.064731,-70.723214
ZO727,239047,Centro,D,nan,ONGRID,NO,NO,NO,NO,NO,NO,-34.26489,-70.78911
ZB490,242588,Centro,D,nan,ONGRID,NO,NO,NO,NO,NO,NO,-35.3732191,-72.415226
ZB612,251037,Sur,E,nan,ONGRID,NO,NO,NO,NO,NO,NO,-36.78244,-73.101816
ZB749,253944,Sur,D,nan,ONGRID,NO,NO,NO,NO,NO,NO,-37.46872,-72.35327
ZF008,258458,Sur,E,nan,ONGRID,NO,NO,NO,NO,NO,NO,-37.119278,-72.0165
ZR042,263514,Austral,D,nan,ONGRID,NO,NO,NO,NO,NO,NO,-39.81848,-73.234
ZI422,271935,Austral,D,nan,ONGRID,NO,NO,NO,NO,NO,NO,-47.797353,-73.529559
AM903,278368,Metropolitano,D,nan,ONGRID,NO,NO,NO,NO,NO,NO,-33.367444,-70.698
AS357,279507,Metropolitano,E,nan,ONGRID,NO,NO,NO,NO,NO,NO,-33.446673,-70.682954
AS764,279513,Metropolitano,E,nan,ONGRID,NO,NO,NO,NO,NO,NO,-33.463004,-70.714564
AS705,279605,Metropolitano,D,nan,ONGRID,NO,NO,NO,NO,NO,NO,-33.47422,-70.68215
AS783,280925,Metropolitano,E,nan,ONGRID,NO,NO,NO,NO,NO,NO,-33.421779,-70.658737
AM885,281676,Metropolitano,D,nan,ONGRID,NO,NO,NO,NO,NO,NO,-33.51902,-70.59685
AS811,283108,Metropolitano,E,nan,ONGRID,NO,NO,NO,NO,NO,NO,-33.520388,-70.609655
AM926,285924,Metropolitano,D,nan,ONGRID,NO,NO,NO,NO,NO,NO,-33.41562,-70.60565
AM909,285934,Metropolitano,D,nan,ONGRID,NO,NO,NO,NO,NO,NO,-33.41319,-70.60372
AS829,288201,Metropolitano,D,nan,ONGRID,NO,NO,NO,NO,NO,NO,-33.40763,-70.57162
AM944,288204,Metropolitano,D,nan,ONGRID,NO,NO,NO,NO,NO,NO,-33.40589,-70.59698
AM952,289969,Metropolitano,E,nan,ONGRID,NO,NO,NO,NO,NO,NO,-33.4741565,-70.6109987
AS757,290803,Metropolitano,E,nan,ONGRID,NO,NO,NO,NO,NO,NO,-33.477329,-70.760042
AS797,291776,Metropolitano,E,nan,ONGRID,NO,NO,NO,NO,NO,NO,-33.488586,-70.757609
AS773,291782,Metropolitano,E,nan,ONGRID,NO,NO,NO,NO,NO,NO,-33.509779,-70.79721
AS875,291797,Metropolitano,E,nan,ONGRID,NO,NO,NO,NO,NO,NO,-33.497392,-70.741367
AS691,291807,Metropolitano,D,nan,ONGRID,NO,NO,NO,NO,NO,NO,-33.46531,-70.5973
AS792,294023,Metropolitano,E,nan,ONGRID,NO,NO,NO,NO,NO,NO,-33.476903,-70.524702
AS082,295095,Metropolitano,E,nan,ONGRID,NO,NO,NO,NO,NO,NO,-33.472116,-70.535918
AS809,295134,Metropolitano,E,nan,ONGRID,NO,NO,NO,NO,NO,NO,-33.47162,-70.542229
AS478,295918,Metropolitano,E,nan,ONGRID,NO,NO,NO,NO,NO,NO,-33.456341,-70.765832
AS812,296294,Metropolitano,E,nan,ONGRID,NO,NO,NO,NO,NO,NO,-33.460613,-70.735607
AS694,296933,Metropolitano,D,nan,ONGRID,NO,NO,NO,NO,NO,NO,-33.424089,-70.690786
AS800,297136,Metropolitano,E,nan,ONGRID,NO,NO,NO,NO,NO,NO,-33.358789,-70.690218
AS761,297584,Metropolitano,E,nan,ONGRID,NO,NO,NO,NO,NO,NO,-33.352323,-70.72551
PP009,299128,Metropolitano,D,nan,ONGRID,NO,NO,NO,NO,NO,NO,-33.504768,-70.636223
AS218,299204,Metropolitano,D,nan,ONGRID,NO,NO,NO,NO,NO,NO,-33.489965,-70.65196
AS288,299749,Metropolitano,E,nan,ONGRID,NO,NO,NO,NO,NO,NO,-33.508996,-70.646182
RM142,301038,Metropolitano,C,C,ONGRID,NO,NO,NO,NO,NO,NO,-33.39278,-70.5717
RP417,5744807,Norte,D,nan,ONGRID,NO,NO,NO,NO,NO,NO,-33.444356,-70.65587
AS803,304987,Metropolitano,E,nan,ONGRID,NO,NO,NO,NO,NO,NO,-33.593515,-70.685412
AS874,306514,Metropolitano,D,nan,ONGRID,NO,NO,NO,NO,NO,NO,-33.690149,-70.949636
AS786,306882,Metropolitano,D,nan,ONGRID,NO,NO,NO,NO,NO,NO,-33.730255,-70.908889
AS355,307192,Metropolitano,E,nan,ONGRID,NO,NO,NO,NO,NO,NO,-33.621162,-70.881245
RP840,778950,Centro,NN,nan,ONGRID,NO,NO,NO,NO,NO,NO,-32.9422222,-70.6822222
ZL396,928114,Austral,D,nan,ONGRID,NO,NO,NO,NO,NO,NO,-41.779182,-73.208045
ZT125,1158891,Norte,D,nan,ONGRID,NO,NO,NO,NO,NO,NO,-18.46939,-70.30916
ZA310,1163712,Norte,D,nan,ONGRID,NO,NO,NO,NO,NO,NO,-25.411712,-70.477376
ZV438,1176475,Centro,D,nan,ONGRID,NO,NO,NO,NO,NO,NO,-32.73496,-71.202816
ZO100,1183999,Centro,D,nan,ONGRID,NO,NO,NO,NO,NO,NO,-34.452309,-70.999152
AS067,1224131,Metropolitano,E,nan,ONGRID,NO,NO,NO,NO,NO,NO,-33.456311,-70.704053
AS137,1227686,Metropolitano,E,nan,ONGRID,NO,NO,NO,NO,NO,NO,-33.526276,-70.603342
AS890,1228653,Metropolitano,E,nan,ONGRID,NO,NO,NO,NO,NO,NO,-33.553619,-70.625722
AS871,1237145,Metropolitano,E,nan,ONGRID,NO,NO,NO,NO,NO,NO,-33.528534,-70.794131
AS334,1243230,Metropolitano,E,nan,ONGRID,NO,NO,NO,NO,NO,NO,-33.359076,-70.712008
AS854,1243822,Metropolitano,E,nan,ONGRID,NO,NO,NO,NO,NO,NO,-33.398515,-70.63822
AS893,1244347,Metropolitano,E,nan,ONGRID,NO,NO,NO,NO,NO,NO,-33.410679,-70.70755
AS873,1245419,Metropolitano,E,nan,ONGRID,NO,NO,NO,NO,NO,NO,-33.504403,-70.652822
AS434,1245425,Metropolitano,E,nan,ONGRID,NO,NO,NO,NO,NO,NO,-33.481685,-70.655594
AS365,1249546,Metropolitano,E,nan,ONGRID,NO,NO,NO,NO,NO,NO,-33.182018,-70.658146
AS070,1249599,Metropolitano,E,nan,ONGRID,NO,NO,NO,NO,NO,NO,-33.240948,-70.815727
AS824,1252356,Metropolitano,E,nan,ONGRID,NO,NO,NO,NO,NO,NO,-33.650367,-70.929314
ZA285,1828448,Norte,D,nan,ONGRID,NO,NO,NO,NO,NO,NO,-23.764961,-70.305222
ZC127,1831325,Norte,E,nan,ONGRID,NO,NO,NO,NO,NO,NO,-26.344757,-70.614622
AS706,1908279,Metropolitano,D,nan,ONGRID,NO,NO,NO,NO,NO,NO,-33.422841,-70.781745
AM862,2300874,Metropolitano,D,nan,ONGRID,NO,NO,NO,NO,NO,NO,-33.5369444,-70.6641667
AS881,2376729,Metropolitano,D,nan,ONGRID,NO,NO,NO,NO,NO,NO,-33.41443,-70.593023
ZU241,2525045,Centro,D,nan,ONGRID,NO,NO,NO,NO,NO,NO,-35.607479,-71.589434
AS641,2577512,Metropolitano,E,nan,ONGRID,NO,NO,NO,NO,NO,NO,-33.4427021,-70.6921643
ZS246,3074086,Norte,D,nan,ONGRID,NO,NO,NO,NO,NO,NO,-30.021604,-71.25502
AS754,3140287,Metropolitano,D,nan,ONGRID,NO,NO,NO,NO,NO,NO,-33.418546,-70.598524
AS368,3156409,Metropolitano,D,nan,ONGRID,NO,NO,NO,NO,NO,NO,-33.216783,-70.669963
ZA318,3737660,Norte,D,nan,ONGRID,NO,NO,NO,NO,NO,NO,-22.865108,-69.344744
ZS245,3744895,Norte,E,nan,ONGRID,NO,NO,NO,NO,NO,NO,-30.589894,-71.19166
AS771,3804758,Metropolitano,E,nan,ONGRID,NO,NO,NO,NO,NO,NO,-33.559485,-70.661169
AS876,3827938,Metropolitano,E,nan,ONGRID,NO,NO,NO,NO,NO,NO,-33.669007,-70.935975
AM414,4880327,Metropolitano,D,nan,ONGRID,NO,NO,NO,NO,NO,NO,-33.4158333,-70.6044444
AM715,4880328,Metropolitano,D,nan,ONGRID,NO,NO,NO,NO,NO,NO,-33.4186111,-70.6047222
RM388,4880329,Metropolitano,D,nan,ONGRID,NO,NO,NO,NO,NO,NO,-33.445,-70.6555556
AS683,4880330,Metropolitano,D,nan,ONGRID,NO,NO,NO,NO,NO,NO,-33.4947222,-70.6161111
ZN002,5071731,Norte,E,nan,ONGRID,NO,NO,NO,NO,NO,NO,-18.477162,-70.289825
ZN011,5072588,Norte,E,nan,ONGRID,NO,NO,NO,NO,NO,NO,-18.447687,-70.287745
ZA293,5077471,Norte,D,nan,ONGRID,NO,NO,NO,NO,NO,NO,-22.461668,-68.929538
ZB694,5113322,Sur,E,nan,ONGRID,NO,NO,NO,NO,NO,NO,-37.733368,-72.232327
ZR849,5123107,Austral,D,nan,ONGRID,NO,NO,NO,NO,NO,NO,-39.858389,-73.185556
AS549,5138917,Metropolitano,E,nan,ONGRID,NO,NO,NO,NO,NO,NO,-33.557158,-70.675329
AS522,5140393,Metropolitano,E,nan,ONGRID,NO,NO,NO,NO,NO,NO,-33.52945,-70.669302
AS117,5146913,Metropolitano,D,nan,ONGRID,NO,NO,NO,NO,NO,NO,-33.414238,-70.601933
AS833,5162662,Metropolitano,E,nan,ONGRID,NO,NO,NO,NO,NO,NO,-33.625186,-70.607517
ZO539,5574802,Centro,E,nan,ONGRID,NO,NO,NO,NO,NO,NO,-34.184564,-70.766631
ESTRM080,5744509,Metropolitano,A,nan,ONGRID,NO,NO,NO,NO,SI,NO,-33.444654,-70.656168
ESTBI054,5744510,Sur,B2,nan,ONGRID,NO,NO,NO,NO,NO,NO,-33.444653,-70.656167
ESTCQ037,5744511,Norte,B2,nan,ONGRID,NO,NO,NO,NO,NO,NO,-33.444652,-70.656166
ESTCQ040,5744512,Norte,B2,nan,ONGRID,NO,NO,NO,NO,NO,NO,-33.444651,-70.656165
ESTCQ036,5744513,Norte,C,nan,ONGRID,NO,NO,NO,NO,NO,NO,-33.44465,-70.656164
RP816,5744514,Metropolitano,D,nan,ONGRID,NO,NO,NO,NO,NO,NO,-33.444649,-70.656163
RP190,5744515,Metropolitano,C,nan,ONGRID,NO,NO,NO,NO,NO,NO,-33.444648,-70.656162
RP196,5744516,Centro,D,nan,ONGRID,NO,NO,NO,NO,NO,NO,-33.444647,-70.656161
RP316,5744517,Sur,D,nan,ONGRID,NO,NO,NO,NO,NO,NO,-33.444646,-70.65616
RP290,5744518,Metropolitano,D,nan,ONGRID,NO,NO,NO,NO,NO,NO,-33.444645,-70.656159
RP012,5744519,Austral,D,nan,ONGRID,NO,NO,NO,NO,NO,NO,-33.444644,-70.656158
RP057,5744520,Metropolitano,D,nan,ONGRID,NO,NO,NO,NO,NO,NO,-33.444643,-70.656157
RP024,5744521,Centro,D,nan,ONGRID,NO,NO,NO,NO,NO,NO,-33.444642,-70.656156
RP704,5744522,Centro,D,nan,ONGRID,NO,NO,NO,NO,NO,NO,-33.444641,-70.656155
RP770,5744523,Sur,D,nan,ONGRID,NO,NO,NO,NO,NO,NO,-33.44464,-70.656154
RP197,5744524,Metropolitano,D,nan,ONGRID,NO,NO,NO,NO,NO,NO,-33.444639,-70.656153
RP590,5744525,Metropolitano,D,nan,ONGRID,NO,NO,NO,NO,NO,NO,-33.444638,-70.656152
RP229,5744526,Metropolitano,D,nan,ONGRID,NO,NO,NO,NO,NO,NO,-33.444637,-70.656151
RP259,5744527,Metropolitano,D,nan,ONGRID,NO,NO,NO,NO,NO,NO,-33.444636,-70.65615
RP392,5744528,Metropolitano,D,nan,ONGRID,NO,NO,NO,NO,NO,NO,-33.444635,-70.656149
RP493,5744529,Metropolitano,D,nan,ONGRID,NO,NO,NO,NO,NO,NO,-33.444634,-70.656148
RP008,5744530,Sur,D,nan,ONGRID,NO,NO,NO,NO,NO,NO,-33.444633,-70.656147
RP376,5744531,Metropolitano,D,nan,ONGRID,NO,NO,NO,NO,NO,NO,-33.444632,-70.656146
RP127,5744532,Norte,D,nan,ONGRID,NO,NO,NO,NO,NO,NO,-33.444631,-70.656145
RP877,5744533,Metropolitano,D,nan,ONGRID,NO,NO,NO,NO,NO,NO,-33.44463,-70.656144
RP402,5744534,Metropolitano,D,nan,ONGRID,NO,NO,NO,NO,NO,NO,-33.444629,-70.656143
RP277,5744535,Metropolitano,D,nan,ONGRID,NO,NO,NO,NO,NO,NO,-33.444628,-70.656142
RP368,5744536,Centro,D,nan,ONGRID,NO,NO,NO,NO,NO,NO,-33.444627,-70.656141
RP198,5744537,Norte,D,nan,ONGRID,NO,NO,NO,NO,NO,NO,-33.444626,-70.65614
RP255,5744538,Norte,D,nan,ONGRID,NO,NO,NO,NO,NO,NO,-33.444625,-70.656139
RP116,5744539,Austral,D,nan,ONGRID,NO,NO,NO,NO,NO,NO,-33.444624,-70.656138
RP023,5744540,Centro,D,nan,ONGRID,NO,NO,NO,NO,NO,NO,-33.444623,-70.656137
RP248,5744541,Centro,D,nan,ONGRID,NO,NO,NO,NO,NO,NO,-33.444622,-70.656136
RP312,5744542,Centro,D,nan,ONGRID,NO,NO,NO,NO,NO,NO,-33.444621,-70.656135
RP831,5744543,Metropolitano,D,nan,ONGRID,NO,NO,NO,NO,NO,NO,-33.44462,-70.656134
RP346,5744544,Centro,D,nan,ONGRID,NO,NO,NO,NO,NO,NO,-33.444619,-70.656133
RP352,5744545,Norte,D,nan,ONGRID,NO,NO,NO,NO,NO,NO,-33.444618,-70.656132
RP140,5744546,Metropolitano,D,nan,ONGRID,NO,NO,NO,NO,NO,NO,-33.444617,-70.656131
RP280,5744547,Sur,D,nan,ONGRID,NO,NO,NO,NO,NO,NO,-33.444616,-70.65613
RP307,5744548,Sur,D,nan,ONGRID,NO,NO,NO,NO,NO,NO,-33.444615,-70.656129
RP328,5744549,Austral,D,nan,ONGRID,NO,NO,NO,NO,NO,NO,-33.444614,-70.656128
RP913,5744550,Sur,D,nan,ONGRID,NO,NO,NO,NO,NO,NO,-33.444613,-70.656127
RP455,5744551,Metropolitano,D,nan,ONGRID,NO,NO,NO,NO,NO,NO,-33.444612,-70.656126
RP086,5744552,Centro,D,nan,ONGRID,NO,NO,NO,NO,NO,NO,-33.444611,-70.656125
RP132,5744553,Sur,D,nan,ONGRID,NO,NO,NO,NO,NO,NO,-33.44461,-70.656124
RPL030,5744554,Norte,D,nan,ONGRID,NO,NO,NO,NO,NO,NO,-33.444609,-70.656123
RP972,5744555,Sur,D,nan,ONGRID,NO,NO,NO,NO,NO,NO,-33.444608,-70.656122
RP370,5744556,Metropolitano,D,nan,ONGRID,NO,NO,NO,NO,NO,NO,-33.444607,-70.656121
RP350,5744557,Metropolitano,D,nan,ONGRID,NO,NO,NO,NO,NO,NO,-33.444606,-70.65612
RP334,5744558,Metropolitano,D,nan,ONGRID,NO,NO,NO,NO,NO,NO,-33.444605,-70.656119
RP042,5744559,Metropolitano,C,nan,ONGRID,NO,NO,NO,NO,NO,NO,-33.444604,-70.656118
RP471,5744560,Metropolitano,D,nan,ONGRID,NO,NO,NO,NO,NO,NO,-33.444603,-70.656117
RP472,5744561,Metropolitano,D,nan,ONGRID,NO,NO,NO,NO,NO,NO,-33.444602,-70.656116
RP479,5744562,Centro,D,nan,ONGRID,NO,NO,NO,NO,NO,NO,-33.444601,-70.656115
RP520,5744563,Centro,D,nan,ONGRID,NO,NO,NO,NO,NO,NO,-33.4446,-70.656114
RP438,5744564,Metropolitano,D,nan,ONGRID,NO,NO,NO,NO,NO,NO,-33.444599,-70.656113
RP473,5744565,Metropolitano,D,nan,ONGRID,NO,NO,NO,NO,NO,NO,-33.444598,-70.656112
RP326,5744566,Sur,D,nan,ONGRID,NO,NO,NO,NO,NO,NO,-33.444597,-70.656111
RP355,5744567,Metropolitano,D,nan,ONGRID,NO,NO,NO,NO,NO,NO,-33.444596,-70.65611
RP292,5744568,Metropolitano,D,nan,ONGRID,NO,NO,NO,NO,NO,NO,-33.444595,-70.656109
RP228,5744569,Centro,D,nan,ONGRID,NO,NO,NO,NO,NO,NO,-33.444594,-70.656108
RP608,5744570,Sur,D,nan,ONGRID,NO,NO,NO,NO,NO,NO,-33.444593,-70.656107
RP357,5744571,Norte,D,nan,ONGRID,NO,NO,NO,NO,NO,NO,-33.444592,-70.656106
RP283,5744572,Metropolitano,D,nan,ONGRID,NO,NO,NO,NO,NO,NO,-33.444591,-70.656105
RP377,5744573,Metropolitano,D,nan,ONGRID,NO,NO,NO,NO,NO,NO,-33.44459,-70.656104
RP254,5744574,Centro,D,nan,ONGRID,NO,NO,NO,NO,NO,NO,-33.444589,-70.656103
RP314,5744575,Centro,D,nan,ONGRID,NO,NO,NO,NO,NO,NO,-33.444588,-70.656102
RP246,5744576,Metropolitano,D,nan,ONGRID,NO,NO,NO,NO,NO,NO,-33.444587,-70.656101
RP332,5744577,Centro,D,nan,ONGRID,NO,NO,NO,NO,NO,NO,-33.444586,-70.6561
RP170,5744578,Norte,D,nan,ONGRID,NO,NO,NO,NO,NO,NO,-33.444585,-70.656099
RP963,5744579,Sur,D,nan,ONGRID,NO,NO,NO,NO,NO,NO,-33.444584,-70.656098
RP055,5744580,Centro,D,nan,ONGRID,NO,NO,NO,NO,NO,NO,-33.444583,-70.656097
RP310,5744581,Centro,D,nan,ONGRID,NO,NO,NO,NO,NO,NO,-33.444582,-70.656096
RP177,5744582,Metropolitano,D,nan,ONGRID,NO,NO,NO,NO,NO,NO,-33.444581,-70.656095
RP118,5744583,Metropolitano,D,nan,ONGRID,NO,NO,NO,NO,NO,NO,-33.44458,-70.656094
RP174,5744584,Centro,D,nan,ONGRID,NO,NO,NO,NO,NO,NO,-33.444579,-70.656093
RP175,5744585,Centro,D,nan,ONGRID,NO,NO,NO,NO,NO,NO,-33.444578,-70.656092
RP188,5744586,Sur,D,nan,ONGRID,NO,NO,NO,NO,NO,NO,-33.444577,-70.656091
RP414,5744587,Metropolitano,D,nan,ONGRID,NO,NO,NO,NO,NO,NO,-33.444576,-70.65609
RP059,5744588,Norte,D,nan,ONGRID,NO,NO,NO,NO,NO,NO,-33.444575,-70.656089
RP243,5744589,Metropolitano,D,nan,ONGRID,NO,NO,NO,NO,NO,NO,-33.444574,-70.656088
RP504,5744590,Metropolitano,D,nan,ONGRID,NO,NO,NO,NO,NO,NO,-33.444573,-70.656087
RP091,5744591,Sur,D,nan,ONGRID,NO,NO,NO,NO,NO,NO,-33.444572,-70.656086
RPL051,5744592,Sur,C,nan,ONGRID,NO,NO,NO,NO,NO,NO,-37.1929269,-72.9946719
RP124,5744593,Metropolitano,D,nan,ONGRID,NO,NO,NO,NO,NO,NO,-33.44457,-70.656084
RP119,5744594,Centro,D,nan,ONGRID,NO,NO,NO,NO,NO,NO,-33.444569,-70.656083
RP279,5744595,Centro,D,nan,ONGRID,NO,NO,NO,NO,NO,NO,-33.444568,-70.656082
RP275,5744596,Centro,D,nan,ONGRID,NO,NO,NO,NO,NO,NO,-33.444567,-70.656081
RP264,5744597,Metropolitano,D,nan,ONGRID,NO,NO,NO,NO,NO,NO,-33.444566,-70.65608
RP179,5744598,Centro,D,nan,ONGRID,NO,NO,NO,NO,NO,NO,-33.444565,-70.656079
RP262,5744599,Centro,D,nan,ONGRID,NO,NO,NO,NO,NO,NO,-33.444564,-70.656078
RP019,5744600,Sur,D,nan,ONGRID,NO,NO,NO,NO,NO,NO,-33.444563,-70.656077
RP080,5744601,Metropolitano,D,nan,ONGRID,NO,NO,NO,NO,NO,NO,-33.444562,-70.656076
RP470,5744602,Metropolitano,D,nan,ONGRID,NO,NO,NO,NO,NO,NO,-33.444561,-70.656075
RP180,5744603,Norte,D,nan,ONGRID,NO,NO,NO,NO,NO,NO,-33.44456,-70.656074
RP620,5744604,Centro,D,nan,ONGRID,NO,NO,NO,NO,NO,NO,-33.444559,-70.656073
RP809,5744605,Centro,D,nan,ONGRID,NO,NO,NO,NO,NO,NO,-33.444558,-70.656072
RP276,5744606,Centro,D,nan,ONGRID,NO,NO,NO,NO,NO,NO,-33.444557,-70.656071
RP348,5744607,Centro,D,nan,ONGRID,NO,NO,NO,NO,NO,NO,-33.444556,-70.65607
RP093,5744608,Sur,D,nan,ONGRID,NO,NO,NO,NO,NO,NO,-33.444555,-70.656069
RP094,5744609,Sur,D,nan,ONGRID,NO,NO,NO,NO,NO,NO,-33.444554,-70.656068
RP159,5744610,Metropolitano,D,nan,ONGRID,NO,NO,NO,NO,NO,NO,-33.444553,-70.656067
RP161,5744611,Metropolitano,D,nan,ONGRID,NO,NO,NO,NO,NO,NO,-33.444552,-70.656066
RP176,5744612,Centro,D,nan,ONGRID,NO,NO,NO,NO,NO,NO,-33.444551,-70.656065
RP378,5744613,Austral,D,nan,ONGRID,NO,NO,NO,NO,NO,NO,-33.44455,-70.656064
RP876,5744614,Metropolitano,D,nan,ONGRID,NO,NO,NO,NO,NO,NO,-33.444549,-70.656063
RP216,5744615,Metropolitano,D,nan,ONGRID,NO,NO,NO,NO,NO,NO,-33.444548,-70.656062
RP044,5744828,Austral,D,nan,ONGRID,NO,NO,NO,NO,NO,NO,-33.444335,-70.655849
RP215,5744616,Metropolitano,D,nan,ONGRID,NO,NO,NO,NO,NO,NO,-33.444547,-70.656061
RP212,5744617,Metropolitano,D,nan,ONGRID,NO,NO,NO,NO,NO,NO,-33.444546,-70.65606
RP875,5744618,Metropolitano,D,nan,ONGRID,NO,NO,NO,NO,NO,NO,-33.444545,-70.656059
RP211,5744619,Metropolitano,D,nan,ONGRID,NO,NO,NO,NO,NO,NO,-33.444544,-70.656058
RP217,5744620,Metropolitano,D,nan,ONGRID,NO,NO,NO,NO,NO,NO,-33.444543,-70.656057
RP214,5744621,Metropolitano,D,nan,ONGRID,NO,NO,NO,NO,NO,NO,-33.444542,-70.656056
RP210,5744622,Metropolitano,D,nan,ONGRID,NO,NO,NO,NO,NO,NO,-33.444541,-70.656055
RP213,5744623,Metropolitano,D,nan,ONGRID,NO,NO,NO,NO,NO,NO,-33.44454,-70.656054
RP873,5744624,Metropolitano,D,nan,ONGRID,NO,NO,NO,NO,NO,NO,-33.444539,-70.656053
RP066,5744625,Metropolitano,D,nan,ONGRID,NO,NO,NO,NO,NO,NO,-33.444538,-70.656052
RP226,5744626,Sur,D,nan,ONGRID,NO,NO,NO,NO,NO,NO,-33.444537,-70.656051
RP495,5744627,Metropolitano,D,nan,ONGRID,NO,NO,NO,NO,NO,NO,-33.444536,-70.65605
RP383,5744628,Metropolitano,D,nan,ONGRID,NO,NO,NO,NO,NO,NO,-33.444535,-70.656049
RP286,5744629,Metropolitano,D,nan,ONGRID,NO,NO,NO,NO,NO,NO,-33.444534,-70.656048
RP225,5744630,Metropolitano,D,nan,ONGRID,NO,NO,NO,NO,NO,NO,-33.444533,-70.656047
RP199,5744631,Metropolitano,D,nan,ONGRID,NO,NO,NO,NO,NO,NO,-33.444532,-70.656046
RP467,5744632,Metropolitano,D,nan,ONGRID,NO,NO,NO,NO,NO,NO,-33.444531,-70.656045
RP469,5744633,Metropolitano,D,nan,ONGRID,NO,NO,NO,NO,NO,NO,-33.44453,-70.656044
RP447,5744634,Metropolitano,C,nan,ONGRID,NO,NO,NO,NO,NO,NO,-33.444529,-70.656043
RP498,5744635,Metropolitano,D,nan,ONGRID,NO,NO,NO,NO,NO,NO,-33.444528,-70.656042
RP607,5744636,Metropolitano,C,nan,ONGRID,NO,NO,NO,NO,NO,NO,-33.444527,-70.656041
RP164,5744637,Metropolitano,D,nan,ONGRID,NO,NO,NO,NO,NO,NO,-33.444526,-70.65604
RP723,5744638,Centro,D,nan,ONGRID,NO,NO,NO,NO,NO,NO,-33.444525,-70.656039
RP027,5744639,Metropolitano,D,nan,ONGRID,NO,NO,NO,NO,NO,NO,-33.444524,-70.656038
RP088,5744640,Sur,D,nan,ONGRID,NO,NO,NO,NO,NO,NO,-33.444523,-70.656037
RP067,5744641,Sur,D,nan,ONGRID,NO,NO,NO,NO,NO,NO,-33.444522,-70.656036
RP823,5744642,Metropolitano,D,nan,ONGRID,NO,NO,NO,NO,NO,NO,-33.444521,-70.656035
RP318,5744643,Sur,D,nan,ONGRID,NO,NO,NO,NO,NO,NO,-33.44452,-70.656034
RP281,5744644,Centro,D,nan,ONGRID,NO,NO,NO,NO,NO,NO,-33.444519,-70.656033
RP803,5744645,Metropolitano,D,nan,ONGRID,NO,NO,NO,NO,NO,NO,-33.444518,-70.656032
RP802,5744646,Metropolitano,D,nan,ONGRID,NO,NO,NO,NO,NO,NO,-33.444517,-70.656031
RP457,5744647,Norte,D,nan,ONGRID,NO,NO,NO,NO,NO,NO,-33.444516,-70.65603
RP278,5744648,Metropolitano,D,nan,ONGRID,NO,NO,NO,NO,NO,NO,-33.444515,-70.656029
RP385,5744649,Sur,D,nan,ONGRID,NO,NO,NO,NO,NO,NO,-33.444514,-70.656028
RP821,5744650,Metropolitano,D,nan,ONGRID,NO,NO,NO,NO,NO,NO,-33.444513,-70.656027
RP980,5744651,Metropolitano,D,nan,ONGRID,NO,NO,NO,NO,NO,NO,-33.444512,-70.656026
RP512,5744652,Metropolitano,D,nan,ONGRID,NO,NO,NO,NO,NO,NO,-33.444511,-70.656025
RP564,5744653,Sur,D,nan,ONGRID,NO,NO,NO,NO,NO,NO,-33.44451,-70.656024
RP155,5744654,Metropolitano,D,nan,ONGRID,NO,NO,NO,NO,NO,NO,-33.444509,-70.656023
RP001,5744655,Metropolitano,D,nan,ONGRID,NO,NO,NO,NO,NO,NO,-33.444508,-70.656022
RP452,5744656,Metropolitano,D,nan,ONGRID,NO,NO,NO,NO,NO,NO,-33.444507,-70.656021
RP456,5744657,Metropolitano,D,nan,ONGRID,NO,NO,NO,NO,NO,NO,-33.444506,-70.65602
RP449,5744658,Metropolitano,D,nan,ONGRID,NO,NO,NO,NO,NO,NO,-33.444505,-70.656019
RP519,5744659,Centro,C,nan,ONGRID,NO,NO,NO,NO,NO,NO,-33.444504,-70.656018
RP526,5744660,Centro,D,nan,ONGRID,NO,NO,NO,NO,NO,NO,-33.444503,-70.656017
RP341,5744661,Metropolitano,C,nan,ONGRID,NO,NO,NO,NO,NO,NO,-33.444502,-70.656016
RP451,5744662,Metropolitano,C,nan,ONGRID,NO,NO,NO,NO,NO,NO,-33.444501,-70.656015
RP446,5744663,Metropolitano,D,nan,ONGRID,NO,NO,NO,NO,NO,NO,-33.4445,-70.656014
RP029,5744664,Metropolitano,D,nan,ONGRID,NO,NO,NO,NO,NO,NO,-33.444499,-70.656013
RP899,5744665,Centro,D,nan,ONGRID,NO,NO,NO,NO,NO,NO,-33.444498,-70.656012
RP511,5744666,Sur,D,nan,ONGRID,NO,NO,NO,NO,NO,NO,-33.444497,-70.656011
RP092,5744667,Centro,D,nan,ONGRID,NO,NO,NO,NO,NO,NO,-33.444496,-70.65601
RP380,5744668,Sur,D,nan,ONGRID,NO,NO,NO,NO,NO,NO,-33.444495,-70.656009
RP713,5744669,Norte,D,nan,ONGRID,NO,NO,NO,NO,NO,NO,-33.444494,-70.656008
RP191,5744670,Centro,D,nan,ONGRID,NO,NO,NO,NO,NO,NO,-33.444493,-70.656007
RP416,5744671,Metropolitano,D,nan,ONGRID,NO,NO,NO,NO,NO,NO,-33.444492,-70.656006
RP308,5744672,Metropolitano,D,nan,ONGRID,NO,NO,NO,NO,NO,NO,-33.444491,-70.656005
RP865,5744673,Norte,D,nan,ONGRID,NO,NO,NO,NO,NO,NO,-33.44449,-70.656004
RP824,5744674,Metropolitano,D,nan,ONGRID,NO,NO,NO,NO,NO,NO,-33.444489,-70.656003
RP965,5744675,Sur,D,nan,ONGRID,NO,NO,NO,NO,NO,NO,-33.444488,-70.656002
RP136,5744676,Metropolitano,D,nan,ONGRID,NO,NO,NO,NO,NO,NO,-33.444487,-70.656001
RP165,5744677,Metropolitano,D,nan,ONGRID,NO,NO,NO,NO,NO,NO,-33.444486,-70.656
RP587,5744678,Centro,D,nan,ONGRID,NO,NO,NO,NO,NO,NO,-33.444485,-70.655999
RP445,5744679,Metropolitano,D,nan,ONGRID,NO,NO,NO,NO,NO,NO,-33.444484,-70.655998
RP919,5744680,Sur,D,nan,ONGRID,NO,NO,NO,NO,NO,NO,-33.444483,-70.655997
RP572,5744681,Norte,D,nan,ONGRID,NO,NO,NO,NO,NO,NO,-33.444482,-70.655996
RP415,5744682,Metropolitano,D,nan,ONGRID,NO,NO,NO,NO,NO,NO,-33.444481,-70.655995
RP143,5744683,Metropolitano,A,nan,ONGRID,NO,NO,NO,NO,SI,NO,-33.44448,-70.655994
RP129,5744684,Metropolitano,C,nan,ONGRID,NO,NO,NO,NO,NO,NO,-33.444479,-70.655993
RP983,5744685,Norte,C,nan,ONGRID,NO,NO,NO,NO,NO,NO,-33.444478,-70.655992
RP464,5744686,Metropolitano,C,nan,ONGRID,NO,NO,NO,NO,NO,NO,-33.444477,-70.655991
RP148,5744687,Metropolitano,C,nan,ONGRID,NO,NO,NO,NO,NO,NO,-33.444476,-70.65599
RP588,5744688,Centro,D,nan,ONGRID,NO,NO,NO,NO,NO,NO,-33.444475,-70.655989
RP073,5744689,Austral,D,nan,ONGRID,NO,NO,NO,NO,NO,NO,-33.444474,-70.655988
RP382,5744690,Metropolitano,D,nan,ONGRID,NO,NO,NO,NO,NO,NO,-33.444473,-70.655987
RP050,5744691,Metropolitano,D,nan,ONGRID,NO,NO,NO,NO,NO,NO,-33.444472,-70.655986
RP390,5744692,Metropolitano,D,nan,ONGRID,NO,NO,NO,NO,NO,NO,-33.444471,-70.655985
RP187,5744693,Metropolitano,D,nan,ONGRID,NO,NO,NO,NO,NO,NO,-33.44447,-70.655984
RP381,5744694,Sur,D,nan,ONGRID,NO,NO,NO,NO,NO,NO,-33.444469,-70.655983
RP315,5744695,Centro,D,nan,ONGRID,NO,NO,NO,NO,NO,NO,-33.444468,-70.655982
RP358,5744696,Metropolitano,D,nan,ONGRID,NO,NO,NO,NO,NO,NO,-33.444467,-70.655981
RP047,5744697,Metropolitano,D,nan,ONGRID,NO,NO,NO,NO,NO,NO,-33.444466,-70.65598
RP183,5744698,Norte,D,nan,ONGRID,NO,NO,NO,NO,NO,NO,-33.444465,-70.655979
RP000,5744699,Norte,D,nan,ONGRID,NO,NO,NO,NO,NO,NO,-33.444464,-70.655978
RP379,5744700,Norte,D,nan,ONGRID,NO,NO,NO,NO,NO,NO,-33.444463,-70.655977
RP418,5744701,Metropolitano,D,nan,ONGRID,NO,NO,NO,NO,NO,NO,-33.444462,-70.655976
RP030,5744702,Metropolitano,D,nan,ONGRID,NO,NO,NO,NO,NO,NO,-33.444461,-70.655975
RP931,5744703,Austral,D,nan,ONGRID,NO,NO,NO,NO,NO,NO,-33.44446,-70.655974
RP274,5744704,Metropolitano,D,nan,ONGRID,NO,NO,NO,NO,NO,NO,-33.444459,-70.655973
RPL028,5744705,Norte,C,nan,ONGRID,NO,NO,NO,NO,NO,NO,-33.444458,-70.655972
RP403,5744706,Metropolitano,D,nan,ONGRID,NO,NO,NO,NO,NO,NO,-33.444457,-70.655971
RP989,5744707,Norte,D,nan,ONGRID,NO,NO,NO,NO,NO,NO,-33.444456,-70.65597
RP998,5744708,Norte,C,nan,ONGRID,NO,NO,NO,NO,NO,NO,-33.444455,-70.655969
RPL013,5744709,Norte,C,nan,ONGRID,NO,NO,NO,NO,NO,NO,-33.444454,-70.655968
RP039,5744710,Metropolitano,D,nan,ONGRID,NO,NO,NO,NO,NO,NO,-33.444453,-70.655967
ZV488,90979760,Centro,C,nan,ONGRID,NO,NO,NO,NO,NO,,-32.990285,-71.266006
RP142,5744711,Austral,D,nan,ONGRID,NO,NO,NO,NO,NO,NO,-33.444452,-70.655966
ESTCQ039,5744712,Norte,B2,nan,ONGRID,NO,NO,NO,NO,NO,NO,-33.444451,-70.655965
RP800,5744713,Sur,D,nan,ONGRID,NO,NO,NO,NO,NO,NO,-33.44445,-70.655964
RP979,5744714,Sur,D,nan,ONGRID,NO,NO,NO,NO,NO,NO,-33.444449,-70.655963
RP514,5744715,Metropolitano,D,nan,ONGRID,NO,NO,NO,NO,NO,NO,-33.444448,-70.655962
RP27,5744716,Norte,C,nan,ONGRID,NO,NO,NO,NO,NO,NO,-30.446003,-71.005144
RP817,5744717,Metropolitano,D,nan,ONGRID,NO,NO,NO,NO,NO,NO,-33.444446,-70.65596
RP051,5744718,Metropolitano,D,nan,ONGRID,NO,NO,NO,NO,NO,NO,-33.444445,-70.655959
RP342,5744719,Metropolitano,D,nan,ONGRID,NO,NO,NO,NO,NO,NO,-33.444444,-70.655958
RPL058,5744720,Austral,D,nan,ONGRID,NO,NO,NO,NO,NO,NO,-33.444443,-70.655957
RPL057,5744721,Austral,D,nan,ONGRID,NO,NO,NO,NO,NO,NO,-33.444442,-70.655956
RPL039,5744722,Sur,C,nan,ONGRID,NO,NO,NO,NO,NO,NO,-33.444441,-70.655955
RPL009,5744723,Centro,D,nan,ONGRID,NO,NO,NO,NO,NO,NO,-33.44444,-70.655954
RPL020,5744724,Austral,C,nan,ONGRID,NO,NO,NO,NO,NO,NO,-33.444439,-70.655953
RP40,5744725,Norte,C,nan,ONGRID,NO,NO,NO,NO,NO,NO,-33.444438,-70.655952
RPL032,5744726,Norte,C,nan,ONGRID,NO,NO,NO,NO,NO,NO,-33.444437,-70.655951
RP285,5744727,Sur,D,nan,ONGRID,NO,NO,NO,NO,NO,NO,-33.444436,-70.65595
RP035,5744728,Sur,C,nan,ONGRID,NO,NO,NO,NO,NO,NO,-33.444435,-70.655949
RPL036,5744729,Centro,C,nan,ONGRID,NO,NO,NO,NO,NO,NO,-33.444434,-70.655948
RPL065,5744730,Norte,C,nan,ONGRID,NO,NO,NO,NO,NO,NO,-33.444433,-70.655947
RPL049,5744731,Austral,C,nan,ONGRID,NO,NO,NO,NO,NO,NO,-33.444432,-70.655946
ESTTA010,1,Norte,B1,B+,ONGRID,SI,SI,NO,NO,NO,NO,-20.35094,-70.109575
RPL059,5744732,Norte,B2,nan,ONGRID,NO,NO,NO,NO,NO,NO,-33.444431,-70.655945
RPL015,5744733,Austral,B2,nan,OFFGRID,NO,NO,NO,NO,NO,NO,-33.44443,-70.655944
RPL055,5744734,Norte,D,nan,ONGRID,NO,NO,NO,NO,NO,NO,-33.444429,-70.655943
RPL034,5744735,Centro,C,nan,ONGRID,NO,NO,NO,NO,NO,NO,-34.815408,-71.905718
RPL052,5744736,Austral,B2,nan,ONGRID,NO,NO,NO,NO,NO,NO,-33.444427,-70.655941
RP957,5744737,Metropolitano,D,nan,ONGRID,NO,NO,NO,NO,NO,NO,-33.444426,-70.65594
RPL053,5744738,Austral,D,nan,ONGRID,NO,NO,NO,NO,NO,NO,-41.941111,-72.438306
RPL042,5744739,Norte,C,nan,ONGRID,NO,NO,NO,NO,NO,NO,-33.444424,-70.655938
RPL014,5744740,Austral,C,nan,ONGRID,NO,NO,NO,NO,NO,NO,-33.444423,-70.655937
RPL012,5744741,Austral,C,nan,ONGRID,NO,NO,NO,NO,NO,NO,-33.444422,-70.655936
RPL061,5744742,Centro,C,nan,ONGRID,NO,NO,NO,NO,NO,NO,-33.444421,-70.655935
RPL033,5744743,Norte,D,nan,ONGRID,NO,NO,NO,NO,NO,NO,-33.44442,-70.655934
RPL016,5744744,Austral,B2,nan,ONGRID,NO,NO,NO,NO,NO,NO,-33.444419,-70.655933
RPL045,5744745,Austral,B2,nan,OFFGRID,NO,NO,NO,NO,NO,NO,-33.444418,-70.655932
RPL035,5744746,Centro,C,nan,ONGRID,NO,NO,NO,NO,NO,NO,-33.444417,-70.655931
RPL048,5744747,Austral,C,nan,ONGRID,NO,NO,NO,NO,NO,NO,-33.444416,-70.65593
RPL011,5744748,Austral,B2,nan,ONGRID,NO,NO,NO,NO,NO,NO,-33.444415,-70.655929
ESTAN055,609,Norte,B2,nan,ONGRID,NO,NO,NO,NO,NO,NO,-23.652149,-70.400544
TA899,1,Norte,B1,B+,ONGRID,SI,SI,NO,NO,NO,NO,-20.35094,-70.109575
ESTTA045,2,Norte,A,A,ONGRID,SI,SI,NO,SI,SI,NO,-18.47078,-70.29408
TA226,5,Norte,A,A+,ONGRID,SI,SI,NO,SI,SI,NO,-20.235105,-70.136744
TA232,7,Norte,A,A+,ONGRID,SI,SI,SI,NO,SI,NO,-20.215639,-70.152417
CO219,30,Norte,A,A,ONGRID,SI,SI,SI,SI,SI,NO,-30.60314,-71.198843
CO950,32,Norte,A,A,ONGRID,SI,SI,NO,NO,SI,NO,-31.634606,-71.167203
CO951,33,Norte,A,C,ONGRID,SI,SI,NO,NO,SI,NO,-31.912278,-71.500854
VA071,35,Centro,B1,A+,ONGRID,SI,SI,NO,SI,NO,NO,-33.031083,-71.580156
ESTVA038,36,Centro,B1,nan,ONGRID,SI,SI,NO,SI,NO,NO,-33.043854,-71.6177362
SWVALPO,36,Centro,A,nan,ONGRID,SI,SI,NO,SI,SI,NO,-33.043854,-71.6177362
ZV242,36,Centro,B2,nan,ONGRID,SI,SI,NO,SI,NO,NO,-33.043854,-71.6177362
VA489,37,Centro,A,B+,ONGRID,NO,SI,NO,NO,SI,NO,-33.5804,-71.6134
FG153,39,Metropolitano,C,nan,ONGRID,NO,SI,NO,NO,NO,NO,-33.472806,-70.65775
AS282,39,Metropolitano,B2,nan,ONGRID,NO,SI,NO,NO,NO,NO,-33.472806,-70.65775
SA047,39,Metropolitano,A,A++,ONGRID,NO,SI,NO,NO,SI,NO,-33.472806,-70.65775
AS019,39,Metropolitano,B2,nan,ONGRID,NO,SI,NO,NO,NO,NO,-33.472806,-70.65775
AS021,39,Metropolitano,B2,nan,ONGRID,NO,SI,NO,NO,NO,NO,-33.472806,-70.65775
FG041,39,Metropolitano,E,nan,ONGRID,NO,SI,NO,NO,NO,NO,-33.472806,-70.65775
FG044,39,Metropolitano,B2,nan,ONGRID,NO,SI,NO,NO,NO,NO,-33.472806,-70.65775
AS436,39,Metropolitano,B2,nan,ONGRID,NO,SI,NO,NO,NO,NO,-33.472806,-70.65775
AM847,39,Metropolitano,B2,A++,ONGRID,NO,SI,NO,NO,NO,NO,-33.472806,-70.65775
AS031,39,Metropolitano,B2,A++,ONGRID,NO,SI,NO,NO,NO,NO,-33.472806,-70.65775
AS682,39,Metropolitano,B2,A++,ONGRID,NO,SI,NO,NO,NO,NO,-33.472806,-70.65775
AS778,39,Metropolitano,B2,nan,ONGRID,NO,SI,NO,NO,NO,NO,-33.472806,-70.65775
AS943,39,Metropolitano,C,nan,ONGRID,NO,SI,NO,NO,NO,NO,-33.472806,-70.65775
AS006,39,Metropolitano,B2,nan,ONGRID,NO,SI,NO,NO,NO,NO,-33.472806,-70.65775
AM831,39,Metropolitano,E,nan,ONGRID,NO,SI,NO,NO,NO,NO,-33.472806,-70.65775
AS018,39,Metropolitano,B2,nan,ONGRID,NO,SI,NO,NO,NO,NO,-33.472806,-70.65775
AS358,39,Metropolitano,B2,nan,ONGRID,NO,SI,NO,NO,NO,NO,-33.472806,-70.65775
AS416,39,Metropolitano,B2,nan,ONGRID,NO,SI,NO,NO,NO,NO,-33.472806,-70.65775
FG185,39,Metropolitano,E,nan,ONGRID,NO,SI,NO,NO,NO,NO,-33.472806,-70.65775
FG144,39,Metropolitano,E,nan,ONGRID,NO,SI,NO,NO,NO,NO,-33.472806,-70.65775
AM916,39,Metropolitano,B2,nan,ONGRID,NO,SI,NO,NO,NO,NO,-33.472806,-70.65775
FG040,39,Metropolitano,C,nan,ONGRID,NO,SI,NO,NO,NO,NO,-33.472806,-70.65775
AM876,39,Metropolitano,B2,nan,ONGRID,NO,SI,NO,NO,NO,NO,-33.472806,-70.65775
FG188,39,Metropolitano,E,nan,ONGRID,NO,SI,NO,NO,NO,NO,-33.472806,-70.65775
AS986,39,Metropolitano,E,nan,ONGRID,NO,SI,NO,NO,NO,NO,-33.472806,-70.65775
RS983,45,Metropolitano,B1,nan,ONGRID,NO,SI,SI,NO,NO,NO,-33.4125,-70.606111
AS635,51,Metropolitano,A,C,ONGRID,NO,SI,SI,SI,SI,NO,-33.452642,-70.605307
SA001,52,Metropolitano,A,B+,ONGRID,SI,SI,NO,NO,SI,NO,-33.488192,-70.704667
SA044,53,Metropolitano,A,B+,ONGRID,SI,SI,SI,SI,SI,NO,-33.509708,-70.729611
AS253,60,Metropolitano,E,nan,ONGRID,SI,SI,SI,SI,NO,NO,-33.418866,-70.697145
SA093,63,Metropolitano,A,B+,ONGRID,SI,SI,NO,SI,SI,NO,-33.731333,-70.739972
OH104,64,Centro,A,A+,ONGRID,SI,SI,SI,SI,SI,NO,-34.170681,-70.749358
OH832,65,Centro,B1,B+,ONGRID,SI,SI,NO,NO,NO,NO,-34.40787,-70.86089
OH333,66,Centro,A,A,ONGRID,SI,SI,NO,NO,SI,NO,-34.58668,-70.987278
MA302,68,Centro,A,A+,ONGRID,SI,SI,SI,SI,SI,NO,-35.430546,-71.66039
SWTAL,68,Centro,A,nan,ONGRID,SI,SI,SI,SI,SI,NO,-35.430546,-71.66039
MA332,69,Centro,A,A,ONGRID,SI,SI,NO,NO,SI,NO,-35.8455,-71.5932
MA112,70,Centro,A,B+,ONGRID,SI,SI,NO,NO,SI,NO,-36.143116,-71.822368
BI318,71,Sur,A,A++,ONGRID,SI,SI,SI,NO,SI,NO,-36.6086,-72.105783
BI085,72,Sur,A,A+,ONGRID,NO,SI,SI,SI,SI,NO,-36.821485,-73.052302
BI425,73,Sur,A,C,ONGRID,NO,SI,NO,NO,SI,NO,-37.041564,-72.377736
AR320,77,Sur,A,A+,ONGRID,SI,SI,SI,SI,SI,NO,-38.735502,-72.586419
SWTEM,77,Sur,A,nan,ONGRID,SI,SI,SI,SI,SI,NO,-38.735502,-72.586419
LA468,79,Austral,A,A+,ONGRID,SI,SI,SI,NO,SI,NO,-39.816825,-73.246533
ESTLA045,81,Austral,B1,nan,ONGRID,SI,SI,NO,NO,NO,NO,-41.4677389,-72.9642944
TA227,82,Norte,B1,B+,ONGRID,SI,SI,NO,NO,NO,NO,-20.324722,-69.775278
AN229,104,Norte,A,C,ONGRID,NO,SI,NO,NO,SI,NO,-23.326861,-69.989214
AN896,107,Norte,A,C,ONGRID,NO,SI,NO,NO,SI,NO,-22.195326,-69.757864
AN895,114,Norte,B1,C,ONGRID,NO,SI,NO,NO,NO,NO,-22.332559,-68.990401
AN892,116,Norte,B1,C,ONGRID,NO,SI,NO,NO,NO,NO,-25.41853,-70.42561
AN544,117,Norte,B1,B+,ONGRID,SI,SI,NO,NO,NO,NO,-24.207021,-69.075154
AT150,118,Norte,B1,C,ONGRID,NO,SI,NO,NO,NO,NO,-27.412298,-70.401595
AT890,119,Norte,B1,B+,ONGRID,SI,SI,NO,NO,NO,NO,-27.06705,-70.82064
AT891,123,Norte,B1,C,ONGRID,NO,SI,NO,NO,NO,NO,-26.381473,-70.282682
AT747,124,Norte,B2,C,OFFGRID,NO,SI,NO,NO,NO,NO,-28.121914,-70.559909
AT295,129,Norte,B1,C,ONGRID,NO,SI,NO,NO,NO,NO,-26.247395,-69.627331
AT026,131,Norte,B1,C,ONGRID,NO,NO,NO,NO,NO,NO,-26.819381,-69.233069
AT212,132,Norte,B1,C,ONGRID,NO,SI,NO,NO,NO,NO,-28.479875,-70.779797
AT484,133,Norte,B1,A,ONGRID,SI,SI,NO,NO,NO,NO,-28.575897,-70.762556
CO242,134,Norte,B1,C,ONGRID,NO,SI,NO,NO,NO,NO,-30.604189,-71.170586
CO882,136,Norte,B1,B+,ONGRID,SI,SI,NO,NO,NO,NO,-29.937889,-71.222528
CO886,137,Norte,B1,B+,ONGRID,SI,SI,NO,NO,NO,NO,-30.168453,-70.80928
CO228,138,Norte,B1,C,ONGRID,NO,SI,NO,NO,NO,NO,-29.255292,-70.740316
CO222,139,Norte,B1,B+,ONGRID,SI,SI,NO,SI,NO,NO,-29.96124,-71.340013
VA773,147,Centro,B1,B+,ONGRID,SI,SI,NO,NO,NO,NO,-33.571944,-71.615778
VA050,148,Centro,C,C,ONGRID,NO,NO,NO,NO,NO,NO,-33.171083,-71.618194
VA052,150,Centro,C,C,ONGRID,NO,NO,NO,NO,NO,NO,-32.838082,-70.590338
CO220,151,Norte,B1,B+,ONGRID,SI,NO,NO,NO,NO,NO,-32.043361,-70.975337
VA612,159,Centro,B1,B+,ONGRID,SI,SI,NO,NO,NO,NO,-32.54077,-71.438601
VA501,163,Metropolitano,B1,B+,ONGRID,SI,SI,NO,NO,NO,NO,-27.148953,-109.430796
VA637,164,Centro,B1,C,ONGRID,NO,SI,NO,NO,NO,NO,-32.45,-71.2304
VA605,167,Centro,B2,nan,ONGRID,NO,NO,NO,NO,NO,NO,-33.008806,-71.547806
VA051,170,Centro,B1,C,ONGRID,NO,SI,NO,NO,NO,NO,-33.700003,-71.424128
VA770,172,Centro,B1,B+,ONGRID,SI,SI,NO,NO,NO,NO,-32.880611,-71.243875
VA065,176,Centro,A,A,ONGRID,SI,SI,NO,NO,SI,NO,-32.751611,-70.729211
VA811,184,Centro,B1,B+,ONGRID,SI,SI,NO,NO,NO,NO,-32.769489,-71.4856
VA068,185,Centro,B1,B+,ONGRID,SI,SI,NO,SI,NO,NO,-33.043894,-71.377339
SA049,190,Metropolitano,A,B+,ONGRID,SI,SI,NO,NO,SI,NO,-32.976381,-71.013167
AS331,207,Metropolitano,E,nan,ONGRID,NO,NO,NO,NO,NO,NO,-33.5139763,-70.6001401
AS224,207,Metropolitano,E,nan,ONGRID,NO,NO,NO,NO,NO,NO,-33.5139763,-70.6001401
AS296,207,Metropolitano,E,nan,ONGRID,NO,NO,NO,NO,NO,NO,-33.5139763,-70.6001401
AS270,207,Metropolitano,E,nan,ONGRID,NO,NO,NO,NO,NO,NO,-33.5139763,-70.6001401
AS369,207,Metropolitano,C,nan,ONGRID,NO,NO,NO,NO,NO,NO,-33.5139763,-70.6001401
FG154,207,Metropolitano,E,nan,ONGRID,NO,NO,NO,NO,NO,NO,-33.5139763,-70.6001401
AS931,207,Metropolitano,E,nan,ONGRID,NO,NO,NO,NO,NO,NO,-33.5139763,-70.6001401
SA106,225,Metropolitano,B1,C,ONGRID,NO,SI,NO,NO,NO,NO,-33.686623,-71.217168
SA128,236,Metropolitano,A,B+,ONGRID,SI,SI,NO,NO,SI,NO,-33.657111,-70.939925
OH354,248,Centro,B1,B+,ONGRID,SI,SI,NO,NO,NO,NO,-34.333272,-71.875425
OH305,250,Centro,B1,B+,ONGRID,SI,SI,NO,NO,NO,NO,-34.385021,-71.295453
OH334,252,Centro,B1,B+,ONGRID,SI,SI,NO,NO,NO,NO,-34.631393,-71.010387
OH306,258,Centro,B1,C,ONGRID,NO,NO,NO,NO,NO,NO,-34.592527,-71.210222
MA087,265,Centro,B1,C,ONGRID,NO,NO,NO,NO,NO,NO,-34.979611,-71.230972
MA337,266,Centro,B1,B+,ONGRID,SI,SI,NO,NO,NO,NO,-35.00528,-71.15572
MA307,269,Centro,B1,C,ONGRID,NO,SI,NO,NO,NO,NO,-35.330429,-72.409127
MA300,275,Centro,B1,B+,ONGRID,SI,SI,NO,NO,NO,NO,-35.011111,-72.081667
MA145,278,Centro,B1,B+,ONGRID,SI,SI,NO,NO,NO,NO,-35.330028,-72.424028
MA096,288,Centro,B1,B+,ONGRID,SI,SI,NO,NO,NO,NO,-35.412202,-71.696019
BI083,305,Sur,B1,B+,ONGRID,SI,SI,NO,NO,NO,NO,-36.706778,-72.527472
BI074,306,Sur,B1,B+,ONGRID,SI,SI,NO,NO,NO,NO,-36.835092,-73.044186
BI330,308,Sur,B1,B+,ONGRID,SI,SI,NO,NO,NO,NO,-37.423255,-73.239529
BI339,309,Sur,B1,B+,ONGRID,SI,SI,NO,NO,NO,NO,-36.341636,-71.720489
BI472,310,Sur,B1,C,ONGRID,NO,SI,NO,NO,NO,NO,-37.162274,-72.071269
BI355,315,Sur,B1,B+,ONGRID,SI,SI,NO,NO,NO,NO,-37.442443,-72.371394
BI948,316,Sur,B1,C,ONGRID,NO,SI,NO,NO,NO,NO,-37.618006,-73.651613
BI325,320,Sur,B1,B+,ONGRID,SI,SI,NO,NO,NO,NO,-36.966858,-73.068778
BI742,321,Sur,B1,C,ONGRID,NO,SI,NO,NO,NO,NO,-37.499611,-72.676067
BI471,324,Sur,B1,B+,ONGRID,SI,SI,NO,SI,NO,NO,-36.9555,-73.1625
AR317,344,Sur,B1,B+,ONGRID,SI,SI,NO,NO,NO,NO,-37.799677,-72.711074
AR775,349,Sur,B1,C,ONGRID,NO,SI,NO,NO,NO,NO,-38.754923,-72.581173
AR038,354,Sur,B1,C,ONGRID,NO,SI,NO,NO,NO,NO,-38.419417,-72.79425
AR379,355,Sur,B1,C,ONGRID,SI,SI,NO,NO,NO,NO,-39.323444,-72.684444
AR407,358,Sur,B1,B+,ONGRID,SI,SI,NO,NO,NO,NO,-38.694163,-72.561782
AR450,359,Sur,B1,C,ONGRID,NO,SI,NO,NO,NO,NO,-38.74394,-72.96335
AR368,360,Sur,B1,C,ONGRID,NO,SI,NO,NO,NO,NO,-38.11936,-72.34881
AR420,362,Sur,B1,C,ONGRID,NO,SI,NO,NO,NO,NO,-38.990222,-72.636778
AR423,363,Sur,B1,B+,ONGRID,SI,SI,NO,NO,NO,NO,-39.277803,-71.973476
AR422,367,Sur,B1,B+,ONGRID,SI,SI,NO,NO,NO,NO,-39.285944,-72.24
LA381,369,Austral,B1,B+,ONGRID,SI,SI,NO,NO,NO,NO,-39.815639,-73.154556
LA445,376,Austral,B1,C,ONGRID,NO,NO,NO,NO,NO,NO,-42.264556,-73.693818
LA411,377,Austral,B1,C,ONGRID,NO,SI,NO,NO,NO,NO,-41.765221,-73.139748
LA395,381,Austral,B1,C,ONGRID,NO,SI,NO,NO,NO,NO,-41.89364,-73.8177
LA399,382,Austral,B1,C,OFFGRID,NO,NO,NO,NO,NO,NO,-42.928263,-72.715005
LA392,392,Austral,B1,B+,ONGRID,SI,SI,NO,NO,NO,NO,-41.114136,-73.035753
LA397,393,Austral,A,C,ONGRID,SI,SI,NO,NO,SI,NO,-42.480778,-73.844797
LA443,396,Austral,B1,B+,ONGRID,SI,SI,NO,NO,NO,NO,-40.602386,-73.21072
LA406,397,Austral,A,B+,ONGRID,SI,SI,NO,NO,SI,NO,-41.615889,-73.203889
LA607,398,Austral,B1,C,ONGRID,NO,NO,NO,NO,NO,NO,-43.349466,-72.401586
LA066,401,Austral,B1,C,ONGRID,NO,SI,NO,NO,NO,NO,-43.618592,-71.806356
LA924,405,Austral,B1,C,ONGRID,NO,SI,NO,NO,NO,NO,-40.96894,-72.88325
LA390,406,Austral,B1,B+,ONGRID,SI,SI,NO,NO,NO,NO,-41.313528,-72.997389
AI864,410,Austral,B2,nan,ONGRID,NO,SI,NO,NO,NO,NO,-46.5462167,-71.7257639
AI778,411,Austral,A,A+,ONGRID,SI,SI,NO,NO,SI,NO,-45.572917,-72.065722
SWCOY,411,Austral,A,nan,ONGRID,SI,SI,NO,NO,SI,NO,-45.572917,-72.065722
AI046,412,Austral,B1,C,ONGRID,NO,SI,NO,NO,NO,NO,-44.000971,-72.420823
AI482,413,Austral,A,B+,ONGRID,SI,SI,NO,NO,SI,NO,-45.405706,-72.69428
AI905,414,Austral,B1,C,ONGRID,NO,SI,NO,NO,NO,NO,-45.461231,-72.818069
AI750,415,Austral,B1,C,ONGRID,NO,SI,NO,NO,NO,NO,-44.722794,-72.683833
AI620,416,Austral,B1,C,ONGRID,NO,NO,NO,NO,NO,NO,-44.325747,-72.568212
MG467,417,Austral,A,B+,ONGRID,SI,SI,NO,NO,SI,NO,-53.155333,-71.044528
SWPUNT,424,Austral,A,C,ONGRID,SI,SI,NO,NO,SI,NO,-53.1627,-70.9047
PA153,424,Austral,B2,nan,ONGRID,SI,SI,NO,NO,NO,NO,-53.1627,-70.9047
TA866,441,Norte,A,C,OFFGRID,NO,SI,NO,NO,SI,SI,-18.335584,-69.501781
TA011,443,Norte,A,C,OFFGRID,NO,SI,NO,NO,SI,SI,-18.277903,-69.139297
TA880,455,Norte,B1,B+,ONGRID,SI,SI,NO,NO,NO,NO,-18.489558,-70.32285
TA230,498,Norte,B1,C,ONGRID,NO,SI,NO,NO,NO,NO,-19.813078,-69.962206
ZT503,538,Norte,B1,C,ONGRID,NO,SI,NO,NO,NO,NO,-20.071294,-69.218991
TA231,591,Norte,B1,C,ONGRID,NO,SI,NO,NO,NO,NO,-18.9698,-70.049822
AN246,668,Norte,B2,C,ONGRID,NO,SI,NO,NO,NO,NO,-23.711767,-70.319027
ZC109,839,Norte,B1,C,ONGRID,NO,SI,NO,NO,NO,NO,-26.338244,-70.615753
ESTAT010,862,Norte,B2,nan,ONGRID,NO,SI,NO,NO,NO,NO,-28.466662,-71.218498
ESTAT004,893,Norte,B2,nan,ONGRID,NO,SI,NO,NO,NO,NO,-27.411553,-70.288073
AI621,1035,Austral,B1,nan,ONGRID,NO,NO,NO,NO,NO,NO,-45.150651,-73.508995
MG783,1039,Austral,B1,C,ONGRID,NO,SI,NO,NO,NO,NO,-52.636463,-70.209801
AN203,1043,Norte,A,A+,ONGRID,NO,NO,NO,NO,SI,NO,-23.65228,-70.40036
AT214,1044,Norte,B1,A+,ONGRID,NO,NO,NO,NO,NO,NO,-27.364563,-70.33009
VA766,1195,Centro,B1,B+,ONGRID,SI,SI,NO,NO,NO,NO,-33.014694,-71.492583
ZV042,1259,Centro,B2,C,ONGRID,NO,NO,NO,NO,NO,NO,-32.935089,-70.282583
VA059,1298,Centro,B2,C,ONGRID,NO,SI,NO,NO,NO,NO,-32.814472,-71.193333
RV517,1304,Centro,D,C,ONGRID,NO,NO,NO,NO,NO,NO,-32.925278,-71.521556
VA185,1438,Centro,B2,C,ONGRID,NO,SI,NO,NO,NO,NO,-32.823775,-70.949327
ESTVA042,1527,Centro,B2,nan,ONGRID,NO,SI,NO,NO,NO,NO,-33.2839087,-70.6564678
VA069,1555,Centro,B1,C,ONGRID,SI,NO,NO,SI,NO,NO,-33.049523,-71.426889
VR663,1674,Centro,D,C,ONGRID,NO,NO,NO,NO,NO,NO,-33.033278,-71.640278
AM684,1721,Metropolitano,B2,C,ONGRID,NO,NO,NO,NO,NO,NO,-33.396948,-70.79557
AS980,1819,Metropolitano,E,nan,ONGRID,NO,NO,NO,NO,NO,NO,-33.491856,-70.722081
AS989,1819,Metropolitano,E,nan,ONGRID,NO,NO,NO,NO,NO,NO,-33.491856,-70.722081
FG124,1819,Metropolitano,E,nan,ONGRID,NO,NO,NO,NO,NO,NO,-33.491856,-70.722081
FG026,1819,Metropolitano,E,nan,ONGRID,NO,NO,NO,NO,NO,NO,-33.491856,-70.722081
AS259,1819,Metropolitano,E,nan,ONGRID,NO,NO,NO,NO,NO,NO,-33.491856,-70.722081
SA003,1909,Metropolitano,B1,B+,ONGRID,SI,SI,NO,SI,NO,NO,-33.363972,-70.695667
SA679,2099,Metropolitano,B2,nan,ONGRID,NO,NO,NO,NO,NO,NO,-33.444655,-70.656169
SA472,2099,Metropolitano,B2,nan,ONGRID,NO,NO,NO,NO,NO,NO,-33.444655,-70.656169
GA1000,2099,Metropolitano,NN,nan,ONGRID,NO,NO,NO,NO,NO,NO,-33.444655,-70.656169
SWZOCALO,2099,Metropolitano,A,nan,ONGRID,NO,NO,NO,NO,SI,NO,-33.444655,-70.656169
ESTRM043,2099,Metropolitano,A,nan,ONGRID,NO,NO,NO,NO,SI,NO,-33.444655,-70.656169
ESTRM047,2099,Metropolitano,A,nan,ONGRID,NO,NO,NO,NO,SI,NO,-33.444655,-70.656169
ESTRM046,2099,Metropolitano,A,nan,ONGRID,NO,NO,NO,NO,SI,NO,-33.444655,-70.656169
ESTRM019,2099,Metropolitano,A,nan,ONGRID,NO,NO,NO,NO,SI,NO,-33.444655,-70.656169
ESTRM055,2099,Metropolitano,A,nan,ONGRID,NO,NO,NO,NO,SI,NO,-33.444655,-70.656169
ESTRM044,2099,Metropolitano,A,nan,ONGRID,NO,NO,NO,NO,SI,NO,-33.444655,-70.656169
ESTRM053,2099,Metropolitano,A,nan,ONGRID,NO,NO,NO,NO,SI,NO,-33.444655,-70.656169
ESTRM035,2099,Metropolitano,A,nan,ONGRID,NO,NO,NO,NO,SI,NO,-33.444655,-70.656169
ESTRM036,2099,Metropolitano,A,nan,ONGRID,NO,NO,NO,NO,SI,NO,-33.444655,-70.656169
ESTRM037,2099,Metropolitano,A,nan,ONGRID,NO,NO,NO,NO,SI,NO,-33.444655,-70.656169
ESTRM052,2099,Metropolitano,A,nan,ONGRID,NO,NO,NO,NO,SI,NO,-33.444655,-70.656169
ESTRM038,2099,Metropolitano,A,nan,ONGRID,NO,NO,NO,NO,SI,NO,-33.444655,-70.656169
AS925,2264,Metropolitano,E,nan,ONGRID,NO,NO,NO,NO,NO,NO,-33.391,-70.506639
AS920,2264,Metropolitano,E,nan,ONGRID,NO,NO,NO,NO,NO,NO,-33.391,-70.506639
AS904,2264,Metropolitano,B2,nan,ONGRID,NO,NO,NO,NO,NO,NO,-33.391,-70.506639
AS922,2264,Metropolitano,E,nan,ONGRID,NO,NO,NO,NO,NO,NO,-33.391,-70.506639
AS849,2264,Metropolitano,B2,nan,ONGRID,NO,NO,NO,NO,NO,NO,-33.391,-70.506639
AM935,2264,Metropolitano,E,nan,ONGRID,NO,NO,NO,NO,NO,NO,-33.391,-70.506639
AS975,2264,Metropolitano,B2,nan,ONGRID,NO,NO,NO,NO,NO,NO,-33.391,-70.506639
FG021,2264,Metropolitano,B2,nan,ONGRID,NO,NO,NO,NO,NO,NO,-33.391,-70.506639
FG151,2264,Metropolitano,E,nan,ONGRID,NO,NO,NO,NO,NO,NO,-33.391,-70.506639
AM871,2264,Metropolitano,C,nan,ONGRID,NO,NO,NO,NO,NO,NO,-33.391,-70.506639
AS847,2264,Metropolitano,E,nan,ONGRID,NO,NO,NO,NO,NO,NO,-33.391,-70.506639
AS302,2264,Metropolitano,B2,nan,ONGRID,NO,NO,NO,NO,NO,NO,-33.391,-70.506639
FG018,2264,Metropolitano,E,nan,ONGRID,NO,NO,NO,NO,NO,NO,-33.391,-70.506639
VM018,2264,Metropolitano,C,nan,ONGRID,NO,NO,NO,NO,NO,NO,-33.391,-70.506639
AS921,2264,Metropolitano,E,nan,ONGRID,NO,NO,NO,NO,NO,NO,-33.391,-70.506639
AS299,2264,Metropolitano,E,nan,ONGRID,NO,NO,NO,NO,NO,NO,-33.391,-70.506639
PP012,2264,Metropolitano,C,nan,ONGRID,NO,NO,NO,NO,NO,NO,-33.391,-70.506639
FG003,2264,Metropolitano,B2,nan,ONGRID,NO,NO,NO,NO,NO,NO,-33.391,-70.506639
AM884,2264,Metropolitano,B2,nan,ONGRID,NO,NO,NO,NO,NO,NO,-33.391,-70.506639
AS913,2264,Metropolitano,B2,nan,ONGRID,NO,NO,NO,NO,NO,NO,-33.391,-70.506639
FG008,2264,Metropolitano,B2,nan,ONGRID,NO,NO,NO,NO,NO,NO,-33.391,-70.506639
RS980,2321,Metropolitano,B2,nan,ONGRID,NO,NO,NO,NO,NO,NO,-33.3837167,-70.6242028
FG167,3207,Metropolitano,E,nan,ONGRID,NO,NO,NO,NO,NO,NO,-33.699444,-70.973333
FG137,3207,Metropolitano,E,nan,ONGRID,NO,NO,NO,NO,NO,NO,-33.699444,-70.973333
AS895,3207,Metropolitano,C,nan,ONGRID,NO,NO,NO,NO,NO,NO,-33.699444,-70.973333
AS935,3207,Metropolitano,B2,nan,ONGRID,NO,NO,NO,NO,NO,NO,-33.699444,-70.973333
AS863,3207,Metropolitano,C,nan,ONGRID,NO,NO,NO,NO,NO,NO,-33.699444,-70.973333
FG070,3207,Metropolitano,E,nan,ONGRID,NO,NO,NO,NO,NO,NO,-33.699444,-70.973333
OH576,3696,Centro,B1,B+,ONGRID,SI,SI,NO,NO,NO,NO,-34.64353,-71.3652
FN638,3956,Centro,C,C,ONGRID,NO,NO,NO,NO,NO,NO,-35.020028,-71.453306
ZB782,4087,Sur,E,nan,ONGRID,NO,NO,NO,NO,NO,NO,-37.401361,-72.414667
ZB781,4087,Sur,E,nan,ONGRID,NO,NO,NO,NO,NO,NO,-37.401361,-72.414667
ZB965,4087,Sur,B2,nan,ONGRID,NO,NO,NO,NO,NO,NO,-37.401361,-72.414667
ZB673,4087,Sur,E,nan,ONGRID,NO,NO,NO,NO,NO,NO,-37.401361,-72.414667
BI269,4253,Sur,A,A+,ONGRID,NO,NO,NO,NO,SI,NO,-36.820723,-73.052848
BI129,4274,Sur,B1,C,ONGRID,NO,SI,NO,NO,NO,NO,-37.4788,-73.3581
ZE307,4753,Sur,E,nan,ONGRID,NO,NO,NO,NO,NO,NO,-38.73981,-72.57822
ZE303,4753,Sur,E,nan,ONGRID,NO,NO,NO,NO,NO,NO,-38.73981,-72.57822
ZE638,4753,Sur,B2,nan,ONGRID,NO,NO,NO,NO,NO,NO,-38.73981,-72.57822
ZE316,4753,Sur,E,nan,ONGRID,NO,NO,NO,NO,NO,NO,-38.73981,-72.57822
ZE309,4753,Sur,C,nan,ONGRID,NO,NO,NO,NO,NO,NO,-38.73981,-72.57822
ZE590,4753,Sur,E,nan,ONGRID,NO,NO,NO,NO,NO,NO,-38.73981,-72.57822
AR052,4846,Sur,B1,C,ONGRID,SI,SI,SI,NO,NO,NO,-38.537341,-72.436181
ZE370,4858,Sur,B1,C,ONGRID,SI,SI,NO,NO,NO,NO,-38.457122,-71.365897
AR764,4870,Sur,B2,C,ONGRID,NO,NO,NO,NO,NO,NO,-38.758506,-72.649244
AR370,4874,Sur,B1,B+,ONGRID,SI,SI,NO,NO,NO,NO,-38.554139,-72.403556
AR369,5020,Sur,B1,C,ONGRID,NO,SI,NO,NO,NO,NO,-38.671004,-72.227603
LA383,5111,Austral,B1,C,ONGRID,NO,SI,NO,NO,NO,NO,-40.303722,-73.066444
LA384,5117,Austral,B1,B+,ONGRID,SI,SI,NO,NO,NO,NO,-40.33733,-72.47528
ZL619,5267,Austral,E,nan,ONGRID,NO,NO,NO,NO,NO,NO,-40.607402,-73.750055
LA470,5282,Austral,B1,C,ONGRID,NO,SI,NO,NO,NO,NO,-41.517672,-72.343489
ZL568,5377,Austral,E,nan,ONGRID,NO,NO,NO,NO,NO,NO,-41.482667,-72.977222
ZL406,5377,Austral,C,nan,ONGRID,NO,NO,NO,NO,NO,NO,-41.482667,-72.977222
ZL572,5377,Austral,B2,nan,ONGRID,NO,NO,NO,NO,NO,NO,-41.482667,-72.977222
ZL424,5377,Austral,E,nan,ONGRID,NO,NO,NO,NO,NO,NO,-41.482667,-72.977222
ZL388,5377,Austral,B2,nan,ONGRID,NO,NO,NO,NO,NO,NO,-41.482667,-72.977222
LA447,5478,Austral,A,A+,ONGRID,NO,NO,NO,NO,SI,NO,-41.4693611,-72.9634028
LA922,5519,Austral,B1,C,ONGRID,NO,SI,NO,NO,NO,NO,-40.800596,-73.224968
AI473,5578,Austral,B1,C,ONGRID,NO,SI,NO,NO,NO,NO,-45.909714,-71.70148
MG784,5645,Austral,B2,C,ONGRID,NO,SI,NO,NO,NO,NO,-52.774819,-69.290748
ZV484,6257,Centro,C,nan,ONGRID,NO,NO,NO,NO,NO,NO,-32.61557,-71.429436
ZV709,6261,Centro,B2,nan,ONGRID,NO,NO,NO,NO,NO,NO,-32.613207,-71.426268
ZT039,6264,Norte,D,C,ONGRID,NO,NO,NO,NO,NO,NO,-18.4740397,-70.3151942
ZL405,6478,Austral,B2,C,ONGRID,NO,NO,NO,NO,NO,NO,-41.666567,-73.197397
ZI044,6460,Austral,D,C,ONGRID,NO,NO,NO,NO,NO,NO,-45.4455,-72.046833
ZV711,6525,Centro,B2,nan,ONGRID,NO,NO,NO,NO,NO,NO,-32.612546,-71.428342
AS648,6762,Metropolitano,B2,C,ONGRID,NO,NO,NO,NO,NO,NO,-33.421062,-70.616535
ZA248,6798,Norte,E,C,ONGRID,NO,NO,NO,NO,NO,NO,-23.650494,-70.398339
ZA266,6804,Norte,E,C,ONGRID,NO,NO,NO,NO,NO,NO,-22.470418,-68.930236
ZS544,6920,Norte,B2,C,ONGRID,NO,NO,NO,NO,NO,NO,-29.947375,-71.290597
ZS555,6920,Norte,E,C,ONGRID,NO,NO,NO,NO,NO,NO,-29.947375,-71.290597
ZS598,6920,Norte,E,C,ONGRID,NO,NO,NO,NO,NO,NO,-29.947375,-71.290597
ZV712,6992,Centro,C,nan,ONGRID,NO,NO,NO,NO,NO,NO,-32.631362,-71.422906
ZV482,8345,Centro,C,nan,ONGRID,NO,NO,NO,NO,NO,NO,-32.782929,-71.177629
AS938,289969,Metropolitano,B2,nan,ONGRID,NO,NO,NO,NO,NO,NO,-33.4741565,-70.6109987
FG054,1244347,Metropolitano,E,nan,ONGRID,NO,NO,NO,NO,NO,NO,-33.410679,-70.70755
BI001,5745386,Sur,D,nan,ONGRID,NO,NO,NO,NO,NO,NO,-33.443777,-70.655291
ZB630,13589294,Sur,D,nan,ONGRID,NO,NO,NO,NO,NO,NO,-36.607552,-72.10314
AS249,25507535,Metropolitano,E,nan,ONGRID,NO,NO,NO,NO,NO,NO,-33.42394,-70.741712
AS250,25507535,Metropolitano,E,nan,ONGRID,NO,NO,NO,NO,NO,NO,-33.42394,-70.741712
AS497,25507535,Metropolitano,E,nan,ONGRID,NO,NO,NO,NO,NO,NO,-33.42394,-70.741712
FG122,25513927,Metropolitano,E,nan,ONGRID,NO,NO,NO,NO,NO,NO,-33.452468,-70.569593
FG031,25513927,Metropolitano,E,nan,ONGRID,NO,NO,NO,NO,NO,NO,-33.452468,-70.569593
AS927,32737044,Metropolitano,E,nan,ONGRID,NO,NO,NO,NO,NO,NO,-33.432014,-70.68461
VR253RP,105608625,Centro,C,nan,ONGRID,NO,NO,NO,NO,NO,NO,-32.23625,-70.86189
RPADR,5744749,Norte,C,nan,ONGRID,NO,NO,NO,NO,NO,NO,-33.444414,-70.655928
RPL026,5744750,Norte,C,nan,ONGRID,NO,NO,NO,NO,NO,NO,-33.444413,-70.655927
RP997,5744751,Austral,B2,nan,OFFGRID,NO,NO,NO,NO,NO,NO,-33.444412,-70.655926
RP389,5744761,Sur,D,nan,ONGRID,NO,NO,NO,NO,NO,NO,-33.444402,-70.655916
RPL027,5744762,Norte,C,nan,ONGRID,NO,NO,NO,NO,NO,NO,-19.2814425,-69.293077
RP076,5744763,Sur,D,nan,ONGRID,NO,NO,NO,NO,NO,NO,-33.4444,-70.655914
RP299,5744764,Metropolitano,D,nan,ONGRID,NO,NO,NO,NO,NO,NO,-33.444399,-70.655913
RPL007,5744765,Centro,D,nan,ONGRID,NO,NO,NO,NO,NO,NO,-33.444398,-70.655912
RPL025,5744766,Austral,B2,nan,ONGRID,NO,NO,NO,NO,NO,NO,-33.444397,-70.655911
RP016,5744767,Austral,B2,nan,ONGRID,NO,NO,NO,NO,NO,NO,-33.444396,-70.65591
RPL001,5744768,Norte,C,nan,ONGRID,NO,NO,NO,NO,NO,NO,-33.444395,-70.655909
RP258,5744769,Austral,D,nan,ONGRID,NO,NO,NO,NO,NO,NO,-33.444394,-70.655908
RP085,5744770,Centro,D,nan,ONGRID,NO,NO,NO,NO,NO,NO,-33.444393,-70.655907
RP460,5744771,Metropolitano,D,nan,ONGRID,NO,NO,NO,NO,NO,NO,-33.444392,-70.655906
RP772,5744772,Sur,D,nan,ONGRID,NO,NO,NO,NO,NO,NO,-33.444391,-70.655905
RP462,5744773,Sur,D,nan,ONGRID,NO,NO,NO,NO,NO,NO,-33.44439,-70.655904
RP624,5744774,Metropolitano,D,nan,ONGRID,NO,NO,NO,NO,NO,NO,-33.444389,-70.655903
RP235,5744775,Sur,D,nan,ONGRID,NO,NO,NO,NO,NO,NO,-33.444388,-70.655902
RP337,5744776,Austral,D,nan,ONGRID,NO,NO,NO,NO,NO,NO,-33.444387,-70.655901
RP043,5744777,Metropolitano,D,nan,ONGRID,NO,NO,NO,NO,NO,NO,-33.444386,-70.6559
RP431,5744778,Centro,D,nan,ONGRID,NO,NO,NO,NO,NO,NO,-33.444385,-70.655899
RP799,5744779,Centro,D,nan,ONGRID,NO,NO,NO,NO,NO,NO,-33.444384,-70.655898
RPL018,5744780,Austral,B2,nan,ONGRID,NO,NO,NO,NO,NO,NO,-33.444383,-70.655897
RP995,5744787,Centro,D,nan,ONGRID,NO,NO,NO,NO,NO,NO,-33.444376,-70.65589
RP421,5744788,Metropolitano,D,nan,ONGRID,NO,NO,NO,NO,NO,NO,-33.444375,-70.655889
RP480,5744789,Centro,D,nan,ONGRID,NO,NO,NO,NO,NO,NO,-33.444374,-70.655888
RP412,5744790,Metropolitano,D,nan,ONGRID,NO,NO,NO,NO,NO,NO,-33.444373,-70.655887
RP413,5744791,Metropolitano,D,nan,ONGRID,NO,NO,NO,NO,NO,NO,-33.444372,-70.655886
RP404,5744792,Metropolitano,D,nan,ONGRID,NO,NO,NO,NO,NO,NO,-33.444371,-70.655885
RP405,5744793,Metropolitano,D,nan,ONGRID,NO,NO,NO,NO,NO,NO,-33.44437,-70.655884
RP553,5744794,Centro,D,nan,ONGRID,NO,NO,NO,NO,NO,NO,-33.444369,-70.655883
RP384,5744795,Sur,D,nan,ONGRID,NO,NO,NO,NO,NO,NO,-33.444368,-70.655882
RP049,5744796,Metropolitano,D,nan,ONGRID,NO,NO,NO,NO,NO,NO,-33.444367,-70.655881
RP160,5744797,Metropolitano,D,nan,ONGRID,NO,NO,NO,NO,NO,NO,-33.444366,-70.65588
RP157,5744798,Metropolitano,D,nan,ONGRID,NO,NO,NO,NO,NO,NO,-33.444365,-70.655879
RP158,5744799,Metropolitano,D,nan,ONGRID,NO,NO,NO,NO,NO,NO,-33.444364,-70.655878
RP002,5744800,Austral,D,nan,ONGRID,NO,NO,NO,NO,NO,NO,-33.444363,-70.655877
RP249,5744801,Sur,D,nan,ONGRID,NO,NO,NO,NO,NO,NO,-33.444362,-70.655876
RP005,5744802,Austral,D,nan,ONGRID,NO,NO,NO,NO,NO,NO,-33.444361,-70.655875
RP347,5744803,Centro,D,nan,ONGRID,NO,NO,NO,NO,NO,NO,-33.44436,-70.655874
RP325,5744804,Centro,D,nan,ONGRID,NO,NO,NO,NO,NO,NO,-33.444359,-70.655873
RP752,5744805,Metropolitano,D,nan,ONGRID,NO,NO,NO,NO,NO,NO,-33.444358,-70.655872
RP566,5744806,Metropolitano,D,nan,ONGRID,NO,NO,NO,NO,NO,NO,-33.444357,-70.655871
RP878,5744808,Metropolitano,D,nan,ONGRID,NO,NO,NO,NO,NO,NO,-33.444355,-70.655869
RP021,5744809,Metropolitano,D,nan,ONGRID,NO,NO,NO,NO,NO,NO,-33.444354,-70.655868
RP343,5744810,Centro,D,nan,ONGRID,NO,NO,NO,NO,NO,NO,-33.444353,-70.655867
RP453,5744811,Metropolitano,D,nan,ONGRID,NO,NO,NO,NO,NO,NO,-33.444352,-70.655866
RP270,5744812,Norte,D,nan,ONGRID,NO,NO,NO,NO,NO,NO,-33.444351,-70.655865
RP250,5744813,Centro,D,nan,ONGRID,NO,NO,NO,NO,NO,NO,-33.44435,-70.655864
RP064,5744814,Centro,D,nan,ONGRID,NO,NO,NO,NO,NO,NO,-33.444349,-70.655863
RP774,5744815,Centro,D,nan,ONGRID,NO,NO,NO,NO,NO,NO,-33.444348,-70.655862
RP107,5744816,Centro,D,nan,ONGRID,NO,NO,NO,NO,NO,NO,-33.444347,-70.655861
RP230,5744817,Sur,D,nan,ONGRID,NO,NO,NO,NO,NO,NO,-33.444346,-70.65586
RP130,5744818,Metropolitano,D,nan,ONGRID,NO,NO,NO,NO,NO,NO,-33.444345,-70.655859
RP256,5744819,Sur,D,nan,ONGRID,NO,NO,NO,NO,NO,NO,-33.444344,-70.655858
RP430,5744820,Metropolitano,D,nan,ONGRID,NO,NO,NO,NO,NO,NO,-33.444343,-70.655857
RP397,5744821,Centro,D,nan,ONGRID,NO,NO,NO,NO,NO,NO,-33.444342,-70.655856
RP714,5744822,Norte,D,nan,ONGRID,NO,NO,NO,NO,NO,NO,-33.444341,-70.655855
RP715,5744823,Norte,D,nan,ONGRID,NO,NO,NO,NO,NO,NO,-33.44434,-70.655854
RP345,5744824,Centro,D,nan,ONGRID,NO,NO,NO,NO,NO,NO,-33.444339,-70.655853
RP150,5744825,Metropolitano,D,nan,ONGRID,NO,NO,NO,NO,NO,NO,-33.444338,-70.655852
RP904,5744826,Austral,D,nan,ONGRID,NO,NO,NO,NO,NO,NO,-33.444337,-70.655851
RP233,5744827,Centro,D,nan,ONGRID,NO,NO,NO,NO,NO,NO,-33.444336,-70.65585
RP333,5744830,Centro,D,nan,ONGRID,NO,NO,NO,NO,NO,NO,-33.444333,-70.655847
RP31,5744831,Centro,C,nan,ONGRID,NO,NO,NO,NO,NO,NO,-33.444332,-70.655846
RP031,5744832,Metropolitano,D,nan,ONGRID,NO,NO,NO,NO,NO,NO,-33.444331,-70.655845
RP201,5744833,Metropolitano,D,nan,ONGRID,NO,NO,NO,NO,NO,NO,-33.44433,-70.655844
RP818,5744835,Metropolitano,D,nan,ONGRID,NO,NO,NO,NO,NO,NO,-33.444328,-70.655842
RP812,5744836,Metropolitano,D,nan,ONGRID,NO,NO,NO,NO,NO,NO,-33.444327,-70.655841
RP054,5744837,Metropolitano,D,nan,ONGRID,NO,NO,NO,NO,NO,NO,-33.444326,-70.65584
RP360,5744838,Metropolitano,D,nan,ONGRID,NO,NO,NO,NO,NO,NO,-33.444325,-70.655839
RP820,5744839,Metropolitano,D,nan,ONGRID,NO,NO,NO,NO,NO,NO,-33.444324,-70.655838
RP819,5744840,Metropolitano,D,nan,ONGRID,NO,NO,NO,NO,NO,NO,-33.444323,-70.655837
RP313,5744841,Norte,D,nan,ONGRID,NO,NO,NO,NO,NO,NO,-33.444322,-70.655836
RP147,5744842,Centro,D,nan,ONGRID,NO,NO,NO,NO,NO,NO,-33.444321,-70.655835
RP353,5744843,Metropolitano,D,nan,ONGRID,NO,NO,NO,NO,NO,NO,-33.44432,-70.655834
RP344,5744844,Centro,D,nan,ONGRID,NO,NO,NO,NO,NO,NO,-33.444319,-70.655833
RP193,5744845,Centro,D,nan,ONGRID,NO,NO,NO,NO,NO,NO,-33.444318,-70.655832
RP089,5744846,Metropolitano,D,nan,ONGRID,NO,NO,NO,NO,NO,NO,-33.444317,-70.655831
RP996,5744847,Metropolitano,D,nan,ONGRID,NO,NO,NO,NO,NO,NO,-33.444316,-70.65583
RP747,5744848,Norte,D,nan,ONGRID,NO,NO,NO,NO,NO,NO,-33.444315,-70.655829
RP356,5744849,Norte,D,nan,ONGRID,NO,NO,NO,NO,NO,NO,-33.444314,-70.655828
SA101,5744850,Metropolitano,C,nan,ONGRID,NO,NO,NO,NO,NO,NO,-33.444313,-70.655827
LA192,5744851,Austral,D,nan,ONGRID,NO,NO,NO,NO,NO,NO,-33.444312,-70.655826
ZZ203,5744852,Metropolitano,D,nan,ONGRID,NO,NO,NO,NO,NO,NO,-33.444311,-70.655825
RV387,5744853,Centro,D,nan,ONGRID,NO,NO,NO,NO,NO,NO,-33.44431,-70.655824
AM389,5744854,Metropolitano,B2,nan,ONGRID,NO,NO,NO,NO,NO,NO,-33.444309,-70.655823
ZA038,5744855,Norte,D,nan,ONGRID,NO,NO,NO,NO,NO,NO,-33.444308,-70.655822
AS661,5744856,Metropolitano,B2,nan,ONGRID,NO,NO,NO,NO,NO,NO,-33.444307,-70.655821
SA595,5744857,Metropolitano,B2,nan,ONGRID,NO,NO,NO,NO,NO,NO,-33.444306,-70.65582
AM896,5744858,Metropolitano,D,nan,ONGRID,NO,NO,NO,NO,NO,NO,-33.444305,-70.655819
RM062,5744859,Metropolitano,D,nan,ONGRID,NO,NO,NO,NO,NO,NO,-33.444304,-70.655818
ZM304,5744860,Metropolitano,C,nan,ONGRID,NO,NO,NO,NO,NO,NO,-33.444303,-70.655817
AS946,5744861,Metropolitano,D,nan,ONGRID,NO,NO,NO,NO,NO,NO,-33.444302,-70.655816
RM733,5744862,Metropolitano,D,nan,ONGRID,NO,NO,NO,NO,NO,NO,-33.444301,-70.655815
RM225,5744863,Metropolitano,C,nan,ONGRID,NO,NO,NO,NO,NO,NO,-33.4443,-70.655814
AM914,5744864,Metropolitano,D,nan,ONGRID,NO,NO,NO,NO,NO,NO,-33.444299,-70.655813
ZB106,5744865,Sur,D,nan,ONGRID,NO,NO,NO,NO,NO,NO,-33.444298,-70.655812
AS709,5744866,Metropolitano,D,nan,ONGRID,NO,NO,NO,NO,NO,NO,-33.444297,-70.655811
ZS040,5744867,Norte,D,nan,ONGRID,NO,NO,NO,NO,NO,NO,-33.444296,-70.65581
ZS042,5744868,Norte,D,nan,ONGRID,NO,NO,NO,NO,NO,NO,-33.444295,-70.655809
SA891,5744869,Metropolitano,D,nan,ONGRID,NO,NO,NO,NO,NO,NO,-33.444294,-70.655808
ZS039,5744870,Norte,D,nan,ONGRID,NO,NO,NO,NO,NO,NO,-33.444293,-70.655807
ZS043,5744871,Norte,D,nan,ONGRID,NO,NO,NO,NO,NO,NO,-33.444292,-70.655806
RS194,5744872,Metropolitano,D,nan,ONGRID,NO,NO,NO,NO,NO,NO,-33.444291,-70.655805
SA695,5744873,Metropolitano,C,nan,ONGRID,NO,NO,NO,NO,NO,NO,-33.44429,-70.655804
ZS041,5744874,Norte,D,nan,ONGRID,NO,NO,NO,NO,NO,NO,-33.444289,-70.655803
AM097,5744875,Metropolitano,D,nan,ONGRID,NO,NO,NO,NO,NO,NO,-33.444288,-70.655802
AM740,5744876,Metropolitano,D,nan,ONGRID,NO,NO,NO,NO,NO,NO,-33.444287,-70.655801
AM941,5744877,Metropolitano,D,nan,ONGRID,NO,NO,NO,NO,NO,NO,-33.444286,-70.6558
ZM466,5744878,Metropolitano,D,nan,ONGRID,NO,NO,NO,NO,NO,NO,-33.444285,-70.655799
ZM534,5744879,Metropolitano,D,nan,ONGRID,NO,NO,NO,NO,NO,NO,-33.444284,-70.655798
EV514,5744880,Sur,D,nan,ONGRID,NO,NO,NO,NO,NO,NO,-33.444283,-70.655797
ZB595,5744881,Sur,D,nan,ONGRID,NO,NO,NO,NO,NO,NO,-33.444282,-70.655796
ZT111,5744882,Norte,D,nan,ONGRID,NO,NO,NO,NO,NO,NO,-33.444281,-70.655795
ZE098,5744883,Sur,D,nan,ONGRID,NO,NO,NO,NO,NO,NO,-33.44428,-70.655794
TL149,5744884,Centro,D,nan,ONGRID,NO,NO,NO,NO,NO,NO,-33.444279,-70.655793
RM060,5744885,Metropolitano,D,nan,ONGRID,NO,NO,NO,NO,NO,NO,-33.444278,-70.655792
ZO510,5744886,Centro,D,nan,ONGRID,NO,NO,NO,NO,NO,NO,-33.444277,-70.655791
HL531,5744887,Sur,D,nan,ONGRID,NO,NO,NO,NO,NO,NO,-33.444276,-70.65579
ZL411,5744888,Austral,D,nan,ONGRID,NO,NO,NO,NO,NO,NO,-33.444275,-70.655789
VR727,5744889,Centro,D,nan,ONGRID,NO,NO,NO,NO,NO,NO,-33.444274,-70.655788
RM714,5744890,Metropolitano,D,nan,ONGRID,NO,NO,NO,NO,NO,NO,-33.444273,-70.655787
ZE031,5744891,Sur,D,nan,ONGRID,NO,NO,NO,NO,NO,NO,-33.444272,-70.655786
RM651,5744892,Metropolitano,D,nan,ONGRID,NO,NO,NO,NO,NO,NO,-33.444271,-70.655785
ZL503,5744893,Austral,D,nan,ONGRID,NO,NO,NO,NO,NO,NO,-33.44427,-70.655784
ZZ234,5744894,Metropolitano,D,nan,ONGRID,NO,NO,NO,NO,NO,NO,-33.444269,-70.655783
ZV386,5744895,Centro,D,nan,ONGRID,NO,NO,NO,NO,NO,NO,-33.444268,-70.655782
EV900,5744896,Norte,D,nan,ONGRID,NO,NO,NO,NO,NO,NO,-33.444267,-70.655781
ZB598,5744897,Sur,E,nan,ONGRID,NO,NO,NO,NO,NO,NO,-33.444266,-70.65578
ZB599,5744898,Sur,E,nan,ONGRID,NO,NO,NO,NO,NO,NO,-33.444265,-70.655779
VA890,5744899,Centro,D,nan,ONGRID,NO,NO,NO,NO,NO,NO,-33.444264,-70.655778
AM771,5744900,Metropolitano,D,nan,ONGRID,NO,NO,NO,NO,NO,NO,-33.444263,-70.655777
LS975,5744901,Norte,C,nan,ONGRID,NO,NO,NO,NO,NO,NO,-33.444262,-70.655776
ZM420,5744902,Metropolitano,D,nan,ONGRID,NO,NO,NO,NO,NO,NO,-33.444261,-70.655775
ZB565,5744903,Sur,D,nan,ONGRID,NO,NO,NO,NO,NO,NO,-33.44426,-70.655774
SA836,5744904,Metropolitano,D,nan,ONGRID,NO,NO,NO,NO,NO,NO,-33.444259,-70.655773
ZZ888,5744905,Metropolitano,D,nan,ONGRID,NO,NO,NO,NO,NO,NO,-33.444258,-70.655772
ZI020,5744906,Austral,D,nan,ONGRID,NO,NO,NO,NO,NO,NO,-33.444257,-70.655771
ZL180,5744907,Austral,D,nan,ONGRID,NO,NO,NO,NO,NO,NO,-33.444256,-70.65577
ZE182,5744908,Sur,D,nan,ONGRID,NO,NO,NO,NO,NO,NO,-33.444255,-70.655769
TE450,5744909,Sur,D,nan,ONGRID,NO,NO,NO,NO,NO,NO,-33.444254,-70.655768
TE454,5744910,Sur,D,nan,ONGRID,NO,NO,NO,NO,NO,NO,-33.444253,-70.655767
ZZ228,5744911,Centro,D,nan,ONGRID,NO,NO,NO,NO,NO,NO,-33.444252,-70.655766
ZZ229,5744912,Centro,D,nan,ONGRID,NO,NO,NO,NO,NO,NO,-33.444251,-70.655765
ZZ073,5744913,Centro,D,nan,ONGRID,NO,NO,NO,NO,NO,NO,-33.44425,-70.655764
ZZ230,5744914,Centro,D,nan,ONGRID,NO,NO,NO,NO,NO,NO,-33.444249,-70.655763
BI829,5744916,Sur,D,nan,ONGRID,NO,NO,NO,NO,NO,NO,-33.444247,-70.655761
AM679,5744917,Metropolitano,D,nan,ONGRID,NO,NO,NO,NO,NO,NO,-33.444246,-70.65576
ZV504,5744918,Centro,D,nan,ONGRID,NO,NO,NO,NO,NO,NO,-33.444245,-70.655759
ZZ269,5744919,Metropolitano,D,nan,ONGRID,NO,NO,NO,NO,NO,NO,-33.444244,-70.655758
ZZ270,5744920,Metropolitano,D,nan,ONGRID,NO,NO,NO,NO,NO,NO,-33.444243,-70.655757
AR050,5744921,Sur,D,nan,ONGRID,NO,NO,NO,NO,NO,NO,-33.444242,-70.655756
AM734,5744922,Metropolitano,D,nan,ONGRID,NO,NO,NO,NO,NO,NO,-33.444241,-70.655755
SA691,5744923,Metropolitano,D,nan,ONGRID,NO,NO,NO,NO,NO,NO,-33.44424,-70.655754
AM742,5744924,Metropolitano,D,nan,ONGRID,NO,NO,NO,NO,NO,NO,-33.444239,-70.655753
AM478,5744925,Metropolitano,D,nan,ONGRID,NO,NO,NO,NO,NO,NO,-33.444238,-70.655752
AM743,5744926,Metropolitano,D,nan,ONGRID,NO,NO,NO,NO,NO,NO,-33.444237,-70.655751
AM626,5744927,Metropolitano,D,nan,ONGRID,NO,NO,NO,NO,NO,NO,-33.444236,-70.65575
AM744,5744928,Metropolitano,D,nan,ONGRID,NO,NO,NO,NO,NO,NO,-33.444235,-70.655749
AM409,5744929,Metropolitano,C,nan,ONGRID,NO,NO,NO,NO,NO,NO,-33.444234,-70.655748
ZZ308,5744930,Centro,D,nan,ONGRID,NO,NO,NO,NO,NO,NO,-33.444233,-70.655747
ZZ324,5744931,Centro,D,nan,ONGRID,NO,NO,NO,NO,NO,NO,-33.444232,-70.655746
ZZ294,5744932,Centro,D,nan,ONGRID,NO,NO,NO,NO,NO,NO,-33.444231,-70.655745
ZZ492,5744933,Centro,D,nan,ONGRID,NO,NO,NO,NO,NO,NO,-33.44423,-70.655744
ZZ780,5744934,Austral,D,nan,ONGRID,NO,NO,NO,NO,NO,NO,-33.444229,-70.655743
ZZ889,5744935,Metropolitano,D,nan,ONGRID,NO,NO,NO,NO,NO,NO,-33.444228,-70.655742
EV103,5744936,Sur,D,nan,ONGRID,NO,NO,NO,NO,NO,NO,-33.444227,-70.655741
ZZ777,5744937,Austral,D,nan,ONGRID,NO,NO,NO,NO,NO,NO,-33.444226,-70.65574
ZZ779,5744938,Austral,D,nan,ONGRID,NO,NO,NO,NO,NO,NO,-33.444225,-70.655739
ZZ812,5744939,Metropolitano,D,nan,ONGRID,NO,NO,NO,NO,NO,NO,-33.444224,-70.655738
ZZ626,5744940,Centro,D,nan,ONGRID,NO,NO,NO,NO,NO,NO,-33.444223,-70.655737
ZZ813,5744941,Metropolitano,D,nan,ONGRID,NO,NO,NO,NO,NO,NO,-33.444222,-70.655736
ZZ627,5744942,Centro,D,nan,ONGRID,NO,NO,NO,NO,NO,NO,-33.444221,-70.655735
ZZ509,5744943,Centro,D,nan,ONGRID,NO,NO,NO,NO,NO,NO,-33.44422,-70.655734
ZZ962,5744944,Centro,D,nan,ONGRID,NO,NO,NO,NO,NO,NO,-33.444219,-70.655733
ZZ628,5744945,Centro,D,nan,ONGRID,NO,NO,NO,NO,NO,NO,-33.444218,-70.655732
ZZ934,5744946,Metropolitano,D,nan,ONGRID,NO,NO,NO,NO,NO,NO,-33.444217,-70.655731
ZZ935,5744947,Metropolitano,D,nan,ONGRID,NO,NO,NO,NO,NO,NO,-33.444216,-70.65573
ZZ494,5744948,Centro,D,nan,ONGRID,NO,NO,NO,NO,NO,NO,-33.444215,-70.655729
ZZ847,5744949,Metropolitano,D,nan,ONGRID,NO,NO,NO,NO,NO,NO,-33.444214,-70.655728
ZZ938,5744950,Metropolitano,D,nan,ONGRID,NO,NO,NO,NO,NO,NO,-33.444213,-70.655727
ZZ815,5744951,Metropolitano,D,nan,ONGRID,NO,NO,NO,NO,NO,NO,-33.444212,-70.655726
ZZ819,5744952,Metropolitano,C,nan,ONGRID,NO,NO,NO,NO,NO,NO,-33.444211,-70.655725
ZZ939,5744953,Metropolitano,D,nan,ONGRID,NO,NO,NO,NO,NO,NO,-33.44421,-70.655724
ZZ866,5744954,Metropolitano,D,nan,ONGRID,NO,NO,NO,NO,NO,NO,-33.444209,-70.655723
SA000,5744955,Metropolitano,A,nan,ONGRID,NO,NO,NO,NO,SI,NO,-33.444208,-70.655722
ZA190,5744956,Norte,D,nan,ONGRID,NO,NO,NO,NO,NO,NO,-33.444207,-70.655721
EV909,5744957,Norte,D,nan,ONGRID,NO,NO,NO,NO,NO,NO,-33.444206,-70.65572
AS734,5744958,Metropolitano,E,nan,ONGRID,NO,NO,NO,NO,NO,NO,-33.444205,-70.655719
RM184,5744959,Metropolitano,D,nan,ONGRID,NO,NO,NO,NO,NO,NO,-33.444204,-70.655718
ZZ011,5744960,Sur,D,nan,ONGRID,NO,NO,NO,NO,NO,NO,-33.444203,-70.655717
TA627,5744961,Norte,D,nan,ONGRID,NO,NO,NO,NO,NO,NO,-33.444202,-70.655716
VA105,5744962,Centro,D,nan,ONGRID,NO,NO,NO,NO,NO,NO,-33.444201,-70.655715
AM982,5744963,Metropolitano,D,nan,ONGRID,NO,NO,NO,NO,NO,NO,-33.4442,-70.655714
ZZ379,5744964,Norte,D,nan,ONGRID,NO,NO,NO,NO,NO,NO,-33.444199,-70.655713
ZT109,5744965,Norte,D,nan,ONGRID,NO,NO,NO,NO,NO,NO,-33.444198,-70.655712
ZB500,5744967,Sur,D,nan,ONGRID,NO,NO,NO,NO,NO,NO,-33.444196,-70.65571
CO880,5744968,Norte,D,nan,ONGRID,NO,NO,NO,NO,NO,NO,-33.444195,-70.655709
ZB298,5744969,Sur,D,nan,ONGRID,NO,NO,NO,NO,NO,NO,-33.444194,-70.655708
RS933,5744970,Metropolitano,D,nan,ONGRID,NO,NO,NO,NO,NO,NO,-33.444193,-70.655707
AM730,5744971,Metropolitano,D,nan,ONGRID,NO,NO,NO,NO,NO,NO,-33.444192,-70.655706
AM415,5744972,Metropolitano,D,nan,ONGRID,NO,NO,NO,NO,NO,NO,-33.444191000000004,-70.655705
AM493,5744973,Metropolitano,D,nan,ONGRID,NO,NO,NO,NO,NO,NO,-33.44419,-70.655704
SA400,5744974,Metropolitano,D,nan,ONGRID,NO,NO,NO,NO,NO,NO,-33.444189,-70.655703
EV898,5744975,Metropolitano,D,nan,ONGRID,NO,NO,NO,NO,NO,NO,-33.444188,-70.655702
RS940,5744976,Metropolitano,D,nan,ONGRID,NO,NO,NO,NO,NO,NO,-33.444187,-70.655701
SA213,5744977,Metropolitano,D,nan,ONGRID,NO,NO,NO,NO,NO,NO,-33.444186,-70.6557
AN746,5744978,Norte,D,nan,ONGRID,NO,NO,NO,NO,NO,NO,-33.444185,-70.655699
ZZ046,5744979,Metropolitano,D,nan,ONGRID,NO,NO,NO,NO,NO,NO,-33.444184,-70.655698
CO513,5744980,Norte,D,nan,ONGRID,NO,NO,NO,NO,NO,NO,-33.444183,-70.655697
AS655,5744981,Metropolitano,D,nan,ONGRID,NO,NO,NO,NO,NO,NO,-33.444182,-70.655696
DB247,5744982,Norte,D,nan,ONGRID,NO,NO,NO,NO,NO,NO,-33.444181,-70.655695
PA491,5744983,Austral,D,nan,ONGRID,NO,NO,NO,NO,NO,NO,-33.44418,-70.655694
AM948,5744984,Metropolitano,E,nan,ONGRID,NO,NO,NO,NO,NO,NO,-33.444179,-70.655693
AM949,5744985,Metropolitano,E,nan,ONGRID,NO,NO,NO,NO,NO,NO,-33.444178,-70.655692
ZM233,5744986,Metropolitano,D,nan,ONGRID,NO,NO,NO,NO,NO,NO,-33.444177,-70.655691
ZM003,5744987,Metropolitano,D,nan,ONGRID,NO,NO,NO,NO,NO,NO,-33.444176,-70.65569
SA898,5744988,Metropolitano,D,nan,ONGRID,NO,NO,NO,NO,NO,NO,-33.444175,-70.655689
RS440,5744989,Metropolitano,D,nan,ONGRID,NO,NO,NO,NO,NO,NO,-33.444174,-70.655688
RS183,5744990,Metropolitano,D,nan,ONGRID,NO,NO,NO,NO,NO,NO,-33.444173,-70.655687
AM714,5744991,Metropolitano,D,nan,ONGRID,NO,NO,NO,NO,NO,NO,-33.444172,-70.655686
RS174,5744992,Metropolitano,D,nan,ONGRID,NO,NO,NO,NO,NO,NO,-33.444171,-70.655685
AM560,5744993,Metropolitano,D,nan,ONGRID,NO,NO,NO,NO,NO,NO,-33.44417,-70.655684
AM559,5744994,Metropolitano,D,nan,ONGRID,NO,NO,NO,NO,NO,NO,-33.444169,-70.655683
EV610,5744995,Norte,D,nan,ONGRID,NO,NO,NO,NO,NO,NO,-33.444168,-70.655682
FN969,5744996,Centro,C,nan,ONGRID,NO,NO,NO,NO,NO,NO,-33.444167,-70.655681
RM916,5744997,Metropolitano,D,nan,ONGRID,NO,NO,NO,NO,NO,NO,-33.444166,-70.65568
VA246,5744998,Centro,D,nan,ONGRID,NO,NO,NO,NO,NO,NO,-33.444165,-70.655679
ZV070,5744999,Centro,D,nan,ONGRID,NO,NO,NO,NO,NO,NO,-33.444164,-70.655678
ZB534,5745000,Sur,D,nan,ONGRID,NO,NO,NO,NO,NO,NO,-33.444163,-70.655677
ZL233,5745001,Austral,D,nan,ONGRID,NO,NO,NO,NO,NO,NO,-33.444162,-70.655676
ZS215,5745002,Norte,E,nan,ONGRID,NO,NO,NO,NO,NO,NO,-33.444161,-70.655675
SA639,5745003,Metropolitano,D,nan,ONGRID,NO,NO,NO,NO,NO,NO,-33.44416,-70.655674
ZZ089,5745004,Centro,D,nan,ONGRID,NO,NO,NO,NO,NO,NO,-33.444159,-70.655673
ZZ009,5745005,Metropolitano,D,nan,ONGRID,NO,NO,NO,NO,NO,NO,-33.444158,-70.655672
ZZ010,5745006,Metropolitano,D,nan,ONGRID,NO,NO,NO,NO,NO,NO,-33.444157,-70.655671
AN996,5745007,Norte,D,nan,ONGRID,NO,NO,NO,NO,NO,NO,-33.444156,-70.65567
ZM415,5745008,Metropolitano,B1,nan,ONGRID,SI,NO,NO,NO,NO,NO,-33.444155,-70.655669
RM453,5745009,Metropolitano,D,nan,ONGRID,NO,NO,NO,NO,NO,NO,-33.444154,-70.655668
SA860,5745010,Metropolitano,D,nan,ONGRID,NO,NO,NO,NO,NO,NO,-33.444153,-70.655667
ZV405,5745011,Centro,D,nan,ONGRID,NO,NO,NO,NO,NO,NO,-33.444152,-70.655666
ZM414,5745012,Metropolitano,D,nan,ONGRID,NO,NO,NO,NO,NO,NO,-33.444151,-70.655665
AM859,5745013,Metropolitano,D,nan,ONGRID,NO,NO,NO,NO,NO,NO,-33.44415,-70.655664
AM856,5745014,Metropolitano,D,nan,ONGRID,NO,NO,NO,NO,NO,NO,-33.444149,-70.655663
AM965,5745015,Metropolitano,D,nan,ONGRID,NO,NO,NO,NO,NO,NO,-33.444148,-70.655662
ZV404,5745016,Centro,D,nan,ONGRID,NO,NO,NO,NO,NO,NO,-33.444147,-70.655661
RM448,5745017,Metropolitano,D,nan,ONGRID,NO,NO,NO,NO,NO,NO,-33.444146,-70.65566
RM392,5745018,Metropolitano,B1,nan,ONGRID,SI,NO,NO,NO,NO,NO,-33.444145,-70.655659
AM769,5745019,Metropolitano,D,nan,ONGRID,NO,NO,NO,NO,NO,NO,-33.444144,-70.655658
RM391,5745020,Metropolitano,B1,nan,ONGRID,SI,NO,NO,NO,NO,NO,-33.444143,-70.655657
AM854,5745021,Metropolitano,D,nan,ONGRID,NO,NO,NO,NO,NO,NO,-33.444142,-70.655656
AM855,5745022,Metropolitano,D,nan,ONGRID,NO,NO,NO,NO,NO,NO,-33.444141,-70.655655
SA871,5745023,Metropolitano,B1,nan,ONGRID,SI,NO,NO,NO,NO,NO,-33.44414,-70.655654
AM863,5745024,Metropolitano,D,nan,ONGRID,NO,NO,NO,NO,NO,NO,-33.444139,-70.655653
AM857,5745025,Metropolitano,D,nan,ONGRID,NO,NO,NO,NO,NO,NO,-33.444138,-70.655652
AM861,5745026,Metropolitano,D,nan,ONGRID,NO,NO,NO,NO,NO,NO,-33.444137,-70.655651
RM450,5745027,Metropolitano,B1,nan,ONGRID,SI,NO,NO,NO,NO,NO,-33.444136,-70.65565
RM389,5745028,Metropolitano,B1,nan,ONGRID,SI,NO,NO,NO,NO,NO,-33.444135,-70.655649
AM858,5745029,Metropolitano,D,nan,ONGRID,NO,NO,NO,NO,NO,NO,-33.444134,-70.655648
RM390,5745030,Metropolitano,D,nan,ONGRID,NO,NO,NO,NO,NO,NO,-33.444133,-70.655647
RM385,5745031,Metropolitano,B1,nan,ONGRID,SI,NO,NO,NO,NO,NO,-33.444132,-70.655646
SA323,5745032,Metropolitano,D,nan,ONGRID,NO,NO,NO,NO,NO,NO,-33.444131,-70.655645
AM864,5745033,Metropolitano,D,nan,ONGRID,NO,NO,NO,NO,NO,NO,-33.44413,-70.655644
SA335,5745034,Metropolitano,D,nan,ONGRID,NO,NO,NO,NO,NO,NO,-33.444129,-70.655643
ZV403,5745035,Centro,D,nan,ONGRID,NO,NO,NO,NO,NO,NO,-33.444128,-70.655642
RO156,5745036,Centro,D,nan,ONGRID,NO,NO,NO,NO,NO,NO,-33.444127,-70.655641
ZZ297,5745037,Norte,D,nan,ONGRID,NO,NO,NO,NO,NO,NO,-33.444126,-70.65564
ZU073,5745038,Centro,D,nan,ONGRID,NO,NO,NO,NO,NO,NO,-33.444125,-70.655639
ZU009,5745039,Centro,D,nan,ONGRID,NO,NO,NO,NO,NO,NO,-33.444124,-70.655638
ZZ205,5745040,Metropolitano,D,nan,ONGRID,NO,NO,NO,NO,NO,NO,-33.444123,-70.655637
AM622,5745041,Metropolitano,D,nan,ONGRID,NO,NO,NO,NO,NO,NO,-33.444122,-70.655636
ZZ206,5745042,Metropolitano,D,nan,ONGRID,NO,NO,NO,NO,NO,NO,-33.444121,-70.655635
AM623,5745043,Metropolitano,D,nan,ONGRID,NO,NO,NO,NO,NO,NO,-33.44412,-70.655634
AM673,5745044,Metropolitano,D,nan,ONGRID,NO,NO,NO,NO,NO,NO,-33.444119,-70.655633
ZZ318,5745045,Metropolitano,D,nan,ONGRID,NO,NO,NO,NO,NO,NO,-33.444118,-70.655632
ZZ319,5745046,Metropolitano,D,nan,ONGRID,NO,NO,NO,NO,NO,NO,-33.444117,-70.655631
ZZ320,5745047,Metropolitano,D,nan,ONGRID,NO,NO,NO,NO,NO,NO,-33.444116,-70.65563
ZZ321,5745048,Metropolitano,D,nan,ONGRID,NO,NO,NO,NO,NO,NO,-33.444115,-70.655629
ZZ630,5745049,Metropolitano,D,nan,ONGRID,NO,NO,NO,NO,NO,NO,-33.444114,-70.655628
ZZ631,5745050,Metropolitano,D,nan,ONGRID,NO,NO,NO,NO,NO,NO,-33.444113,-70.655627
EV618,5745051,Metropolitano,D,nan,ONGRID,NO,NO,NO,NO,NO,NO,-33.444112,-70.655626
EV881,5745052,Metropolitano,D,nan,ONGRID,NO,NO,NO,NO,NO,NO,-33.444111,-70.655625
EV882,5745053,Metropolitano,D,nan,ONGRID,NO,NO,NO,NO,NO,NO,-33.44411,-70.655624
EV884,5745054,Metropolitano,D,nan,ONGRID,NO,NO,NO,NO,NO,NO,-33.444109,-70.655623
EV886,5745055,Metropolitano,D,nan,ONGRID,NO,NO,NO,NO,NO,NO,-33.444108,-70.655622
ZZ394,5745056,Centro,D,nan,ONGRID,NO,NO,NO,NO,NO,NO,-33.444107,-70.655621
AR427,5745057,Sur,D,nan,ONGRID,NO,NO,NO,NO,NO,NO,-33.444106,-70.65562
ZZ091,5745058,Metropolitano,D,nan,ONGRID,NO,NO,NO,NO,NO,NO,-33.444105,-70.655619
ZZ210,5745059,Metropolitano,D,nan,ONGRID,NO,NO,NO,NO,NO,NO,-33.444104,-70.655618
ZZ266,5745060,Sur,D,nan,ONGRID,NO,NO,NO,NO,NO,NO,-33.444103,-70.655617
EV171,5745061,Metropolitano,D,nan,ONGRID,NO,NO,NO,NO,NO,NO,-33.444102,-70.655616
EV927,5745062,Metropolitano,D,nan,ONGRID,NO,NO,NO,NO,NO,NO,-33.444101,-70.655615
EV922,5745063,Metropolitano,D,nan,ONGRID,NO,NO,NO,NO,NO,NO,-33.4441,-70.655614
EV132,5745064,Centro,D,nan,ONGRID,NO,NO,NO,NO,NO,NO,-33.444099,-70.655613
EV906,5745065,Centro,D,nan,ONGRID,NO,NO,NO,NO,NO,NO,-33.444098,-70.655612
EV021,5745066,Metropolitano,D,nan,ONGRID,NO,NO,NO,NO,NO,NO,-33.444097,-70.655611
ZZ131,5745067,Metropolitano,D,nan,ONGRID,NO,NO,NO,NO,NO,NO,-33.444096,-70.65561
ZZ207,5745068,Centro,D,nan,ONGRID,NO,NO,NO,NO,NO,NO,-33.444095,-70.655609
ZZ208,5745069,Centro,D,nan,ONGRID,NO,NO,NO,NO,NO,NO,-33.444094,-70.655608
ZZ209,5745070,Centro,D,nan,ONGRID,NO,NO,NO,NO,NO,NO,-33.444093,-70.655607
AM979,5745071,Metropolitano,D,nan,ONGRID,NO,NO,NO,NO,NO,NO,-33.444092,-70.655606
ZZ087,5745072,Centro,D,nan,ONGRID,NO,NO,NO,NO,NO,NO,-33.444091,-70.655605
ZZ013,5745073,Metropolitano,D,nan,ONGRID,NO,NO,NO,NO,NO,NO,-33.44409,-70.655604
ZZ204,5745074,Metropolitano,D,nan,ONGRID,NO,NO,NO,NO,NO,NO,-33.444089,-70.655603
ZZ125,5745075,Norte,D,nan,ONGRID,NO,NO,NO,NO,NO,NO,-33.444088,-70.655602
ZZ132,5745076,Metropolitano,D,nan,ONGRID,NO,NO,NO,NO,NO,NO,-33.444087,-70.655601
ZZ133,5745077,Metropolitano,D,nan,ONGRID,NO,NO,NO,NO,NO,NO,-33.444086,-70.6556
ZZ339,5745078,Centro,D,nan,ONGRID,NO,NO,NO,NO,NO,NO,-33.444085,-70.655599
ZV156,5745079,Centro,D,nan,ONGRID,NO,NO,NO,NO,NO,NO,-33.444084,-70.655598
ZZ285,5745080,Metropolitano,D,nan,ONGRID,NO,NO,NO,NO,NO,NO,-33.444083,-70.655597
ZZ281,5745081,Metropolitano,D,nan,ONGRID,NO,NO,NO,NO,NO,NO,-33.444082,-70.655596
ZZ282,5745082,Metropolitano,D,nan,ONGRID,NO,NO,NO,NO,NO,NO,-33.444081,-70.655595
ZZ283,5745083,Metropolitano,D,nan,ONGRID,NO,NO,NO,NO,NO,NO,-33.44408,-70.655594
ZZ280,5745084,Metropolitano,D,nan,ONGRID,NO,NO,NO,NO,NO,NO,-33.444079,-70.655593
ZZ291,5745085,Centro,D,nan,ONGRID,NO,NO,NO,NO,NO,NO,-33.444078,-70.655592
VR002,5745086,Centro,D,nan,ONGRID,NO,NO,NO,NO,NO,NO,-33.444077,-70.655591
ZZ014,5745087,Metropolitano,D,nan,ONGRID,NO,NO,NO,NO,NO,NO,-33.444076,-70.65559
AS668,5745088,Metropolitano,E,nan,ONGRID,NO,NO,NO,NO,NO,NO,-33.444075,-70.655589
PM102,5745089,Austral,D,nan,ONGRID,NO,NO,NO,NO,NO,NO,-33.444074,-70.655588
ZZ286,5745090,Metropolitano,D,nan,ONGRID,NO,NO,NO,NO,NO,NO,-33.444073,-70.655587
ZO130,5745091,Centro,D,nan,ONGRID,NO,NO,NO,NO,NO,NO,-33.444072,-70.655586
AT096,5745092,Norte,C,nan,ONGRID,NO,NO,NO,NO,NO,NO,-33.444071,-70.655585
ZB602,5745093,Sur,D,nan,ONGRID,NO,NO,NO,NO,NO,NO,-33.44407,-70.655584
ZA178,5745094,Norte,D,nan,ONGRID,NO,NO,NO,NO,NO,NO,-33.444069,-70.655583
ZB477,5745095,Sur,D,nan,ONGRID,NO,NO,NO,NO,NO,NO,-33.444068,-70.655582
ZU207,5745096,Centro,D,nan,ONGRID,NO,NO,NO,NO,NO,NO,-33.444067,-70.655581
ZU208,5745097,Centro,D,nan,ONGRID,NO,NO,NO,NO,NO,NO,-33.444066,-70.65558
ZU209,5745098,Centro,D,nan,ONGRID,NO,NO,NO,NO,NO,NO,-33.444065,-70.655579
AM546,5745099,Metropolitano,D,nan,ONGRID,NO,NO,NO,NO,NO,NO,-33.444064,-70.655578
AM547,5745100,Metropolitano,D,nan,ONGRID,NO,NO,NO,NO,NO,NO,-33.444063,-70.655577
AM548,5745101,Metropolitano,D,nan,ONGRID,NO,NO,NO,NO,NO,NO,-33.444062,-70.655576
ZZ005,5745102,Metropolitano,D,nan,ONGRID,NO,NO,NO,NO,NO,NO,-33.444061,-70.655575
RS941,5745103,Metropolitano,D,nan,ONGRID,NO,NO,NO,NO,NO,NO,-33.44406,-70.655574
AM835,5745104,Metropolitano,D,nan,ONGRID,NO,NO,NO,NO,NO,NO,-33.444059,-70.655573
SA363,5745105,Metropolitano,D,nan,ONGRID,NO,NO,NO,NO,NO,NO,-33.444058,-70.655572
SA283,5745106,Metropolitano,D,nan,ONGRID,NO,NO,NO,NO,NO,NO,-33.444057,-70.655571
ZT110,5745107,Norte,D,nan,ONGRID,NO,NO,NO,NO,NO,NO,-33.444056,-70.65557
ZZ147,5745108,Metropolitano,D,nan,ONGRID,NO,NO,NO,NO,NO,NO,-33.444055,-70.655569
TA030,5745109,Norte,D,nan,ONGRID,NO,NO,NO,NO,NO,NO,-33.444054,-70.655568
ZZ054,5745110,Centro,D,nan,ONGRID,NO,NO,NO,NO,NO,NO,-33.444053,-70.655567
ZM857,5745111,Metropolitano,D,nan,ONGRID,NO,NO,NO,NO,NO,NO,-33.444052,-70.655566
ZZ070,5745112,Metropolitano,D,nan,ONGRID,NO,NO,NO,NO,NO,NO,-33.444051,-70.655565
RM911,5745113,Metropolitano,D,nan,ONGRID,NO,NO,NO,NO,NO,NO,-33.44405,-70.655564
EV137,5745114,Norte,D,nan,ONGRID,NO,NO,NO,NO,NO,NO,-33.444049,-70.655563
ZZ128,5745115,Norte,D,nan,ONGRID,NO,NO,NO,NO,NO,NO,-33.444048,-70.655562
RC985,5745116,Norte,D,nan,ONGRID,NO,NO,NO,NO,NO,NO,-33.444047,-70.655561
ZZ094,5745117,Norte,D,nan,ONGRID,NO,NO,NO,NO,NO,NO,-33.444046,-70.65556
ZZ095,5745118,Norte,D,nan,ONGRID,NO,NO,NO,NO,NO,NO,-33.444045,-70.655559
ZZ096,5745119,Norte,D,nan,ONGRID,NO,NO,NO,NO,NO,NO,-33.444044,-70.655558
ZZ265,5745120,Norte,D,nan,ONGRID,NO,NO,NO,NO,NO,NO,-33.444043,-70.655557
ZI037,5745121,Austral,D,nan,ONGRID,NO,NO,NO,NO,NO,NO,-33.444042,-70.655556
ZE502,5745123,Sur,D,nan,ONGRID,NO,NO,NO,NO,NO,NO,-33.44404,-70.655554
RM824,5745124,Metropolitano,D,nan,ONGRID,NO,NO,NO,NO,NO,NO,-33.444039,-70.655553
ZB543,5745125,Sur,D,nan,ONGRID,NO,NO,NO,NO,NO,NO,-33.444038,-70.655552
RM081,5745126,Metropolitano,D,nan,ONGRID,NO,NO,NO,NO,NO,NO,-33.444037,-70.655551
CC570,5745127,Sur,D,nan,ONGRID,NO,NO,NO,NO,NO,NO,-33.444036,-70.65555
ZE519,5745128,Sur,D,nan,ONGRID,NO,NO,NO,NO,NO,NO,-33.444035,-70.655549
ZZ349,5745129,Metropolitano,D,nan,ONGRID,NO,NO,NO,NO,NO,NO,-33.444034,-70.655548
ZZ347,5745130,Metropolitano,D,nan,ONGRID,NO,NO,NO,NO,NO,NO,-33.444033,-70.655547
ZZ348,5745131,Metropolitano,D,nan,ONGRID,NO,NO,NO,NO,NO,NO,-33.444032,-70.655546
ZZ345,5745132,Metropolitano,D,nan,ONGRID,NO,NO,NO,NO,NO,NO,-33.444031,-70.655545
ZZ346,5745133,Metropolitano,D,nan,ONGRID,NO,NO,NO,NO,NO,NO,-33.44403,-70.655544
CC318,5745134,Sur,D,nan,ONGRID,NO,NO,NO,NO,NO,NO,-33.444029,-70.655543
DH107,5745135,Norte,D,nan,ONGRID,NO,NO,NO,NO,NO,NO,-33.444028,-70.655542
HO543,5745136,Austral,D,nan,ONGRID,NO,NO,NO,NO,NO,NO,-33.444027,-70.655541
AS711,5745137,Metropolitano,D,nan,ONGRID,NO,NO,NO,NO,NO,NO,-33.444026,-70.65554
RS320,5745138,Metropolitano,D,nan,ONGRID,NO,NO,NO,NO,NO,NO,-33.444025,-70.655539
FN945,5745139,Centro,D,nan,ONGRID,NO,NO,NO,NO,NO,NO,-33.444024,-70.655538
RM965,5745140,Metropolitano,D,nan,ONGRID,NO,NO,NO,NO,NO,NO,-33.444023,-70.655537
AN189,5745141,Norte,D,nan,ONGRID,NO,NO,NO,NO,NO,NO,-33.444022,-70.655536
CO949,5745142,Norte,D,nan,ONGRID,NO,NO,NO,NO,NO,NO,-33.444021,-70.655535
AM731,5745143,Metropolitano,D,nan,ONGRID,NO,NO,NO,NO,NO,NO,-33.44402,-70.655534
RS079,5745144,Metropolitano,D,nan,ONGRID,NO,NO,NO,NO,NO,NO,-33.444019,-70.655533
BI326,5745145,Sur,C,nan,ONGRID,NO,NO,NO,NO,NO,NO,-33.444018,-70.655532
FS715,5745146,Austral,C,nan,ONGRID,NO,NO,NO,NO,NO,NO,-33.444017,-70.655531
ZR014,5745147,Austral,D,nan,ONGRID,NO,NO,NO,NO,NO,NO,-33.444016,-70.65553
VA916,5745148,Centro,D,nan,ONGRID,NO,NO,NO,NO,NO,NO,-33.444015,-70.655529
ZB580,5745149,Sur,D,nan,ONGRID,NO,NO,NO,NO,NO,NO,-33.444014,-70.655528
RM610,5745150,Metropolitano,C,nan,ONGRID,NO,NO,NO,NO,NO,NO,-33.444013,-70.655527
AS687,5745151,Metropolitano,D,nan,ONGRID,NO,NO,NO,NO,NO,NO,-33.444012,-70.655526
AS688,5745152,Metropolitano,D,nan,ONGRID,NO,NO,NO,NO,NO,NO,-33.444011,-70.655525
AS689,5745153,Metropolitano,D,nan,ONGRID,NO,NO,NO,NO,NO,NO,-33.44401,-70.655524
AS690,5745154,Metropolitano,D,nan,ONGRID,NO,NO,NO,NO,NO,NO,-33.444009,-70.655523
ZC041,5745155,Norte,C,nan,ONGRID,NO,NO,NO,NO,NO,NO,-33.444008,-70.655522
AM728,5745156,Metropolitano,D,nan,ONGRID,NO,NO,NO,NO,NO,NO,-33.444007,-70.655521
AM729,5745157,Metropolitano,D,nan,ONGRID,NO,NO,NO,NO,NO,NO,-33.444006,-70.65552
ZM303,5745158,Metropolitano,C,nan,ONGRID,NO,NO,NO,NO,NO,NO,-33.444005,-70.655519
AM439,5745159,Metropolitano,C,nan,ONGRID,NO,NO,NO,NO,NO,NO,-33.444004,-70.655518
AM498,5745160,Metropolitano,C,nan,ONGRID,NO,NO,NO,NO,NO,NO,-33.444003,-70.655517
AM499,5745161,Metropolitano,C,nan,ONGRID,NO,NO,NO,NO,NO,NO,-33.444002,-70.655516
AS741,5745162,Metropolitano,D,nan,ONGRID,NO,NO,NO,NO,NO,NO,-33.444001,-70.655515
AS742,5745163,Sur,D,nan,ONGRID,NO,NO,NO,NO,NO,NO,-33.444,-70.655514
AS740,5745164,Metropolitano,D,nan,ONGRID,NO,NO,NO,NO,NO,NO,-33.443999,-70.655513
AM219,5745165,Metropolitano,D,nan,ONGRID,NO,NO,NO,NO,NO,NO,-33.443998,-70.655512
AM804,5745166,Metropolitano,D,nan,ONGRID,NO,NO,NO,NO,NO,NO,-33.443997,-70.655511
AM229,5745167,Metropolitano,D,nan,ONGRID,NO,NO,NO,NO,NO,NO,-33.443996,-70.65551
ZC023,5745168,Norte,D,nan,ONGRID,NO,NO,NO,NO,NO,NO,-33.443995,-70.655509
AM660,5745169,Metropolitano,D,nan,ONGRID,NO,NO,NO,NO,NO,NO,-33.443994,-70.655508
AM661,5745170,Metropolitano,D,nan,ONGRID,NO,NO,NO,NO,NO,NO,-33.443993,-70.655507
AM741,5745171,Metropolitano,D,nan,ONGRID,NO,NO,NO,NO,NO,NO,-33.443992,-70.655506
AS685,5745172,Metropolitano,D,nan,ONGRID,NO,NO,NO,NO,NO,NO,-33.443991,-70.655505
AS686,5745173,Metropolitano,D,nan,ONGRID,NO,NO,NO,NO,NO,NO,-33.44399,-70.655504
AM490,5745174,Metropolitano,D,nan,ONGRID,NO,NO,NO,NO,NO,NO,-33.443989,-70.655503
AS722,5745175,Metropolitano,D,nan,ONGRID,NO,NO,NO,NO,NO,NO,-33.443988,-70.655502
AM201,5745176,Metropolitano,C,nan,ONGRID,NO,NO,NO,NO,NO,NO,-33.443987,-70.655501
ZE138,5745177,Sur,D,nan,ONGRID,NO,NO,NO,NO,NO,NO,-33.443986,-70.6555
ZM392,5745178,Metropolitano,D,nan,ONGRID,NO,NO,NO,NO,NO,NO,-33.443985,-70.655499
MQ002,5745180,Metropolitano,E,nan,ONGRID,NO,NO,NO,NO,NO,NO,-33.443983,-70.655497
RM170,5745185,Metropolitano,D,nan,ONGRID,NO,NO,NO,NO,NO,NO,-33.443978,-70.655492
RM488,5745186,Metropolitano,D,nan,ONGRID,NO,NO,NO,NO,NO,NO,-33.443977,-70.655491
RM224,5745187,Metropolitano,D,nan,ONGRID,NO,NO,NO,NO,NO,NO,-33.443976,-70.65549
RM223,5745188,Metropolitano,D,nan,ONGRID,NO,NO,NO,NO,NO,NO,-33.443975,-70.655489
RM188,5745189,Metropolitano,D,nan,ONGRID,NO,NO,NO,NO,NO,NO,-33.443974,-70.655488
BI691,5745190,Sur,D,nan,ONGRID,NO,NO,NO,NO,NO,NO,-33.443973,-70.655487
RM190,5745191,Metropolitano,D,nan,ONGRID,NO,NO,NO,NO,NO,NO,-33.443972,-70.655486
RM193,5745192,Metropolitano,D,nan,ONGRID,NO,NO,NO,NO,NO,NO,-33.443971,-70.655485
RM231,5745193,Metropolitano,D,nan,ONGRID,NO,NO,NO,NO,NO,NO,-33.44397,-70.655484
RM472,5745194,Metropolitano,D,nan,ONGRID,NO,NO,NO,NO,NO,NO,-33.443969,-70.655483
RM476,5745195,Metropolitano,D,nan,ONGRID,NO,NO,NO,NO,NO,NO,-33.443968,-70.655482
RM210,5745196,Metropolitano,D,nan,ONGRID,NO,NO,NO,NO,NO,NO,-33.443967,-70.655481
SA704,5745197,Metropolitano,D,nan,ONGRID,NO,NO,NO,NO,NO,NO,-33.443966,-70.65548
RM192,5745198,Metropolitano,D,nan,ONGRID,NO,NO,NO,NO,NO,NO,-33.443965,-70.655479
BI816,5745199,Sur,D,nan,ONGRID,NO,NO,NO,NO,NO,NO,-33.443964,-70.655478
RM183,5745200,Metropolitano,D,nan,ONGRID,NO,NO,NO,NO,NO,NO,-33.443963,-70.655477
RM467,5745201,Metropolitano,D,nan,ONGRID,NO,NO,NO,NO,NO,NO,-33.443962,-70.655476
AR522,5745202,Sur,D,nan,ONGRID,NO,NO,NO,NO,NO,NO,-33.443961,-70.655475
RM189,5745222,Metropolitano,D,nan,ONGRID,NO,NO,NO,NO,NO,NO,-33.443941,-70.655455
SA290,5745203,Metropolitano,D,nan,ONGRID,NO,NO,NO,NO,NO,NO,-33.44396,-70.655474
SA337,5745204,Metropolitano,D,nan,ONGRID,NO,NO,NO,NO,NO,NO,-33.443959,-70.655473
SA343,5745205,Metropolitano,D,nan,ONGRID,NO,NO,NO,NO,NO,NO,-33.443958,-70.655472
RA196,5745206,Centro,D,nan,ONGRID,NO,NO,NO,NO,NO,NO,-33.443957,-70.655471
RM146,5745207,Metropolitano,D,nan,ONGRID,NO,NO,NO,NO,NO,NO,-33.443956,-70.65547
BI480,5745208,Sur,D,nan,ONGRID,NO,NO,NO,NO,NO,NO,-33.443955,-70.655469
MA511,5745209,Centro,D,nan,ONGRID,NO,NO,NO,NO,NO,NO,-33.443954,-70.655468
RA198,5745210,Centro,D,nan,ONGRID,NO,NO,NO,NO,NO,NO,-33.443953,-70.655467
VR411,5745211,Centro,D,nan,ONGRID,NO,NO,NO,NO,NO,NO,-33.443952,-70.655466
MG542,5745212,Austral,D,nan,ONGRID,NO,NO,NO,NO,NO,NO,-33.443951,-70.655465
SA467,5745213,Metropolitano,D,nan,ONGRID,NO,NO,NO,NO,NO,NO,-33.44395,-70.655464
RM125,5745214,Metropolitano,D,nan,ONGRID,NO,NO,NO,NO,NO,NO,-33.443949,-70.655463
RM128,5745215,Metropolitano,D,nan,ONGRID,NO,NO,NO,NO,NO,NO,-33.443948,-70.655462
BI476,5745216,Sur,D,nan,ONGRID,NO,NO,NO,NO,NO,NO,-33.443947,-70.655461
RM177,5745217,Metropolitano,D,nan,ONGRID,NO,NO,NO,NO,NO,NO,-33.443946,-70.65546
SA712,5745218,Metropolitano,D,nan,ONGRID,NO,NO,NO,NO,NO,NO,-33.443945,-70.655459
SA713,5745219,Metropolitano,D,nan,ONGRID,NO,NO,NO,NO,NO,NO,-33.443944,-70.655458
LA526,5745220,Austral,D,nan,ONGRID,NO,NO,NO,NO,NO,NO,-33.443943,-70.655457
RM159,5745221,Metropolitano,D,nan,ONGRID,NO,NO,NO,NO,NO,NO,-33.443942,-70.655456
ZM412,5745223,Metropolitano,D,nan,ONGRID,NO,NO,NO,NO,NO,NO,-33.44394,-70.655454
ZM413,5745224,Metropolitano,D,nan,ONGRID,NO,NO,NO,NO,NO,NO,-33.443939,-70.655453
RM203,5745225,Metropolitano,D,nan,ONGRID,NO,NO,NO,NO,NO,NO,-33.443938,-70.655452
RM346,5745226,Metropolitano,C,nan,ONGRID,NO,NO,NO,NO,NO,NO,-33.443937,-70.655451
RM347,5745227,Metropolitano,C,nan,ONGRID,NO,NO,NO,NO,NO,NO,-33.443936,-70.65545
RM121,5745230,Metropolitano,D,nan,ONGRID,NO,NO,NO,NO,NO,NO,-33.443933,-70.655447
RM175,5745231,Metropolitano,D,nan,ONGRID,NO,NO,NO,NO,NO,NO,-33.443932,-70.655446
RM151,5745232,Metropolitano,D,nan,ONGRID,NO,NO,NO,NO,NO,NO,-33.443931,-70.655445
RA197,5745233,Centro,D,nan,ONGRID,NO,NO,NO,NO,NO,NO,-33.44393,-70.655444
LA534,5745234,Austral,D,nan,ONGRID,NO,NO,NO,NO,NO,NO,-33.443929,-70.655443
RM181,5745235,Metropolitano,D,nan,ONGRID,NO,NO,NO,NO,NO,NO,-33.443928,-70.655442
RM147,5745236,Metropolitano,D,nan,ONGRID,NO,NO,NO,NO,NO,NO,-33.443927,-70.655441
BI463,5745237,Sur,D,nan,ONGRID,NO,NO,NO,NO,NO,NO,-33.443926,-70.65544
MG536,5745238,Austral,D,nan,ONGRID,NO,NO,NO,NO,NO,NO,-33.443925,-70.655439
RM471,5745239,Metropolitano,D,nan,ONGRID,NO,NO,NO,NO,NO,NO,-33.443924,-70.655438
RM123,5745240,Metropolitano,D,nan,ONGRID,NO,NO,NO,NO,NO,NO,-33.443923,-70.655437
RM217,5745241,Metropolitano,D,nan,ONGRID,NO,NO,NO,NO,NO,NO,-33.443922,-70.655436
RM219,5745242,Metropolitano,D,nan,ONGRID,NO,NO,NO,NO,NO,NO,-33.443921,-70.655435
AN549,5745243,Norte,C,nan,ONGRID,NO,NO,NO,NO,NO,NO,-33.44392,-70.655434
RO535,5745244,Centro,C,nan,ONGRID,NO,NO,NO,NO,NO,NO,-33.443919,-70.655433
RM186,5745245,Metropolitano,C,nan,ONGRID,NO,NO,NO,NO,NO,NO,-33.443918,-70.655432
RM173,5745246,Metropolitano,D,nan,ONGRID,NO,NO,NO,NO,NO,NO,-33.443917,-70.655431
MA512,5745247,Centro,D,nan,ONGRID,NO,NO,NO,NO,NO,NO,-33.443916,-70.65543
RM484,5745248,Metropolitano,D,nan,ONGRID,NO,NO,NO,NO,NO,NO,-33.443915,-70.655429
RM222,5745249,Metropolitano,D,nan,ONGRID,NO,NO,NO,NO,NO,NO,-33.443914,-70.655428
RM171,5745250,Metropolitano,D,nan,ONGRID,NO,NO,NO,NO,NO,NO,-33.443913,-70.655427
RM218,5745251,Metropolitano,D,nan,ONGRID,NO,NO,NO,NO,NO,NO,-33.443912,-70.655426
LA833,5745252,Austral,D,nan,ONGRID,NO,NO,NO,NO,NO,NO,-33.443911,-70.655425
RM230,5745253,Metropolitano,D,nan,ONGRID,NO,NO,NO,NO,NO,NO,-33.44391,-70.655424
RM127,5745254,Metropolitano,D,nan,ONGRID,NO,NO,NO,NO,NO,NO,-33.443909,-70.655423
SA645,5745255,Metropolitano,D,nan,ONGRID,NO,NO,NO,NO,NO,NO,-33.443908,-70.655422
RM202,5745256,Metropolitano,D,nan,ONGRID,NO,NO,NO,NO,NO,NO,-33.443907,-70.655421
RM179,5745257,Metropolitano,D,nan,ONGRID,NO,NO,NO,NO,NO,NO,-33.443906,-70.65542
RM051,5745258,Metropolitano,D,nan,ONGRID,NO,NO,NO,NO,NO,NO,-33.443905,-70.655419
RM052,5745259,Metropolitano,D,nan,ONGRID,NO,NO,NO,NO,NO,NO,-33.443904,-70.655418
LA424,5745260,Austral,D,nan,ONGRID,NO,NO,NO,NO,NO,NO,-33.443903,-70.655417
BI461,5745261,Sur,D,nan,ONGRID,NO,NO,NO,NO,NO,NO,-33.443902,-70.655416
RM120,5745262,Metropolitano,D,nan,ONGRID,NO,NO,NO,NO,NO,NO,-33.443901,-70.655415
RM118,5745263,Metropolitano,D,nan,ONGRID,NO,NO,NO,NO,NO,NO,-33.4439,-70.655414
RM185,5745264,Metropolitano,D,nan,ONGRID,NO,NO,NO,NO,NO,NO,-33.443899,-70.655413
RM215,5745265,Metropolitano,D,nan,ONGRID,NO,NO,NO,NO,NO,NO,-33.443898,-70.655412
BI479,5745266,Sur,D,nan,ONGRID,NO,NO,NO,NO,NO,NO,-33.443897,-70.655411
RM213,5745267,Metropolitano,D,nan,ONGRID,NO,NO,NO,NO,NO,NO,-33.443896,-70.65541
SA512,5745268,Metropolitano,D,nan,ONGRID,NO,NO,NO,NO,NO,NO,-33.443895,-70.655409
SA518,5745269,Metropolitano,D,nan,ONGRID,NO,NO,NO,NO,NO,NO,-33.443894,-70.655408
RM187,5745270,Metropolitano,D,nan,ONGRID,NO,NO,NO,NO,NO,NO,-33.443893,-70.655407
RM377,5745271,Metropolitano,D,nan,ONGRID,NO,NO,NO,NO,NO,NO,-33.443892,-70.655406
RM226,5745272,Metropolitano,D,nan,ONGRID,NO,NO,NO,NO,NO,NO,-33.443891,-70.655405
RS420,5745273,Metropolitano,D,nan,ONGRID,NO,NO,NO,NO,NO,NO,-33.44389,-70.655404
RM220,5745274,Metropolitano,D,nan,ONGRID,NO,NO,NO,NO,NO,NO,-33.443889,-70.655403
RM419,5745275,Metropolitano,D,nan,ONGRID,NO,NO,NO,NO,NO,NO,-33.443888,-70.655402
RM167,5745276,Metropolitano,D,nan,ONGRID,NO,NO,NO,NO,NO,NO,-33.443887,-70.655401
BI481,5745277,Sur,D,nan,ONGRID,NO,NO,NO,NO,NO,NO,-33.443886,-70.6554
RM172,5745278,Metropolitano,D,nan,ONGRID,NO,NO,NO,NO,NO,NO,-33.443885,-70.655399
RM180,5745279,Metropolitano,D,nan,ONGRID,NO,NO,NO,NO,NO,NO,-33.443884,-70.655398
ZA298,73788746,Norte,C,nan,ONGRID,NO,NO,NO,NO,NO,NO,-22.4629167,-68.9254444
RM487,5745280,Metropolitano,D,nan,ONGRID,NO,NO,NO,NO,NO,NO,-33.443883,-70.655397
RM204,5745281,Metropolitano,D,nan,ONGRID,NO,NO,NO,NO,NO,NO,-33.443882,-70.655396
RM212,5745282,Metropolitano,D,nan,ONGRID,NO,NO,NO,NO,NO,NO,-33.443881,-70.655395
RM207,5745283,Metropolitano,D,nan,ONGRID,NO,NO,NO,NO,NO,NO,-33.44388,-70.655394
RM145,5745284,Metropolitano,D,nan,ONGRID,NO,NO,NO,NO,NO,NO,-33.443879,-70.655393
MA513,5745285,Centro,D,nan,ONGRID,NO,NO,NO,NO,NO,NO,-33.443878,-70.655392
SA295,5745286,Metropolitano,D,nan,ONGRID,NO,NO,NO,NO,NO,NO,-33.443877,-70.655391
MA519,5745287,Centro,D,nan,ONGRID,NO,NO,NO,NO,NO,NO,-33.443876,-70.65539
BI488,5745288,Sur,D,nan,ONGRID,NO,NO,NO,NO,NO,NO,-33.443875,-70.655389
BI489,5745289,Sur,D,nan,ONGRID,NO,NO,NO,NO,NO,NO,-33.443874,-70.655388
SA683,5745290,Metropolitano,D,nan,ONGRID,NO,NO,NO,NO,NO,NO,-33.443873,-70.655387
BI690,5745291,Sur,D,nan,ONGRID,NO,NO,NO,NO,NO,NO,-33.443872,-70.655386
SA971,5745292,Metropolitano,D,nan,ONGRID,NO,NO,NO,NO,NO,NO,-33.443871,-70.655385
SA889,5745293,Metropolitano,D,nan,ONGRID,NO,NO,NO,NO,NO,NO,-33.44387,-70.655384
BI487,5745294,Sur,D,nan,ONGRID,NO,NO,NO,NO,NO,NO,-33.443869,-70.655383
BI483,5745295,Sur,D,nan,ONGRID,NO,NO,NO,NO,NO,NO,-33.443868,-70.655382
BI508,5745296,Sur,D,nan,ONGRID,NO,NO,NO,NO,NO,NO,-33.443867,-70.655381
SA649,5745297,Metropolitano,D,nan,ONGRID,NO,NO,NO,NO,NO,NO,-33.443866,-70.65538
SA696,5745298,Metropolitano,D,nan,ONGRID,NO,NO,NO,NO,NO,NO,-33.443865,-70.655379
BI692,5745299,Sur,D,nan,ONGRID,NO,NO,NO,NO,NO,NO,-33.443864,-70.655378
SA365,5745300,Metropolitano,D,nan,ONGRID,NO,NO,NO,NO,NO,NO,-33.443863,-70.655377
AN122,5745301,Norte,D,nan,ONGRID,NO,NO,NO,NO,NO,NO,-33.443862,-70.655376
AN101,5745302,Norte,D,nan,ONGRID,NO,NO,NO,NO,NO,NO,-33.443861,-70.655375
BI694,5745303,Sur,D,nan,ONGRID,NO,NO,NO,NO,NO,NO,-33.44386,-70.655374
BI082,5745304,Sur,D,nan,ONGRID,NO,NO,NO,NO,NO,NO,-33.443859,-70.655373
BI458,5745305,Sur,D,nan,ONGRID,NO,NO,NO,NO,NO,NO,-33.443858,-70.655372
SA739,5745306,Metropolitano,D,nan,ONGRID,NO,NO,NO,NO,NO,NO,-33.443857,-70.655371
SA498,5745307,Metropolitano,D,nan,ONGRID,NO,NO,NO,NO,NO,NO,-33.443856,-70.65537
SA497,5745308,Metropolitano,D,nan,ONGRID,NO,NO,NO,NO,NO,NO,-33.443855,-70.655369
SA496,5745309,Metropolitano,D,nan,ONGRID,NO,NO,NO,NO,NO,NO,-33.443854,-70.655368
SA495,5745310,Metropolitano,D,nan,ONGRID,NO,NO,NO,NO,NO,NO,-33.443853,-70.655367
ZV402,5745311,Centro,D,nan,ONGRID,NO,NO,NO,NO,NO,NO,-33.443852,-70.655366
SA269,5745312,Metropolitano,D,nan,ONGRID,NO,NO,NO,NO,NO,NO,-33.443851,-70.655365
SA850,5745313,Metropolitano,D,nan,ONGRID,NO,NO,NO,NO,NO,NO,-33.44385,-70.655364
ZM525,5745314,Metropolitano,D,nan,ONGRID,NO,NO,NO,NO,NO,NO,-33.443849,-70.655363
ZM403,5745315,Metropolitano,D,nan,ONGRID,NO,NO,NO,NO,NO,NO,-33.443848,-70.655362
ZM399,5745316,Metropolitano,D,nan,ONGRID,NO,NO,NO,NO,NO,NO,-33.443847,-70.655361
ZM401,5745317,Metropolitano,D,nan,ONGRID,NO,NO,NO,NO,NO,NO,-33.443846,-70.65536
ZZ139,5745337,Centro,D,nan,ONGRID,NO,NO,NO,NO,NO,NO,-33.443826,-70.65534
ZM400,5745318,Metropolitano,D,nan,ONGRID,NO,NO,NO,NO,NO,NO,-33.443845,-70.655359
ZM402,5745319,Metropolitano,D,nan,ONGRID,NO,NO,NO,NO,NO,NO,-33.443844,-70.655358
SA986,5745320,Metropolitano,D,nan,ONGRID,NO,NO,NO,NO,NO,NO,-33.443843,-70.655357
SA987,5745321,Metropolitano,D,nan,ONGRID,NO,NO,NO,NO,NO,NO,-33.443842,-70.655356
SA990,5745322,Metropolitano,D,nan,ONGRID,NO,NO,NO,NO,NO,NO,-33.443841,-70.655355
VR562,5745323,Centro,D,nan,ONGRID,NO,NO,NO,NO,NO,NO,-33.44384,-70.655354
TA009,5745324,Norte,D,nan,ONGRID,NO,NO,NO,NO,NO,NO,-33.443839,-70.655353
ZM337,5745325,Metropolitano,D,nan,ONGRID,NO,NO,NO,NO,NO,NO,-33.443838,-70.655352
AN285,5745326,Norte,D,nan,ONGRID,NO,NO,NO,NO,NO,NO,-33.443837,-70.655351
DC183,5745327,Norte,D,nan,ONGRID,NO,NO,NO,NO,NO,NO,-33.443836,-70.65535
SA230,5745328,Metropolitano,D,nan,ONGRID,NO,NO,NO,NO,NO,NO,-33.443835,-70.655349
AM543,5745329,Centro,D,nan,ONGRID,NO,NO,NO,NO,NO,NO,-33.443834,-70.655348
ZZ149,5745330,Metropolitano,D,nan,ONGRID,NO,NO,NO,NO,NO,NO,-33.443833,-70.655347
AM799,5745331,Metropolitano,D,nan,ONGRID,NO,NO,NO,NO,NO,NO,-33.443832,-70.655346
AM800,5745332,Metropolitano,D,nan,ONGRID,NO,NO,NO,NO,NO,NO,-33.443831,-70.655345
AM801,5745333,Metropolitano,D,nan,ONGRID,NO,NO,NO,NO,NO,NO,-33.44383,-70.655344
AS868,5745334,Metropolitano,D,nan,ONGRID,NO,NO,NO,NO,NO,NO,-33.443829,-70.655343
AM427,5745335,Metropolitano,D,nan,ONGRID,NO,NO,NO,NO,NO,NO,-33.443828,-70.655342
ZZ141,5745336,Centro,D,nan,ONGRID,NO,NO,NO,NO,NO,NO,-33.443827,-70.655341
ZZ140,5745338,Centro,D,nan,ONGRID,NO,NO,NO,NO,NO,NO,-33.443825,-70.655339
ZZ316,5745339,Centro,D,nan,ONGRID,NO,NO,NO,NO,NO,NO,-33.443824,-70.655338
ZZ328,5745340,Centro,D,nan,ONGRID,NO,NO,NO,NO,NO,NO,-33.443823,-70.655337
AS639,5745341,Metropolitano,D,nan,ONGRID,NO,NO,NO,NO,NO,NO,-33.443822,-70.655336
CC395,5745342,Sur,D,nan,ONGRID,NO,NO,NO,NO,NO,NO,-33.443821,-70.655335
AS697,5745343,Metropolitano,E,nan,ONGRID,NO,NO,NO,NO,NO,NO,-33.44382,-70.655334
AS698,5745344,Metropolitano,D,nan,ONGRID,NO,NO,NO,NO,NO,NO,-33.443819,-70.655333
AS699,5745345,Metropolitano,D,nan,ONGRID,NO,NO,NO,NO,NO,NO,-33.443818,-70.655332
RS555,5745346,Metropolitano,D,nan,ONGRID,NO,NO,NO,NO,NO,NO,-33.443817,-70.655331
ZM404,5745347,Metropolitano,D,nan,ONGRID,NO,NO,NO,NO,NO,NO,-33.443816,-70.65533
ZM406,5745348,Metropolitano,D,nan,ONGRID,NO,NO,NO,NO,NO,NO,-33.443815,-70.655329
RM446,5745349,Metropolitano,D,nan,ONGRID,NO,NO,NO,NO,NO,NO,-33.443814,-70.655328
ZM526,5745350,Metropolitano,D,nan,ONGRID,NO,NO,NO,NO,NO,NO,-33.443813,-70.655327
ZM416,5745351,Metropolitano,D,nan,ONGRID,NO,NO,NO,NO,NO,NO,-33.443812,-70.655326
PM480,5745352,Austral,E,nan,ONGRID,NO,NO,NO,NO,NO,NO,-33.443811,-70.655325
RM532,5745353,Metropolitano,D,nan,ONGRID,NO,NO,NO,NO,NO,NO,-33.44381,-70.655324
ZL170,5745354,Austral,C,nan,ONGRID,NO,NO,NO,NO,NO,NO,-33.443809,-70.655323
ZB185,5745355,Sur,D,nan,ONGRID,NO,NO,NO,NO,NO,NO,-33.443808,-70.655322
RS399,5745356,Metropolitano,D,nan,ONGRID,NO,NO,NO,NO,NO,NO,-33.443807,-70.655321
ZZ198,5745359,Metropolitano,D,nan,ONGRID,NO,NO,NO,NO,NO,NO,-33.443804,-70.655318
ZZ199,5745360,Metropolitano,D,nan,ONGRID,NO,NO,NO,NO,NO,NO,-33.443803,-70.655317
SA847,5745361,Metropolitano,D,nan,ONGRID,NO,NO,NO,NO,NO,NO,-33.443802,-70.655316
ZB555,5745362,Sur,D,nan,ONGRID,NO,NO,NO,NO,NO,NO,-33.443801,-70.655315
ZL539,5745363,Austral,D,nan,ONGRID,NO,NO,NO,NO,NO,NO,-33.4438,-70.655314
AM492,5745364,Metropolitano,D,nan,ONGRID,NO,NO,NO,NO,NO,NO,-33.443799,-70.655313
ZS056,5745365,Norte,D,nan,ONGRID,NO,NO,NO,NO,NO,NO,-33.443798,-70.655312
ZA065,5745366,Norte,D,nan,ONGRID,NO,NO,NO,NO,NO,NO,-33.443797,-70.655311
HK561,5745367,Sur,D,nan,ONGRID,NO,NO,NO,NO,NO,NO,-33.443796,-70.65531
SA640,5745368,Metropolitano,D,nan,ONGRID,NO,NO,NO,NO,NO,NO,-33.443795,-70.655309
ZI513,5745369,Centro,B2,nan,ONGRID,NO,NO,NO,NO,NO,NO,-33.443794,-70.655308
ZU501,5745370,Centro,D,nan,ONGRID,NO,NO,NO,NO,NO,NO,-33.443793,-70.655307
ZL505,5745371,Austral,D,nan,ONGRID,NO,NO,NO,NO,NO,NO,-33.443792,-70.655306
AM887,5745372,Metropolitano,E,nan,ONGRID,NO,NO,NO,NO,NO,NO,-33.443791,-70.655305
ZB304,5745373,Sur,D,nan,ONGRID,NO,NO,NO,NO,NO,NO,-33.44379,-70.655304
ZM757,5745375,Metropolitano,D,nan,ONGRID,NO,NO,NO,NO,NO,NO,-33.443788,-70.655302
ZL315,5745376,Austral,D,nan,ONGRID,NO,NO,NO,NO,NO,NO,-33.443787,-70.655301
TE274,5745377,Sur,D,nan,ONGRID,NO,NO,NO,NO,NO,NO,-33.443786,-70.6553
RS838,5745378,Metropolitano,D,nan,ONGRID,NO,NO,NO,NO,NO,NO,-33.443785,-70.655299
AM749,5745379,Metropolitano,D,nan,ONGRID,NO,NO,NO,NO,NO,NO,-33.443784,-70.655298
ZP500,5745380,Austral,D,nan,ONGRID,NO,NO,NO,NO,NO,NO,-33.443783,-70.655297
TA794,5745381,Norte,D,nan,ONGRID,NO,NO,NO,NO,NO,NO,-33.443782,-70.655296
ZZ024,5745382,Austral,D,nan,ONGRID,NO,NO,NO,NO,NO,NO,-33.443781,-70.655295
TA884,5745383,Norte,D,nan,ONGRID,NO,NO,NO,NO,NO,NO,-33.44378,-70.655294
RM601,5745384,Metropolitano,D,nan,ONGRID,NO,NO,NO,NO,NO,NO,-33.443779,-70.655293
ZV398,5745385,Metropolitano,D,nan,ONGRID,NO,NO,NO,NO,NO,NO,-33.443778,-70.655292
TS121,5745387,Centro,D,nan,ONGRID,NO,NO,NO,NO,NO,NO,-33.443776,-70.65529
ZP054,5745388,Austral,C,nan,ONGRID,NO,NO,NO,NO,NO,NO,-33.443775,-70.655289
RA113,5745389,Centro,D,nan,ONGRID,NO,NO,NO,NO,NO,NO,-33.443774,-70.655288
ZO039,5745390,Centro,D,nan,ONGRID,NO,NO,NO,NO,NO,NO,-33.443773,-70.655287
PM191,5745391,Austral,D,nan,ONGRID,NO,NO,NO,NO,NO,NO,-33.443772,-70.655286
ZV503,5745392,Centro,D,nan,ONGRID,NO,NO,NO,NO,NO,NO,-33.443771,-70.655285
VA239,5745393,Centro,D,nan,ONGRID,NO,NO,NO,NO,NO,NO,-33.44377,-70.655284
EV916,5745394,Centro,D,nan,ONGRID,NO,NO,NO,NO,NO,NO,-33.443769,-70.655283
VA863,5745395,Centro,D,nan,ONGRID,NO,NO,NO,NO,NO,NO,-33.443768,-70.655282
ZS507,5745396,Norte,D,nan,ONGRID,NO,NO,NO,NO,NO,NO,-33.443767,-70.655281
ZO511,5745397,Centro,C,nan,ONGRID,NO,NO,NO,NO,NO,NO,-33.443766,-70.65528
ZM755,5745398,Metropolitano,D,nan,ONGRID,NO,NO,NO,NO,NO,NO,-33.443765,-70.655279
ZL048,5745399,Austral,D,nan,ONGRID,NO,NO,NO,NO,NO,NO,-33.443764,-70.655278
RS912,5745400,Metropolitano,D,nan,ONGRID,NO,NO,NO,NO,NO,NO,-33.443763,-70.655277
RS913,5745401,Metropolitano,D,nan,ONGRID,NO,NO,NO,NO,NO,NO,-33.443762,-70.655276
BI899,5745402,Sur,D,nan,ONGRID,NO,NO,NO,NO,NO,NO,-33.443761,-70.655275
PL024,5745403,Norte,C,nan,ONGRID,NO,NO,NO,NO,NO,NO,-33.44376,-70.655274
RS293,5745404,Metropolitano,D,nan,ONGRID,NO,NO,NO,NO,NO,NO,-33.443759,-70.655273
RS551,5745405,Metropolitano,D,nan,ONGRID,NO,NO,NO,NO,NO,NO,-33.443758,-70.655272
TA256,5745406,Norte,D,nan,ONGRID,NO,NO,NO,NO,NO,NO,-33.443757,-70.655271
ZU012,5745407,Centro,D,nan,ONGRID,NO,NO,NO,NO,NO,NO,-33.443756,-70.65527
ZS204,5745408,Norte,D,nan,ONGRID,NO,NO,NO,NO,NO,NO,-33.443755,-70.655269
ZV502,5745409,Centro,D,nan,ONGRID,NO,NO,NO,NO,NO,NO,-33.443754,-70.655268
ZE115,5745410,Sur,D,nan,ONGRID,NO,NO,NO,NO,NO,NO,-33.443753,-70.655267
ZO509,5745411,Centro,D,nan,ONGRID,NO,NO,NO,NO,NO,NO,-33.443752,-70.655266
ZU515,5745412,Centro,D,nan,ONGRID,NO,NO,NO,NO,NO,NO,-33.443751,-70.655265
ZE074,5745413,Sur,D,nan,ONGRID,NO,NO,NO,NO,NO,NO,-33.44375,-70.655264
MA555,5745414,Centro,D,nan,ONGRID,NO,NO,NO,NO,NO,NO,-33.443749,-70.655263
ZM216,5745415,Metropolitano,C,nan,ONGRID,NO,NO,NO,NO,NO,NO,-33.443748,-70.655262
ZV066,5745416,Centro,D,nan,ONGRID,NO,NO,NO,NO,NO,NO,-33.443747,-70.655261
VA865,5745417,Centro,D,nan,ONGRID,NO,NO,NO,NO,NO,NO,-33.443746,-70.65526
VA864,5745418,Centro,D,nan,ONGRID,NO,NO,NO,NO,NO,NO,-33.443745,-70.655259
ZT205,73788788,Norte,C,nan,ONGRID,NO,NO,NO,NO,NO,NO,-20.216584,-70.147746
RS543,5745419,Metropolitano,D,nan,ONGRID,NO,NO,NO,NO,NO,NO,-33.443744,-70.655258
VA291,5745420,Centro,D,nan,ONGRID,NO,NO,NO,NO,NO,NO,-33.443743,-70.655257
LA854,5745421,Austral,D,nan,ONGRID,NO,NO,NO,NO,NO,NO,-33.443742,-70.655256
ZZ100,5745422,Norte,D,nan,ONGRID,NO,NO,NO,NO,NO,NO,-33.443741,-70.655255
ZZ101,5745423,Norte,D,nan,ONGRID,NO,NO,NO,NO,NO,NO,-33.44374,-70.655254
ZZ267,5745424,Norte,D,nan,ONGRID,NO,NO,NO,NO,NO,NO,-33.443739,-70.655253
ZZ268,5745425,Norte,D,nan,ONGRID,NO,NO,NO,NO,NO,NO,-33.443738,-70.655252
AN279,5745426,Norte,D,nan,ONGRID,NO,NO,NO,NO,NO,NO,-33.443737,-70.655251
MA039,5745427,Centro,C,nan,ONGRID,NO,NO,NO,NO,NO,NO,-33.443736,-70.65525
PM426,5745428,Austral,D,nan,ONGRID,NO,NO,NO,NO,NO,NO,-33.443735,-70.655249
SA406,5745429,Metropolitano,D,nan,ONGRID,NO,NO,NO,NO,NO,NO,-33.443734,-70.655248
SA392,5745430,Metropolitano,D,nan,ONGRID,NO,NO,NO,NO,NO,NO,-33.443733,-70.655247
ZM547,5745431,Metropolitano,D,nan,ONGRID,NO,NO,NO,NO,NO,NO,-33.443732,-70.655246
AM223,5745432,Metropolitano,D,nan,ONGRID,NO,NO,NO,NO,NO,NO,-33.443731,-70.655245
ZZ099,5745434,Sur,D,nan,ONGRID,NO,NO,NO,NO,NO,NO,-33.443729,-70.655243
ZS513,5745435,Norte,D,nan,ONGRID,NO,NO,NO,NO,NO,NO,-33.443728,-70.655242
GB691,5745436,Metropolitano,D,nan,ONGRID,NO,NO,NO,NO,NO,NO,-33.443727,-70.655241
CO000,5745437,Norte,D,nan,ONGRID,NO,NO,NO,NO,NO,NO,-33.443726,-70.65524
ZZ422,5745438,Metropolitano,D,nan,ONGRID,NO,NO,NO,NO,NO,NO,-33.443725,-70.655239
LA994,5745439,Austral,D,nan,ONGRID,NO,NO,NO,NO,NO,NO,-33.443724,-70.655238
ZZ380,5745441,Metropolitano,D,nan,ONGRID,NO,NO,NO,NO,NO,NO,-33.443722,-70.655236
ZZ271,5745442,Centro,D,nan,ONGRID,NO,NO,NO,NO,NO,NO,-33.443721,-70.655235
ZA165,5745445,Norte,D,nan,ONGRID,NO,NO,NO,NO,NO,NO,-33.443718,-70.655232
ZB609,5745446,Sur,D,nan,ONGRID,NO,NO,NO,NO,NO,NO,-33.443717,-70.655231
TA889,5745447,Norte,D,nan,ONGRID,NO,NO,NO,NO,NO,NO,-33.443716,-70.65523
AS818,5745448,Metropolitano,D,nan,ONGRID,NO,NO,NO,NO,NO,NO,-33.443715,-70.655229
AS819,5745449,Metropolitano,D,nan,ONGRID,NO,NO,NO,NO,NO,NO,-33.443714,-70.655228
RS903,5745450,Metropolitano,D,nan,ONGRID,NO,NO,NO,NO,NO,NO,-33.443713,-70.655227
ZZ782,5745451,Metropolitano,D,nan,ONGRID,NO,NO,NO,NO,NO,NO,-33.443712,-70.655226
AR840,5745452,Sur,D,nan,ONGRID,NO,NO,NO,NO,NO,NO,-33.443711,-70.655225
AM747,5745453,Metropolitano,D,nan,ONGRID,NO,NO,NO,NO,NO,NO,-33.44371,-70.655224
MQ001,5745454,Metropolitano,D,nan,ONGRID,NO,NO,NO,NO,NO,NO,-33.443709,-70.655223
EV929,5745455,Metropolitano,D,nan,ONGRID,NO,NO,NO,NO,NO,NO,-33.443708,-70.655222
EV928,5745456,Metropolitano,D,nan,ONGRID,NO,NO,NO,NO,NO,NO,-33.443707,-70.655221
AN264,5745457,Norte,D,nan,ONGRID,NO,NO,NO,NO,NO,NO,-33.443706,-70.65522
ZS506,5745458,Norte,D,nan,ONGRID,NO,NO,NO,NO,NO,NO,-33.443705,-70.655219
AM136,5745459,Metropolitano,D,nan,ONGRID,NO,NO,NO,NO,NO,NO,-33.443704,-70.655218
RM512,5745460,Metropolitano,D,nan,ONGRID,NO,NO,NO,NO,NO,NO,-33.443703,-70.655217
AN666,5745461,Norte,D,nan,ONGRID,NO,NO,NO,NO,NO,NO,-33.443702,-70.655216
AS729,5745462,Metropolitano,D,nan,ONGRID,NO,NO,NO,NO,NO,NO,-33.443701,-70.655215
LA528,5745463,Austral,D,nan,ONGRID,NO,NO,NO,NO,NO,NO,-33.4437,-70.655214
HN006,5745464,Austral,D,nan,ONGRID,NO,NO,NO,NO,NO,NO,-33.443699,-70.655213
RM018,5745465,Metropolitano,D,nan,ONGRID,NO,NO,NO,NO,NO,NO,-33.443698,-70.655212
VR092,5745466,Centro,D,nan,ONGRID,NO,NO,NO,NO,NO,NO,-33.443697,-70.655211
ZE067,5745467,Sur,D,nan,ONGRID,NO,NO,NO,NO,NO,NO,-33.443696,-70.65521
BI594,5745468,Sur,D,nan,ONGRID,NO,NO,NO,NO,NO,NO,-33.443695,-70.655209
AS703,5745469,Metropolitano,D,nan,ONGRID,NO,NO,NO,NO,NO,NO,-33.443694,-70.655208
AM978,5745470,Metropolitano,D,nan,ONGRID,NO,NO,NO,NO,NO,NO,-33.443693,-70.655207
AM957,5745471,Metropolitano,D,nan,ONGRID,NO,NO,NO,NO,NO,NO,-33.443692,-70.655206
ZA302,6325188,Norte,E,nan,ONGRID,NO,NO,NO,NO,NO,NO,-23.633867,-70.382038
ZU243,6352666,Centro,E,nan,ONGRID,NO,NO,NO,NO,NO,NO,-34.968505,-71.220242
ZB715,6357162,Sur,E,nan,ONGRID,NO,NO,NO,NO,NO,NO,-36.826485,-73.010013
ZB919,6358144,Sur,E,nan,ONGRID,NO,NO,NO,NO,NO,NO,-36.898433,-73.146642
ZB688,6361626,Sur,E,nan,ONGRID,NO,NO,NO,NO,NO,NO,-37.489798,-72.335414
ZE292,6370911,Sur,D,nan,ONGRID,NO,NO,NO,NO,NO,NO,-38.194506,-72.992255
AS152,6389184,Metropolitano,E,nan,ONGRID,NO,NO,NO,NO,NO,NO,-33.412293,-70.65624
AS276,6404593,Metropolitano,E,nan,ONGRID,NO,NO,NO,NO,NO,NO,-33.461725,-70.742786
AS569,6407261,Metropolitano,E,nan,ONGRID,NO,NO,NO,NO,NO,NO,-33.391044,-70.641334
ZU256,6926385,Centro,E,nan,ONGRID,NO,NO,NO,NO,NO,NO,-35.457656,-71.678779
ZE285,6943099,Sur,D,nan,ONGRID,NO,NO,NO,NO,NO,NO,-38.708625,-73.157636
AS985,6988803,Metropolitano,E,nan,ONGRID,NO,NO,NO,NO,NO,NO,-33.201333,-70.664889
AS255,7541038,Metropolitano,E,nan,ONGRID,NO,NO,NO,NO,NO,NO,-33.403217,-70.676111
AS815,7566807,Metropolitano,D,nan,ONGRID,NO,NO,NO,NO,NO,NO,-33.823834,-70.741826
AS354,7567676,Metropolitano,D,nan,ONGRID,NO,NO,NO,NO,NO,NO,-33.685338,-71.032425
ZB767,7607850,Sur,D,nan,ONGRID,NO,NO,NO,NO,NO,NO,-37.204256,-73.220329
ZO457,7690484,Centro,D,nan,ONGRID,NO,NO,NO,NO,NO,NO,-34.304111,-70.826778
ZO538,8842197,Centro,D,nan,ONGRID,NO,NO,NO,NO,NO,NO,-34.159967,-70.800721
ZO139,8842212,Centro,E,nan,ONGRID,NO,NO,NO,NO,NO,NO,-34.181902,-70.726422
ZO537,8843270,Centro,D,nan,ONGRID,NO,NO,NO,NO,NO,NO,-34.465197,-70.898263
ZU242,8850176,Centro,D,nan,ONGRID,NO,NO,NO,NO,NO,NO,-34.987698,-72.019159
ZF001,8861818,Sur,E,nan,ONGRID,NO,NO,NO,NO,NO,NO,-36.606605,-72.068832
ZE624,8866979,Sur,D,nan,ONGRID,NO,NO,NO,NO,NO,NO,-39.269123,-71.919139
ZR010,8871723,Austral,D,nan,ONGRID,NO,NO,NO,NO,NO,NO,-40.121448,-72.382633
ZI056,8877601,Austral,D,nan,ONGRID,NO,NO,NO,NO,NO,NO,-45.585839,-72.042907
ZI057,8877607,Austral,D,nan,ONGRID,NO,NO,NO,NO,NO,NO,-45.58191,-72.028161
AS753,8894622,Metropolitano,D,nan,ONGRID,NO,NO,NO,NO,NO,NO,-33.410602,-70.574365
AS793,8898985,Metropolitano,E,nan,ONGRID,NO,NO,NO,NO,NO,NO,-33.501669,-70.783008
AS213,8904984,Metropolitano,E,nan,ONGRID,NO,NO,NO,NO,NO,NO,-33.402905,-70.632049
ZT128,9014308,Norte,D,nan,ONGRID,NO,NO,NO,NO,NO,NO,-21.005436,-68.843194
ZA315,9016648,Norte,D,nan,ONGRID,NO,NO,NO,NO,NO,NO,-22.301583,-68.9166
ZR041,9062858,Austral,D,nan,ONGRID,NO,NO,NO,NO,NO,NO,-39.531275,-72.841092
AS652,9081537,Metropolitano,D,nan,ONGRID,NO,NO,NO,NO,NO,NO,-33.516149,-70.598378
AS900,9087475,Metropolitano,D,nan,ONGRID,NO,NO,NO,NO,NO,NO,-33.413123,-70.603801
BI967,12426872,Sur,C,C,ONGRID,NO,NO,NO,NO,NO,NO,-37.207735,-73.227084
ZT127,13547168,Norte,D,nan,ONGRID,NO,NO,NO,NO,NO,NO,-20.268164,-70.094258
ZA460,13547725,Norte,D,nan,ONGRID,NO,NO,NO,NO,NO,NO,-23.5699,-70.3871
ZA292,13549751,Norte,E,nan,ONGRID,NO,NO,NO,NO,NO,NO,-23.570652,-70.381162
ZA319,13549874,Norte,D,nan,ONGRID,NO,NO,NO,NO,NO,NO,-22.875636,-69.361922
ZA294,13551088,Norte,E,nan,ONGRID,NO,NO,NO,NO,NO,NO,-25.403348,-70.472495
ZC502,13552141,Norte,E,nan,ONGRID,NO,NO,NO,NO,NO,NO,-27.360445,-70.313955
ZS230,13555613,Norte,D,nan,ONGRID,NO,NO,NO,NO,NO,NO,-29.958116,-71.337673
ZS228,13555983,Norte,E,nan,ONGRID,NO,NO,NO,NO,NO,NO,-30.024033,-70.692586
ZV520,13558338,Centro,D,nan,ONGRID,NO,NO,NO,NO,NO,NO,-33.027956,-71.635165
ZV844,13558960,Centro,D,nan,ONGRID,NO,NO,NO,NO,NO,NO,-33.065784,-71.636282
ZV417,13561900,Centro,D,nan,ONGRID,NO,NO,NO,NO,NO,NO,-33.028026,-71.513879
ZV572,13561950,Metropolitano,D,nan,ONGRID,NO,NO,NO,NO,NO,NO,-27.123681,-109.416822
ZV561,13565345,Centro,E,nan,ONGRID,NO,NO,NO,NO,NO,NO,-33.36885,-71.656689
ZV796,13566225,Centro,E,nan,ONGRID,NO,NO,NO,NO,NO,NO,-33.463663,-71.648255
ZU215,13578547,Centro,D,nan,ONGRID,NO,NO,NO,NO,NO,NO,-34.861672,-71.090251
ZB670,13582211,Sur,E,nan,ONGRID,NO,NO,NO,NO,NO,NO,-36.999617,-73.165799
ZB611,13584070,Sur,E,nan,ONGRID,NO,NO,NO,NO,NO,NO,-36.747499,-73.087041
ZB704,13584076,Sur,E,nan,ONGRID,NO,NO,NO,NO,NO,NO,-36.7072,-73.134317
ZB751,13584909,Sur,E,nan,ONGRID,NO,NO,NO,NO,NO,NO,-37.609134,-73.658656
ZB696,13587048,Sur,E,nan,ONGRID,NO,NO,NO,NO,NO,NO,-37.464803,-72.371
ZB698,13587608,Sur,E,nan,ONGRID,NO,NO,NO,NO,NO,NO,-37.727306,-72.249167
PP006,13590495,Sur,D,nan,ONGRID,NO,NO,NO,NO,NO,NO,-36.752667,-72.587111
ZR040,13597588,Austral,D,nan,ONGRID,NO,NO,NO,NO,NO,NO,-39.565748,-72.899861
ZR031,13598958,Austral,E,nan,ONGRID,NO,NO,NO,NO,NO,NO,-40.305497,-73.084231
ZL392,13600181,Austral,E,nan,ONGRID,NO,NO,NO,NO,NO,NO,-41.473528,-72.972919
ZL583,13602083,Austral,E,nan,ONGRID,NO,NO,NO,NO,NO,NO,-41.334944,-72.969381
AS864,13613570,Metropolitano,E,nan,ONGRID,NO,NO,NO,NO,NO,NO,-33.452197,-70.695148
AS880,13616504,Metropolitano,D,nan,ONGRID,NO,NO,NO,NO,NO,NO,-33.51083,-70.606797
AS209,13622609,Metropolitano,D,nan,ONGRID,NO,NO,NO,NO,NO,NO,-33.333525,-70.5442
AS902,13627200,Metropolitano,E,nan,ONGRID,NO,NO,NO,NO,NO,NO,-33.477502,-70.667541
AS897,13631024,Metropolitano,D,nan,ONGRID,NO,NO,NO,NO,NO,NO,-33.422905,-70.621766
AS221,13632878,Metropolitano,E,nan,ONGRID,NO,NO,NO,NO,NO,NO,-33.410201,-70.633014
AS749,13634516,Metropolitano,D,nan,ONGRID,NO,NO,NO,NO,NO,NO,-33.484855,-70.65246
AS162,13638709,Metropolitano,E,nan,ONGRID,NO,NO,NO,NO,NO,NO,-33.274491,-70.656212
AS598,13641826,Metropolitano,D,nan,ONGRID,NO,NO,NO,NO,NO,NO,-33.582056,-70.8345
ZA234,14424495,Norte,E,nan,ONGRID,NO,NO,NO,NO,NO,NO,-23.657062,-70.387061
ZV421,14433732,Centro,D,nan,ONGRID,NO,NO,NO,NO,NO,NO,-33.115823,-71.563306
ZB687,14464240,Sur,D,nan,ONGRID,NO,NO,NO,NO,NO,NO,-36.756403,-72.418914
AS717,14504743,Metropolitano,D,nan,ONGRID,NO,NO,NO,NO,NO,NO,-33.417377,-70.607126
AS832,14512319,Metropolitano,E,nan,ONGRID,NO,NO,NO,NO,NO,NO,-33.587042,-70.608096
AS839,14517139,Metropolitano,D,nan,ONGRID,NO,NO,NO,NO,NO,NO,-33.608778,-70.833333
AS719,15178668,Metropolitano,D,nan,ONGRID,NO,NO,NO,NO,NO,NO,-33.404696,-70.578029
ZA320,16664318,Norte,D,nan,ONGRID,NO,NO,NO,NO,NO,NO,-22.900903,-69.346578
ZV680,16676319,Centro,E,nan,ONGRID,NO,NO,NO,NO,NO,NO,-32.794813,-71.503215
ZS587,16677391,Centro,D,nan,ONGRID,NO,NO,NO,NO,NO,NO,-32.231458,-71.508675
ZV528,16681558,Centro,D,nan,ONGRID,NO,NO,NO,NO,NO,NO,-33.070824,-71.416991
ZO138,16687279,Centro,E,nan,ONGRID,NO,NO,NO,NO,NO,NO,-34.570475,-70.99887
ZU233,16692142,Centro,D,nan,ONGRID,NO,NO,NO,NO,NO,NO,-35.801531,-72.56463
AS785,16756558,Metropolitano,D,nan,ONGRID,NO,NO,NO,NO,NO,NO,-33.748331,-70.9115
ZA191,17248569,Norte,D,nan,ONGRID,NO,NO,NO,NO,NO,NO,-23.616495,-70.386286
ZA295,17250169,Norte,E,nan,ONGRID,NO,NO,NO,NO,NO,NO,-25.409541,-70.485471
ZS232,17255347,Norte,E,nan,ONGRID,NO,NO,NO,NO,NO,NO,-31.639306,-71.191725
ZV562,17258333,Centro,D,nan,ONGRID,NO,NO,NO,NO,NO,NO,-33.322278,-71.398332
ZV479,17265528,Centro,D,nan,ONGRID,NO,NO,NO,NO,NO,NO,-32.758975,-70.72712
ZB753,17283540,Sur,E,nan,ONGRID,NO,NO,NO,NO,NO,NO,-37.170958,-72.94942
ZE296,17292816,Sur,E,nan,ONGRID,NO,NO,NO,NO,NO,NO,-39.36641,-72.618722
ZE381,17294286,Sur,D,nan,ONGRID,NO,NO,NO,NO,NO,NO,-39.284417,-71.984556
ZE545,17294292,Sur,D,nan,ONGRID,NO,NO,NO,NO,NO,NO,-39.321176,-72.10534
ZR045,17297325,Austral,D,nan,ONGRID,NO,NO,NO,NO,NO,NO,-39.843766,-73.227293
ZL599,17302404,Austral,D,nan,ONGRID,NO,NO,NO,NO,NO,NO,-42.494043,-73.772341
FG005,17322260,Metropolitano,D,nan,ONGRID,NO,NO,NO,NO,NO,NO,-33.41256,-70.586695
FG007,17322266,Metropolitano,D,nan,ONGRID,NO,NO,NO,NO,NO,NO,-33.411693,-70.568482
AS246,17323221,Metropolitano,E,nan,ONGRID,NO,NO,NO,NO,NO,NO,-33.439123,-70.734895
FG012,17330881,Metropolitano,D,nan,ONGRID,NO,NO,NO,NO,NO,NO,-33.427752,-70.622431
FG013,17330887,Metropolitano,D,nan,ONGRID,NO,NO,NO,NO,NO,NO,-33.420485,-70.599151
FG016,17330893,Metropolitano,D,nan,ONGRID,NO,NO,NO,NO,NO,NO,-33.428904,-70.618185
FG017,17330899,Metropolitano,D,nan,ONGRID,NO,NO,NO,NO,NO,NO,-33.432471,-70.622749
FG019,17330905,Metropolitano,D,nan,ONGRID,NO,NO,NO,NO,NO,NO,-33.430127,-70.622116
FG022,17330911,Metropolitano,D,nan,ONGRID,NO,NO,NO,NO,NO,NO,-33.415836,-70.611516
AS335,17331133,Metropolitano,D,nan,ONGRID,NO,NO,NO,NO,NO,NO,-33.369152,-70.7242
AS352,17338672,Metropolitano,D,nan,ONGRID,NO,NO,NO,NO,NO,NO,-33.263158,-70.887881
AS889,17338732,Metropolitano,E,nan,ONGRID,NO,NO,NO,NO,NO,NO,-33.135713,-70.800946
AS805,17340175,Metropolitano,D,nan,ONGRID,NO,NO,NO,NO,NO,NO,-33.672459,-70.74373
AS894,17341501,Metropolitano,D,nan,ONGRID,NO,NO,NO,NO,NO,NO,-33.658543,-70.911559
AS592,17342257,Metropolitano,D,nan,ONGRID,NO,NO,NO,NO,NO,NO,-33.598504,-70.884497
ZB607,17381680,Sur,D,nan,ONGRID,NO,NO,NO,NO,NO,NO,-36.767022,-73.11505
ZA983,18426972,Norte,D,nan,ONGRID,NO,NO,NO,NO,NO,NO,-22.841606,-69.34545
ZV418,18439247,Centro,E,nan,ONGRID,NO,NO,NO,NO,NO,NO,-33.021162,-71.490555
ZB622,18461122,Sur,D,nan,ONGRID,NO,NO,NO,NO,NO,NO,-36.869818,-73.136755
ZB755,18462479,Sur,E,nan,ONGRID,NO,NO,NO,NO,NO,NO,-36.611661,-72.955551
ZL394,18479035,Austral,E,nan,ONGRID,NO,NO,NO,NO,NO,NO,-41.466728,-72.992665
ZL561,18479629,Austral,E,nan,ONGRID,NO,NO,NO,NO,NO,NO,-41.115918,-73.053101
AS715,18500748,Metropolitano,D,nan,ONGRID,NO,NO,NO,NO,NO,NO,-33.414099,-70.582829
AS281,18501713,Metropolitano,E,nan,ONGRID,NO,NO,NO,NO,NO,NO,-33.45216,-70.706579
FG011,18509406,Metropolitano,D,nan,ONGRID,NO,NO,NO,NO,NO,NO,-33.419443,-70.615362
AS500,18515614,Metropolitano,E,nan,ONGRID,NO,NO,NO,NO,NO,NO,-33.56732,-70.563043
AS903,18519572,Metropolitano,D,nan,ONGRID,NO,NO,NO,NO,NO,NO,-33.6369,-71.23357
ZA321,18723368,Norte,D,nan,ONGRID,NO,NO,NO,NO,NO,NO,-22.85837,-69.354845
ZN020,19905158,Norte,E,nan,ONGRID,NO,NO,NO,NO,NO,NO,-18.491313,-70.304175
ZV814,19921418,Centro,E,nan,ONGRID,NO,NO,NO,NO,NO,NO,-33.012209,-71.506382
AS192,19973563,Metropolitano,E,nan,ONGRID,NO,NO,NO,NO,NO,NO,-33.454947,-70.697132
AS098,19977094,Metropolitano,E,nan,ONGRID,NO,NO,NO,NO,NO,NO,-33.516414,-70.561634
FG004,19983093,Metropolitano,D,nan,ONGRID,NO,NO,NO,NO,NO,NO,-33.412026,-70.599552
FG015,19991781,Metropolitano,D,nan,ONGRID,NO,NO,NO,NO,NO,NO,-33.425506,-70.618208
ZE528,20399327,Sur,C,nan,ONGRID,NO,NO,NO,NO,NO,NO,-38.7358333,-72.5994444
za325,21195432,Norte,D,nan,ONGRID,NO,NO,NO,NO,NO,NO,-24.224569,-69.100394
AS911,22576433,Metropolitano,D,nan,ONGRID,NO,NO,NO,NO,NO,NO,-33.87636,-70.736742
FS767RP,22578195,Austral,C,nan,ONGRID,NO,NO,NO,NO,NO,NO,-39.6994444,-71.9247222
ZA288,22780099,Norte,E,nan,ONGRID,NO,NO,NO,NO,NO,NO,-23.6483,-70.385
ZA262,22781508,Norte,E,nan,ONGRID,NO,NO,NO,NO,NO,NO,-22.448579,-68.940763
ZO512,22804195,Centro,D,nan,ONGRID,NO,NO,NO,NO,NO,NO,-34.639201,-71.131858
ZU259,22807329,Centro,E,nan,ONGRID,NO,NO,NO,NO,NO,NO,-35.982433,-72.315553
ZE295,22824991,Sur,E,nan,ONGRID,NO,NO,NO,NO,NO,NO,-38.738369,-72.947869
ZE380,22825885,Sur,D,nan,ONGRID,NO,NO,NO,NO,NO,NO,-39.249218,-71.805296
FG009,22854223,Metropolitano,D,nan,ONGRID,NO,NO,NO,NO,NO,NO,-33.408706,-70.563217
ZC130,24565309,Norte,E,nan,ONGRID,NO,NO,NO,NO,NO,NO,-27.372532,-70.311818
ZB695,24596791,Sur,E,nan,ONGRID,NO,NO,NO,NO,NO,NO,-36.852886,-73.147644
FG014,24636108,Metropolitano,D,nan,ONGRID,NO,NO,NO,NO,NO,NO,-33.408752,-70.573457
AM873,24641072,Metropolitano,D,nan,ONGRID,NO,NO,NO,NO,NO,NO,-33.48305,-70.536778
ZA297,25347860,Norte,D,nan,ONGRID,NO,NO,NO,NO,NO,NO,-22.461646000000002,-68.971499
ZS233,25452367,Norte,D,nan,ONGRID,NO,NO,NO,NO,NO,NO,-30.717897,-71.306342
ZV923,25454052,Centro,E,nan,ONGRID,NO,NO,NO,NO,NO,NO,-33.062636,-71.586243
ZV674,25460621,Centro,E,nan,ONGRID,NO,NO,NO,NO,NO,NO,-33.537322,-71.599415
AS887,25507535,Metropolitano,D,nan,ONGRID,NO,NO,NO,NO,NO,NO,-33.42394,-70.741712
AS718,25513927,Metropolitano,D,nan,ONGRID,NO,NO,NO,NO,NO,NO,-33.452468,-70.569593
FG020,25526747,Metropolitano,D,nan,ONGRID,NO,NO,NO,NO,NO,NO,-33.421652,-70.607564
AS910,25536475,Metropolitano,D,nan,ONGRID,NO,NO,NO,NO,NO,NO,-33.847222,-70.76775
ESTAY023,26029106,Austral,B1,C,ONGRID,NO,NO,NO,NO,NO,NO,-46.291675,-71.9417472
AI800,26127307,Austral,C,C,ONGRID,NO,SI,NO,NO,NO,NO,-47.2517556,-72.5834972
OLTRM001,26520108,Metropolitano,B1,nan,ONGRID,NO,NO,SI,SI,NO,NO,-33.4011733,-70.5494953
ZV567,26835829,Centro,D,nan,ONGRID,NO,NO,NO,NO,NO,NO,-33.559146,-71.603571
ZE289,26862980,Sur,D,nan,ONGRID,NO,NO,NO,NO,NO,NO,-38.7099,-73.138055
AS720,26893291,Metropolitano,D,nan,ONGRID,NO,NO,NO,NO,NO,NO,-33.356071,-70.522952
AS905,26900834,Metropolitano,D,nan,ONGRID,NO,NO,NO,NO,NO,NO,-33.4994,-70.553785
ZV835,27524330,Centro,D,nan,ONGRID,NO,NO,NO,NO,NO,NO,-32.678,-71.213858
ZE288,27556016,Sur,D,nan,ONGRID,NO,NO,NO,NO,NO,NO,-39.288767,-72.199824
AS896,27602414,Metropolitano,D,nan,ONGRID,NO,NO,NO,NO,NO,NO,-33.404233,-71.130774
FS710RP,28688794,Austral,C,nan,ONGRID,NO,NO,NO,NO,NO,NO,-41.4083333,-72.28
FS575RP,28688795,Sur,B2,nan,ONGRID,NO,NO,NO,NO,NO,NO,-36.5483778,-72.9659556
ZC142,28696885,Norte,D,nan,ONGRID,NO,NO,NO,NO,NO,NO,-28.58839,-70.732169
ZU258,28722588,Centro,D,nan,ONGRID,NO,NO,NO,NO,NO,NO,-34.959192,-71.134162
ZU260,28724144,Centro,D,nan,ONGRID,NO,NO,NO,NO,NO,NO,-35.924199,-71.625226
ZN023,29777539,Norte,E,nan,ONGRID,NO,NO,NO,NO,NO,NO,-18.458352,-70.28226
ZB699,29819006,Sur,E,nan,ONGRID,NO,NO,NO,NO,NO,NO,-37.497464,-72.331422
ESTVA056,30271839,Centro,B1,nan,ONGRID,NO,NO,NO,SI,NO,NO,-33.1145131,-71.5789094
ZT193,30966829,Norte,E,nan,ONGRID,NO,NO,NO,NO,NO,NO,-20.296611,-70.105
AS856,31061402,Metropolitano,E,nan,ONGRID,NO,NO,NO,NO,NO,NO,-33.624822,-70.687567
ZO540,31981257,Centro,D,nan,ONGRID,NO,NO,NO,NO,NO,NO,-34.2922,-71.314248
ZA322,32653190,Norte,D,nan,ONGRID,NO,NO,NO,NO,NO,NO,-23.632098,-70.261323
AS322,32728595,Metropolitano,E,nan,ONGRID,NO,NO,NO,NO,NO,NO,-33.449062,-70.718642
AS937,32728824,Metropolitano,E,nan,ONGRID,NO,NO,NO,NO,NO,NO,-33.451502,-70.736439
AS363,32735482,Metropolitano,E,nan,ONGRID,NO,NO,NO,NO,NO,NO,-33.468009,-70.553473
AS283,32737044,Metropolitano,E,nan,ONGRID,NO,NO,NO,NO,NO,NO,-33.432014,-70.68461
AS966,32744775,Metropolitano,E,nan,ONGRID,NO,NO,NO,NO,NO,NO,-33.713834,-70.740368
ZA326,32953060,Norte,D,nan,ONGRID,NO,NO,NO,NO,NO,NO,-22.462103,-68.925115
AS730,33035437,Metropolitano,D,nan,ONGRID,NO,NO,NO,NO,NO,NO,-33.447829,-70.851614
ZB768,33188496,Sur,D,nan,ONGRID,NO,NO,NO,NO,NO,NO,-37.200103,-73.216357
ZC505,33259458,Norte,D,nan,ONGRID,NO,NO,NO,NO,NO,NO,-30.664138,-71.362795
ZO514,33372309,Centro,D,nan,ONGRID,NO,NO,NO,NO,NO,NO,-34.2617,-71.029418
ZU263,33377549,Centro,D,nan,ONGRID,NO,NO,NO,NO,NO,NO,-35.435591,-71.622801
AS934,34343156,Metropolitano,D,nan,ONGRID,NO,NO,NO,NO,NO,NO,-33.571889,-70.587389
ZO143,34375117,Centro,E,nan,ONGRID,NO,NO,NO,NO,NO,NO,-34.164885,-70.652154
ZE561,34398586,Sur,E,nan,ONGRID,NO,NO,NO,NO,NO,NO,-38.517236,-72.428205
ZE310,34402560,Sur,E,nan,ONGRID,NO,NO,NO,NO,NO,NO,-38.242925,-72.318803
ZL403,34408301,Austral,E,nan,ONGRID,NO,NO,NO,NO,NO,NO,-41.322,-72.982072
AS930,34431759,Metropolitano,E,nan,ONGRID,NO,NO,NO,NO,NO,NO,-33.538472,-70.779778
AS932,34432970,Metropolitano,E,nan,ONGRID,NO,NO,NO,NO,NO,NO,-33.495458,-70.758121
AS188,34436462,Metropolitano,E,nan,ONGRID,NO,NO,NO,NO,NO,NO,-33.457176,-70.74682
AS928,34438637,Metropolitano,E,nan,ONGRID,NO,NO,NO,NO,NO,NO,-33.356896,-70.750224
AS942,34529792,Metropolitano,E,nan,ONGRID,NO,NO,NO,NO,NO,NO,-33.511533,-70.69395
AS865,34838429,Metropolitano,D,nan,ONGRID,NO,NO,NO,NO,NO,NO,-33.417778,-70.6061109
ZV973,35069790,Centro,E,nan,ONGRID,NO,NO,NO,NO,NO,NO,-32.847361,-70.593556
ZV969,35070061,Centro,E,nan,ONGRID,NO,NO,NO,NO,NO,NO,-32.843583,-70.598806
ZL402,35113575,Austral,E,nan,ONGRID,NO,NO,NO,NO,NO,NO,-40.561989,-73.168548
AS004,35136030,Metropolitano,E,nan,ONGRID,NO,NO,NO,NO,NO,NO,-33.474339,-70.752198
AS318,35225934,Metropolitano,E,nan,ONGRID,NO,NO,NO,NO,NO,NO,-33.524296,-70.663921
AS939,35841972,Metropolitano,E,nan,ONGRID,NO,NO,NO,NO,NO,NO,-33.48862,-70.688166
ZN018,36562760,Norte,E,nan,ONGRID,NO,NO,NO,NO,NO,NO,-18.47562,-70.310406
ZT129,36567213,Norte,D,nan,ONGRID,NO,NO,NO,NO,NO,NO,-20.751894,-68.683026
AS386,36645996,Metropolitano,E,nan,ONGRID,NO,NO,NO,NO,NO,NO,-33.450464,-70.574206
AS670,36658164,Metropolitano,D,nan,ONGRID,NO,NO,NO,NO,NO,NO,-33.280925,-70.724828
AS332,37657215,Metropolitano,E,nan,ONGRID,NO,NO,NO,NO,NO,NO,-33.482692,-70.531124
AS314,37661674,Metropolitano,E,nan,ONGRID,NO,NO,NO,NO,NO,NO,-33.535931,-70.644023
ZB680,38019806,Sur,E,nan,ONGRID,NO,NO,NO,NO,NO,NO,-36.427538,-71.960665
AS898,38068198,Metropolitano,D,nan,ONGRID,NO,NO,NO,NO,NO,NO,-33.261278,-70.645583
ZB709,38114245,Sur,E,nan,ONGRID,NO,NO,NO,NO,NO,NO,-36.801758,-73.097836
AS262,38345252,Metropolitano,E,nan,ONGRID,NO,NO,NO,NO,NO,NO,-33.549178,-70.684901
AS992,38359334,Metropolitano,E,nan,ONGRID,NO,NO,NO,NO,NO,NO,-33.519215,-70.761522
ZC112,38783471,Norte,D,nan,ONGRID,NO,NO,NO,NO,NO,NO,-23.649556,-70.400667
AM946,38863954,Metropolitano,E,nan,ONGRID,NO,NO,NO,NO,NO,NO,-33.474606,-70.619394
AS964,38877929,Metropolitano,E,nan,ONGRID,NO,NO,NO,NO,NO,NO,-33.749205,-70.746076
AS280,38964064,Metropolitano,E,nan,ONGRID,NO,NO,NO,NO,NO,NO,-33.535569,-70.792624
ZA300,39490780,Norte,E,nan,ONGRID,NO,NO,NO,NO,NO,NO,-23.61879,-70.386937
ZA299,39492216,Norte,E,nan,ONGRID,NO,NO,NO,NO,NO,NO,-22.44501,-68.936125
ZC145,39492984,Norte,E,nan,ONGRID,NO,NO,NO,NO,NO,NO,-27.353202,-70.344397
ZC146,39493361,Norte,E,nan,ONGRID,NO,NO,NO,NO,NO,NO,-27.358425,-70.349298
ZF069,39533074,Sur,E,nan,ONGRID,NO,NO,NO,NO,NO,NO,-36.625502,-71.832056
ZE383,39538289,Sur,D,nan,ONGRID,NO,NO,NO,NO,NO,NO,-39.298335,-71.935653
FG032,39571663,Metropolitano,E,nan,ONGRID,NO,NO,NO,NO,NO,NO,-33.5128888,-70.7968889
AS944,39582584,Metropolitano,E,nan,ONGRID,NO,NO,NO,NO,NO,NO,-33.625154,-70.595878
ZU522,40128808,Centro,E,nan,ONGRID,NO,NO,NO,NO,NO,NO,-35.339914,-72.418052
ZE387,40150113,Sur,E,nan,ONGRID,NO,NO,NO,NO,NO,NO,-39.299671,-72.226699
AS999,40183518,Metropolitano,E,nan,ONGRID,NO,NO,NO,NO,NO,NO,-33.4802862,-70.6719304
FG203,40193735,Metropolitano,D,nan,ONGRID,NO,NO,NO,NO,NO,NO,-33.367686,-70.568531
ZC148,40308574,Norte,E,nan,ONGRID,NO,NO,NO,NO,NO,NO,-27.354659,-70.31251
ZC147,40309322,Norte,E,nan,ONGRID,NO,NO,NO,NO,NO,NO,-27.072551,-70.822679
ZO146,40330065,Centro,E,nan,ONGRID,NO,NO,NO,NO,NO,NO,-34.442615,-71.07601
FG050,40395736,Metropolitano,E,nan,ONGRID,NO,NO,NO,NO,NO,NO,-33.51222,-70.662444
AS593,40403444,Metropolitano,E,nan,ONGRID,NO,NO,NO,NO,NO,NO,-33.600674,-70.85157
FG119,40498093,Metropolitano,E,nan,ONGRID,NO,NO,NO,NO,NO,NO,-33.482444,-70.64177
ZS249,40824950,Norte,D,nan,ONGRID,NO,NO,NO,NO,NO,NO,-30.030167,-70.676111
ZO145,40842055,Centro,E,nan,ONGRID,NO,NO,NO,NO,NO,NO,-34.392295,-72.00572
ZE301,40864976,Sur,E,nan,ONGRID,NO,NO,NO,NO,NO,NO,-38.76598,-72.604915
FG127,40885484,Metropolitano,E,nan,ONGRID,NO,NO,NO,NO,NO,NO,-33.367666,-70.689916
FG025,40899738,Metropolitano,E,nan,ONGRID,NO,NO,NO,NO,NO,NO,-33.502238,-70.7597
AS850,40904098,Metropolitano,D,nan,ONGRID,NO,NO,NO,NO,NO,NO,-33.39865,-70.794522
AS991,40998445,Metropolitano,E,nan,ONGRID,NO,NO,NO,NO,NO,NO,-33.53118,-70.6999
ZA192,41127747,Norte,D,nan,ONGRID,NO,NO,NO,NO,NO,NO,-22.3689333,-68.9169528
FG062,41213312,Metropolitano,E,nan,ONGRID,NO,NO,NO,NO,NO,NO,-33.462595,-70.747584
ZV584,41557734,Centro,E,nan,ONGRID,NO,NO,NO,NO,NO,NO,-33.370833,-71.66125
ZU266,41566834,Centro,E,nan,ONGRID,NO,NO,NO,NO,NO,NO,-35.440342,-71.625942
FG037,41623005,Metropolitano,E,nan,ONGRID,NO,NO,NO,NO,NO,NO,-33.5583868,-70.7929728
FG631,41629814,Metropolitano,D,nan,ONGRID,NO,NO,NO,NO,NO,NO,-33.400833,-70.745278
AS915,41637862,Metropolitano,D,nan,ONGRID,NO,NO,NO,NO,NO,NO,-33.416917,-71.145389
AS587,41638972,Metropolitano,E,nan,ONGRID,NO,NO,NO,NO,NO,NO,-33.608963,-70.88228
ZN026,42157884,Norte,E,nan,ONGRID,NO,NO,NO,NO,NO,NO,-18.482917,-70.29405
ZV854,42180406,Centro,E,nan,ONGRID,NO,NO,NO,NO,NO,NO,-33.390607,-71.674314
ZO800,42184501,Centro,E,nan,ONGRID,NO,NO,NO,NO,NO,NO,-34.177583,-70.774028
ZO141,42188511,Centro,D,nan,ONGRID,NO,NO,NO,NO,NO,NO,-34.64,-71.156833
AS568,42259906,Metropolitano,D,nan,ONGRID,NO,NO,NO,NO,NO,NO,-33.567803,-70.700065
AS901,42260835,Metropolitano,D,nan,ONGRID,NO,NO,NO,NO,NO,NO,-33.58,-71.215611
XZR043,42470989,Austral,D,nan,ONGRID,NO,NO,NO,NO,NO,NO,-39.5311111,-72.8408333
ZC138,42583266,Norte,D,nan,ONGRID,NO,NO,NO,NO,NO,NO,-27.367167,-70.333086
ZS253,42587249,Norte,E,nan,ONGRID,NO,NO,NO,NO,NO,NO,-29.977258,-71.325708
FG049,42651487,Metropolitano,E,nan,ONGRID,NO,NO,NO,NO,NO,NO,-33.472855,-70.714038
ESTBI055,42785709,Sur,B1,nan,ONGRID,NO,NO,NO,SI,NO,NO,-36.8211111,-73.008333
AS941,42971940,Metropolitano,D,nan,ONGRID,NO,NO,NO,NO,NO,NO,-33.5830555,-70.6318611
FG047,42985073,Metropolitano,E,nan,ONGRID,NO,NO,NO,NO,NO,NO,-33.445078,-70.766233
FG123,42988392,Metropolitano,E,nan,ONGRID,NO,NO,NO,NO,NO,NO,-33.4956667,-70.6441388
ZA296,43106345,Norte,D,nan,ONGRID,NO,NO,NO,NO,NO,NO,-24.203203,-69.051692
ZA339,43109655,Norte,D,nan,ONGRID,NO,NO,NO,NO,NO,NO,-23.4881694,-68.3370111
FG125,43392928,Metropolitano,E,nan,ONGRID,NO,NO,NO,NO,NO,NO,-33.376888,-70.639055
ZT196,43636598,Norte,E,nan,ONGRID,NO,NO,NO,NO,NO,NO,-20.249296,-70.104384
ZV845,43649597,Centro,D,nan,ONGRID,NO,NO,NO,NO,NO,NO,-33.054299,-71.558204
ZR004,43693274,Austral,E,nan,ONGRID,NO,NO,NO,NO,NO,NO,-39.832778,-73.234083
ZR005,43693669,Austral,E,nan,ONGRID,NO,NO,NO,NO,NO,NO,-39.867597,-72.816047
FG118,43736629,Metropolitano,E,nan,ONGRID,NO,NO,NO,NO,NO,NO,-33.2768888,-70.880027
ZA279,44066477,Norte,D,nan,ONGRID,NO,NO,NO,NO,NO,NO,-22.921427,-68.206046
ZV566,44081839,Centro,D,nan,ONGRID,NO,NO,NO,NO,NO,NO,-33.593715,-71.597168
ZV173,44083901,Centro,D,nan,ONGRID,NO,NO,NO,NO,NO,NO,-33.652806,-71.624283
FG129,44153043,Metropolitano,E,nan,ONGRID,NO,NO,NO,NO,NO,NO,-33.464527,-70.563611
AS976,44157850,Metropolitano,E,nan,ONGRID,NO,NO,NO,NO,NO,NO,-33.5565,-70.64038
AS981,44160778,Metropolitano,E,nan,ONGRID,NO,NO,NO,NO,NO,NO,-33.58952,-70.586056
ZV852,44504281,Centro,E,nan,ONGRID,NO,NO,NO,NO,NO,NO,-33.044306,-71.542889
AS979,44578787,Metropolitano,E,nan,ONGRID,NO,NO,NO,NO,NO,NO,-33.4781402,-70.5397679
OJUS,44804810,Metropolitano,B2,nan,ONGRID,NO,NO,NO,NO,NO,NO,"25.9724165",-80.1933937
ZS250,45245008,Norte,E,nan,ONGRID,NO,NO,NO,NO,NO,NO,-31.183119,-71.002863
ZV583,45252280,Centro,E,nan,ONGRID,NO,NO,NO,NO,NO,NO,-32.555027,-71.4658
ZV846,45255798,Centro,E,nan,ONGRID,NO,NO,NO,NO,NO,NO,-32.778,-70.967333
ZO157,45260019,Centro,D,nan,ONGRID,NO,NO,NO,NO,NO,NO,-34.171227,-71.32774
ZB773,45273191,Sur,E,nan,ONGRID,NO,NO,NO,NO,NO,NO,-37.093481,-73.147377
ZB706,45274709,Sur,E,nan,ONGRID,NO,NO,NO,NO,NO,NO,-36.71519,-73.122434
ZL612,45298166,Austral,E,nan,ONGRID,NO,NO,NO,NO,NO,NO,-40.559194,-73.178111
ZL426,45298178,Austral,E,nan,ONGRID,NO,NO,NO,NO,NO,NO,-40.590111,-73.174055
AS974,45317968,Metropolitano,E,nan,ONGRID,NO,NO,NO,NO,NO,NO,-33.3661636,-70.5065836
FG120,45322149,Metropolitano,E,nan,ONGRID,NO,NO,NO,NO,NO,NO,-33.5013055,-70.6856111
AS990,45327464,Metropolitano,E,nan,ONGRID,NO,NO,NO,NO,NO,NO,-33.355505,-70.737393
FG094,45328612,Metropolitano,D,nan,ONGRID,NO,NO,NO,NO,NO,NO,-33.384194,-70.640472
AS906,45334203,Metropolitano,D,nan,ONGRID,NO,NO,NO,NO,NO,NO,-33.2947,-70.784065
AS843,45335976,Metropolitano,E,nan,ONGRID,NO,NO,NO,NO,NO,NO,-33.749556,-70.734917
ZO523,46008195,Centro,D,nan,ONGRID,NO,NO,NO,NO,NO,NO,-33.944611,-70.709944
ZO169,46009373,Centro,E,nan,ONGRID,NO,NO,NO,NO,NO,NO,-34.39195,-71.989686
ZE562,46033916,Sur,E,nan,ONGRID,NO,NO,NO,NO,NO,NO,-39.097211,-72.676985
ZR047,46041013,Austral,E,nan,ONGRID,NO,NO,NO,NO,NO,NO,-39.6431111,-72.34458
FG138,46073649,Metropolitano,E,nan,ONGRID,NO,NO,NO,NO,NO,NO,-33.4769722,-70.558833
FG148,46073655,Metropolitano,E,nan,ONGRID,NO,NO,NO,NO,NO,NO,-33.47525,-70.562888
AS912,46084907,Metropolitano,D,nan,ONGRID,NO,NO,NO,NO,NO,NO,-33.856885,-70.849988
ZS251,46207084,Norte,E,nan,ONGRID,NO,NO,NO,NO,NO,NO,-31.920957,-71.507294
ZE558,46252995,Sur,E,nan,ONGRID,NO,NO,NO,NO,NO,NO,-38.605381,-72.845884
ZL578,46260827,Austral,D,nan,ONGRID,NO,NO,NO,NO,NO,NO,-41.314777,-72.89075
ZS632,46854941,Norte,E,nan,ONGRID,NO,NO,NO,NO,NO,NO,-29.994589,-71.32271
ZO150,46874666,Centro,D,nan,ONGRID,NO,NO,NO,NO,NO,NO,-34.33575,-70.836805
ZU257,46884076,Centro,D,nan,ONGRID,NO,NO,NO,NO,NO,NO,-35.704917,-71.396722
ZI509,46914473,Austral,D,nan,ONGRID,NO,NO,NO,NO,NO,NO,-47.255861,-72.57625
AS993,46948800,Metropolitano,E,nan,ONGRID,NO,NO,NO,NO,NO,NO,-33.287853,-70.884023
ZA332,47501287,Norte,D,nan,ONGRID,NO,NO,NO,NO,NO,NO,-22.4888056,-68.9641111
ZV448,47516707,Centro,D,nan,ONGRID,NO,NO,NO,NO,NO,NO,-32.696,-71.201139
ZB492,47541452,Sur,E,nan,ONGRID,NO,NO,NO,NO,NO,NO,-37.78878,-73.387201
ZF010,47547511,Sur,D,nan,ONGRID,NO,NO,NO,NO,NO,NO,-36.760688,-72.477951
ZE584,47550846,Sur,E,nan,ONGRID,NO,NO,NO,NO,NO,NO,-39.379,-72.62927
ZL613,47562763,Austral,D,nan,ONGRID,NO,NO,NO,NO,NO,NO,-43.106083,-73.609
ZL602,47563259,Austral,E,nan,ONGRID,NO,NO,NO,NO,NO,NO,-40.977247,-72.880292
AS947,47573949,Metropolitano,E,nan,ONGRID,NO,NO,NO,NO,NO,NO,-33.46733,-70.696361
FG043,47578353,Metropolitano,E,nan,ONGRID,NO,NO,NO,NO,NO,NO,-33.557,-70.644694
FG149,47595171,Metropolitano,E,nan,ONGRID,NO,NO,NO,NO,NO,NO,-33.516805,-70.625277
FG076,47601499,Metropolitano,E,nan,ONGRID,NO,NO,NO,NO,NO,NO,-33.738611,-70.747417
AS891,47603289,Metropolitano,D,nan,ONGRID,NO,NO,NO,NO,NO,NO,-33.751485,-70.869089
ZE630,47661592,Sur,D,nan,ONGRID,NO,NO,NO,NO,NO,NO,-38.9873055,-72.6516111
ZB668,47866420,Sur,E,nan,ONGRID,NO,NO,NO,NO,NO,NO,-36.748888,-73.0061
ZE299,48208445,Sur,E,nan,ONGRID,NO,NO,NO,NO,NO,NO,-38.986554,-72.633194
FG134,48248028,Metropolitano,E,nan,ONGRID,NO,NO,NO,NO,NO,NO,-33.4320277,-70.749111
FG027,48257623,Metropolitano,E,nan,ONGRID,NO,NO,NO,NO,NO,NO,-33.571361,-70.709611
ZA341,48484098,Norte,E,nan,ONGRID,NO,NO,NO,NO,NO,NO,-23.616666,-70.37378
ZE312,48540435,Sur,E,nan,ONGRID,NO,NO,NO,NO,NO,NO,-38.223472,-72.325776
ZL603,48545053,Austral,E,nan,ONGRID,NO,NO,NO,NO,NO,NO,-41.122041,-73.054572
FG023,48572384,Metropolitano,E,nan,ONGRID,NO,NO,NO,NO,NO,NO,-33.4866388,-70.6770277
ZT207,49029016,Norte,E,nan,ONGRID,NO,NO,NO,NO,NO,NO,-20.23208,-70.1335
ZA340,49031888,Norte,E,nan,ONGRID,NO,NO,NO,NO,NO,NO,-23.105375,-70.4431
ZB777,49069964,Sur,E,nan,ONGRID,NO,NO,NO,NO,NO,NO,-36.807413,-73.066432
ZB795,49077051,Sur,E,nan,ONGRID,NO,NO,NO,NO,NO,NO,-37.103347,-72.554322
ZL409,49092665,Austral,E,nan,ONGRID,NO,NO,NO,NO,NO,NO,-41.110657,-73.05262
FG202,49134159,Metropolitano,D,nan,ONGRID,NO,NO,NO,NO,NO,NO,-33.233392,-70.692015
ZS248,49936323,Norte,E,nan,ONGRID,NO,NO,NO,NO,NO,NO,-31.913203,-71.508009
ZB772,49967366,Sur,E,nan,ONGRID,NO,NO,NO,NO,NO,NO,-37.076076,-73.156399
FG162,50242464,Metropolitano,E,nan,ONGRID,NO,NO,NO,NO,NO,NO,-33.4880277,-70.764944
FG113,50255893,Metropolitano,E,nan,ONGRID,NO,NO,NO,NO,NO,NO,-33.231666,-70.81088
FG163,50691984,Metropolitano,E,nan,ONGRID,NO,NO,NO,NO,NO,NO,-33.499638,-70.767972
AM932,51378378,Metropolitano,D,nan,ONGRID,NO,NO,NO,NO,NO,NO,-33.387861,-70.545917
FG145,51691803,Metropolitano,E,nan,ONGRID,NO,NO,NO,NO,NO,NO,-33.535388,-70.680388
AS917,52173052,Metropolitano,E,nan,ONGRID,NO,NO,NO,NO,NO,NO,-33.575653,-70.80672
ZV615,52306250,Centro,D,nan,ONGRID,NO,NO,NO,NO,NO,NO,-32.8175,-70.57858
ZV486,52307891,Centro,D,nan,ONGRID,NO,NO,NO,NO,NO,NO,-32.85958,-71.22205
ZV429,52311528,Centro,D,nan,ONGRID,NO,NO,NO,NO,NO,NO,-32.78711,-70.64025
FG136,52949694,Metropolitano,E,nan,ONGRID,NO,NO,NO,NO,NO,NO,-33.432638,-70.768166
ZC164,53648216,Norte,E,nan,ONGRID,NO,NO,NO,NO,NO,NO,-27.071833,-70.80014
ZS584,53651834,Norte,E,nan,ONGRID,NO,NO,NO,NO,NO,NO,-29.970194,-71.2483
ZV856,53661457,Centro,D,nan,ONGRID,NO,NO,NO,NO,NO,NO,-32.572795,-71.284246
ZB496,53683386,Sur,E,nan,ONGRID,NO,NO,NO,NO,NO,NO,-36.811532,-73.051874
ZE588,53698401,Sur,D,nan,ONGRID,NO,NO,NO,NO,NO,NO,-38.674,-72.20816
FG165,53746495,Metropolitano,E,nan,ONGRID,NO,NO,NO,NO,NO,NO,-33.59592,-70.55223
AS967,53750633,Metropolitano,E,nan,ONGRID,NO,NO,NO,NO,NO,NO,-33.80533,-70.733753
ZA327,53757996,Norte,E,nan,ONGRID,NO,NO,NO,NO,NO,NO,-23.624416,-70.37603
ZS624,53764995,Norte,E,nan,ONGRID,NO,NO,NO,NO,NO,NO,-29.957451,-71.24656
ZB759,53799592,Sur,E,nan,ONGRID,NO,NO,NO,NO,NO,NO,-36.788864,-73.110433
ZB857,53799601,Sur,E,nan,ONGRID,NO,NO,NO,NO,NO,NO,-36.782266,-73.113429
ZU265,81401839,Centro,E,nan,ONGRID,NO,NO,NO,NO,NO,NO,-35.593913,-72.276743
FG190,53832388,Metropolitano,E,nan,ONGRID,NO,NO,NO,NO,NO,NO,-33.392326,-70.681239
AS533,53859978,Metropolitano,D,nan,ONGRID,NO,NO,NO,NO,NO,NO,-33.595767,-70.597593
FG030,53859987,Metropolitano,E,nan,ONGRID,NO,NO,NO,NO,NO,NO,-33.617833,-70.590806
ZC163,54553046,Norte,E,nan,ONGRID,NO,NO,NO,NO,NO,NO,-27.0638611,-70.79908
ZC161,54553327,Norte,D,nan,ONGRID,NO,NO,NO,NO,NO,NO,-27.500361,-70.26625
ZV849,54566765,Centro,E,nan,ONGRID,NO,NO,NO,NO,NO,NO,-32.8795,-71.26025
ZO152,54573469,Centro,E,nan,ONGRID,NO,NO,NO,NO,NO,NO,-34.150933,-70.706517
ZB754,54598427,Sur,E,nan,ONGRID,NO,NO,NO,NO,NO,NO,-36.279056,-72.541071
FG178,54625500,Metropolitano,E,nan,ONGRID,NO,NO,NO,NO,NO,NO,-33.458101,-70.70047
AS892,54652112,Metropolitano,D,nan,ONGRID,NO,NO,NO,NO,NO,NO,-33.656939,-70.531669
FG110,54652121,Metropolitano,E,nan,ONGRID,NO,NO,NO,NO,NO,NO,-33.609618,-70.518575
ZA984,55003443,Norte,D,nan,ONGRID,NO,NO,NO,NO,NO,NO,-22.856104,-69.34635
ZO158,55026681,Centro,E,nan,ONGRID,NO,NO,NO,NO,NO,NO,-34.178286,-70.764783
FG172,55093365,Metropolitano,E,nan,ONGRID,NO,NO,NO,NO,NO,NO,-33.5176,-70.7467
FG157,55093374,Metropolitano,E,nan,ONGRID,NO,NO,NO,NO,NO,NO,-33.501592,-70.792772
FG180,55105407,Metropolitano,D,nan,ONGRID,NO,NO,NO,NO,NO,NO,-33.603442,-70.583297
ZA333,55229977,Norte,E,nan,ONGRID,NO,NO,NO,NO,NO,NO,-23.585253,-70.38311
ZA328,55343482,Norte,E,nan,ONGRID,NO,NO,NO,NO,NO,NO,-23.598472,-70.3727
ZA355,56934174,Norte,E,nan,ONGRID,NO,NO,NO,NO,NO,NO,-23.6161,-70.3793
ZA187,56935910,Norte,D,nan,ONGRID,NO,NO,NO,NO,NO,NO,-22.91156,-68.202524
ZU264,56967595,Centro,E,nan,ONGRID,NO,NO,NO,NO,NO,NO,-34.965658,-71.229768
ZB824,56972987,Sur,E,nan,ONGRID,NO,NO,NO,NO,NO,NO,-36.98358,-73.14779
ZB769,56976998,Sur,E,nan,ONGRID,NO,NO,NO,NO,NO,NO,-37.632248,-73.452242
ZE557,56989261,Sur,E,nan,ONGRID,NO,NO,NO,NO,NO,NO,-37.952315,-72.431337
FG147,57598096,Metropolitano,E,nan,ONGRID,NO,NO,NO,NO,NO,NO,-33.4745833,-70.526
ZB661,57658054,Sur,E,nan,ONGRID,NO,NO,NO,NO,NO,NO,-36.878252,-73.134477
ZT211,57728591,Norte,E,nan,ONGRID,NO,NO,NO,NO,NO,NO,-20.277377,-70.124873
FG183,57818821,Metropolitano,E,nan,ONGRID,NO,NO,NO,NO,NO,NO,-33.438444,-70.740487
ZF344,59148650,Sur,D,nan,ONGRID,NO,NO,NO,NO,NO,NO,-36.602576,-72.087619
MQ028,59875823,Metropolitano,D,nan,ONGRID,NO,NO,NO,NO,NO,NO,-33.415449,-70.606059
ESTCQ041,60788745,Norte,B2,nan,ONGRID,NO,NO,NO,NO,NO,NO,-31.764102,-70.997269
ZA226,61576908,Norte,E,nan,ONGRID,NO,NO,NO,NO,NO,NO,-23.566017,-70.395131
ZA195,61586270,Norte,B2,nan,ONGRID,NO,NO,NO,NO,NO,NO,-22.911379,-68.197788
ZS611,61746179,Norte,C,nan,ONGRID,NO,NO,NO,NO,NO,NO,-31.873639,-71.295
ZA361,61747034,Norte,E,nan,ONGRID,NO,NO,NO,NO,NO,NO,-25.411489,-70.482362
ZA362,61747043,Norte,E,nan,ONGRID,NO,NO,NO,NO,NO,NO,-25.408992,-70.489274
ZB818,61747073,Sur,E,nan,ONGRID,NO,NO,NO,NO,NO,NO,-37.80068,-73.40723
FG135,61748214,Metropolitano,E,nan,ONGRID,NO,NO,NO,NO,NO,NO,-33.522111,-70.68555
ZN709,61748935,Norte,B2,nan,ONGRID,NO,NO,NO,NO,NO,NO,-18.347333,-70.334778
ZV991,61992846,Centro,B2,nan,ONGRID,NO,NO,NO,NO,NO,NO,-32.599068,-71.243222
ZA348,62100129,Norte,B2,nan,ONGRID,NO,NO,NO,NO,NO,NO,-24.2204861,-69.1058583
ZN028,62570115,Norte,E,nan,ONGRID,NO,NO,NO,NO,NO,NO,-18.4733,-70.2895
ZB812,64033894,Sur,B2,nan,ONGRID,NO,NO,NO,NO,NO,NO,-36.777567,-73.057317
ZN033,64941733,Norte,E,nan,ONGRID,NO,NO,NO,NO,NO,NO,-18.45255,-70.28257
FG176,65054502,Metropolitano,E,nan,ONGRID,NO,NO,NO,NO,NO,NO,-33.478275,-70.695703
FG182,65054511,Metropolitano,E,nan,ONGRID,NO,NO,NO,NO,NO,NO,-33.474,-70.6876
ZE311,65919258,Sur,B2,nan,ONGRID,NO,NO,NO,NO,NO,NO,-38.219999,-72.34376
AS945,66007089,Metropolitano,B2,nan,ONGRID,NO,NO,NO,NO,NO,NO,-33.578309,-70.576976
AS918,66126399,Metropolitano,B2,nan,ONGRID,NO,NO,NO,NO,NO,NO,-33.6154166,-70.685194
ZV823,66514804,Centro,B2,nan,ONGRID,NO,NO,NO,NO,NO,NO,-33.013,-71.20472
AS822,66604509,Metropolitano,E,nan,ONGRID,NO,NO,NO,NO,NO,NO,-33.684026,-71.233441
AS950,66844021,Metropolitano,B2,nan,ONGRID,NO,NO,NO,NO,NO,NO,-33.60905,-70.85516
FG064,66844030,Metropolitano,B2,nan,ONGRID,NO,NO,NO,NO,NO,NO,-33.497001,-70.615241
ZN030,66964090,Norte,E,nan,ONGRID,NO,NO,NO,NO,NO,NO,-18.432591,-70.288619
ZS619,66964099,Norte,C,nan,ONGRID,NO,NO,NO,NO,NO,NO,-29.927638,-71.1300277
ZV850,66964108,Centro,B2,nan,ONGRID,NO,NO,NO,NO,NO,NO,-32.66475,-70.747194
FG075,67340400,Metropolitano,E,nan,ONGRID,NO,NO,NO,NO,NO,NO,-33.819889,-70.740722
ZV642,67422664,Centro,E,nan,ONGRID,NO,NO,NO,NO,NO,NO,-33.046275,-71.366152
FG293,67444066,Metropolitano,B2,nan,ONGRID,NO,NO,NO,NO,NO,NO,-33.368462,-70.586777
ZV641,67444853,Centro,B2,nan,ONGRID,NO,NO,NO,NO,NO,NO,-32.714535,-70.75047
AS266,67716254,Metropolitano,B2,nan,ONGRID,NO,NO,NO,NO,NO,NO,-33.649176,-70.712897
FG115,67805848,Metropolitano,E,nan,ONGRID,NO,NO,NO,NO,NO,NO,-33.56947,-70.669177
FG177,67805866,Metropolitano,E,nan,ONGRID,NO,NO,NO,NO,NO,NO,-33.5467,-70.6515
ZE327,67806103,Sur,E,nan,ONGRID,NO,NO,NO,NO,NO,NO,-38.770924,-72.596721
ZF622,67806112,Sur,B2,nan,ONGRID,NO,NO,NO,NO,NO,NO,-36.613694,-72.109694
ZV851,67806163,Centro,E,nan,ONGRID,NO,NO,NO,NO,NO,NO,-33.047417,-71.350528
ZO163,67835230,Centro,B2,nan,ONGRID,NO,NO,NO,NO,NO,NO,-34.304846,-70.805113
ZO156,67844332,Centro,B2,nan,ONGRID,NO,NO,NO,NO,NO,NO,-34.38519,-70.869
FG116,68410145,Metropolitano,E,nan,ONGRID,NO,NO,NO,NO,NO,NO,-33.613396,-70.700184
FG133,68410154,Metropolitano,E,nan,ONGRID,NO,NO,NO,NO,NO,NO,-33.585306,-70.684731
FG175,68410163,Metropolitano,E,nan,ONGRID,NO,NO,NO,NO,NO,NO,-33.5872,-70.6744
FG195,68410172,Metropolitano,E,nan,ONGRID,NO,NO,NO,NO,NO,NO,-33.5825,-70.644068
ZN083,68410351,Norte,B2,nan,ONGRID,NO,NO,NO,NO,NO,NO,-18.487027,-70.295766
ZO787,68410363,Centro,B2,nan,ONGRID,NO,NO,NO,NO,NO,NO,-34.146645,-70.741724
ZS262,68410372,Norte,E,nan,ONGRID,NO,NO,NO,NO,NO,NO,-30.60288,-71.20427
ZU267,68410381,Centro,E,nan,ONGRID,NO,NO,NO,NO,NO,NO,-35.460411,-71.659575
ZS528,68421031,Norte,E,nan,ONGRID,NO,NO,NO,NO,NO,NO,-31.626785,-71.162368
ZU226,68440408,Centro,E,nan,ONGRID,NO,NO,NO,NO,NO,NO,-35.4571,-71.663575
ZB800,68444572,Sur,E,nan,ONGRID,NO,NO,NO,NO,NO,NO,-37.263964,-72.7056
ZC119,68531541,Norte,E,nan,ONGRID,NO,NO,NO,NO,NO,NO,-27.076646,-70.812899
ZC159,68531553,Norte,E,nan,ONGRID,NO,NO,NO,NO,NO,NO,-28.588555,-70.763888
ZS239,68531574,Norte,E,nan,ONGRID,NO,NO,NO,NO,NO,NO,-30.5934,-71.2028
ZA346,68652740,Norte,E,nan,ONGRID,NO,NO,NO,NO,NO,NO,-23.705376,-70.41766
ZA364,68773863,Norte,E,nan,ONGRID,NO,NO,NO,NO,NO,NO,-23.659247,-70.39618
ZU534,68773941,Centro,E,nan,ONGRID,NO,NO,NO,NO,NO,NO,-35.427978,-71.667954
ZV546,70062994,Centro,E,nan,ONGRID,NO,NO,NO,NO,NO,NO,-33.05457,-71.43502
AS994,70108257,Metropolitano,B2,nan,ONGRID,NO,NO,NO,NO,NO,NO,-33.3193,-70.7257
FG140,70108332,Metropolitano,E,nan,ONGRID,NO,NO,NO,NO,NO,NO,-33.6243,-70.5824
FG146,70108341,Metropolitano,E,nan,ONGRID,NO,NO,NO,NO,NO,NO,-33.579729,-70.589673
FG198,70108350,Metropolitano,E,nan,ONGRID,NO,NO,NO,NO,NO,NO,-33.468289,-70.576657
ZB760,70108623,Sur,B2,nan,ONGRID,NO,NO,NO,NO,NO,NO,-36.83638,-73.100416
ZB964,70108632,Sur,B2,nan,ONGRID,NO,NO,NO,NO,NO,NO,-37.999917,-73.289333
ZC158,70108641,Norte,E,nan,ONGRID,NO,NO,NO,NO,NO,NO,-28.579638,-70.77808
ZC167,70108650,Norte,E,nan,ONGRID,NO,NO,NO,NO,NO,NO,-28.4658888,-71.21017
ZE330,70108668,Sur,E,nan,ONGRID,NO,NO,NO,NO,NO,NO,-37.793602,-72.707484
ZT197,70108720,Norte,E,nan,ONGRID,NO,NO,NO,NO,NO,NO,-20.26331,-70.09989
ZT204,70108729,Norte,E,nan,ONGRID,NO,NO,NO,NO,NO,NO,-20.28338,-70.10011
ZU261,70108738,Centro,B2,nan,ONGRID,NO,NO,NO,NO,NO,NO,-35.629278,-71.4215
ZU299,70108747,Centro,B2,nan,ONGRID,NO,NO,NO,NO,NO,NO,-35.397064,-71.453422
ZU536,70108753,Centro,E,nan,ONGRID,NO,NO,NO,NO,NO,NO,-35.42641,-71.636631
ZV548,70108767,Centro,E,nan,ONGRID,NO,NO,NO,NO,NO,NO,-33.05746,-71.42169
ZV550,70110403,Centro,E,nan,ONGRID,NO,NO,NO,NO,NO,NO,-33.0640278,-71.3848055
ZB494,70110494,Sur,D,nan,ONGRID,NO,NO,NO,NO,NO,NO,-36.8145278,-73.0406667
ZC118,70113656,Norte,E,nan,ONGRID,NO,NO,NO,NO,NO,NO,-26.338935,-70.602231
ZO148,70118975,Centro,E,nan,ONGRID,NO,NO,NO,NO,NO,NO,-34.401208,-71.993394
ZO161,70119606,Centro,B2,nan,ONGRID,NO,NO,NO,NO,NO,NO,-34.21488,-70.76797
ZB819,70136582,Sur,E,nan,ONGRID,NO,NO,NO,NO,NO,NO,-36.97927,-73.15233
ZC160,70145031,Norte,E,nan,ONGRID,NO,NO,NO,NO,NO,NO,-26.33525,-70.61025
ZB797,70230697,Sur,E,nan,ONGRID,NO,NO,NO,NO,NO,NO,-37.611189,-73.646466
ZC166,70230736,Norte,E,nan,ONGRID,NO,NO,NO,NO,NO,NO,-26.348,-70.61322
ZL614,70230748,Austral,E,nan,ONGRID,NO,NO,NO,NO,NO,NO,-43.117907,-73.597758
ZO159,70230763,Centro,E,nan,ONGRID,NO,NO,NO,NO,NO,NO,-34.080181,-70.732542
ZB780,70507949,Sur,E,nan,ONGRID,NO,NO,NO,NO,NO,NO,-36.889201,-73.145868
ZB778,70839802,Sur,E,nan,ONGRID,NO,NO,NO,NO,NO,NO,-36.821053,-73.058604
ZA236,70841248,Norte,E,nan,ONGRID,NO,NO,NO,NO,NO,NO,-22.459056,-68.944822
ZB495,70841260,Sur,B2,nan,ONGRID,NO,NO,NO,NO,NO,NO,-36.823804,-73.056126
ZB653,70841269,Sur,E,nan,ONGRID,NO,NO,NO,NO,NO,NO,-36.838388,-73.146361
ZB815,70841278,Sur,E,nan,ONGRID,NO,NO,NO,NO,NO,NO,-36.82671,-73.12508
ZV494,70841296,Centro,E,nan,ONGRID,NO,NO,NO,NO,NO,NO,-32.9768055,-71.5289444
ZS631,70858455,Norte,E,nan,ONGRID,NO,NO,NO,NO,NO,NO,-30.618459,-71.21526
ZU302,70880331,Centro,E,nan,ONGRID,NO,NO,NO,NO,NO,NO,-35.449677,-71.670912
ZB868,70963541,Sur,E,nan,ONGRID,NO,NO,NO,NO,NO,NO,-36.7413,-73.1074
ZA312,71008901,Norte,E,nan,ONGRID,NO,NO,NO,NO,NO,NO,-23.544105,-70.384932
AS267,71084971,Metropolitano,B2,nan,ONGRID,NO,NO,NO,NO,NO,NO,-33.586809,-70.664651
ZA357,71942613,Norte,E,nan,ONGRID,NO,NO,NO,NO,NO,NO,-22.454815,-68.948411
ZA363,71942622,Norte,E,nan,ONGRID,NO,NO,NO,NO,NO,NO,-22.443496,-68.919633
ZB869,71942650,Sur,E,nan,ONGRID,NO,NO,NO,NO,NO,NO,-36.716468,-73.132759
ZL611,71942704,Austral,E,nan,ONGRID,NO,NO,NO,NO,NO,NO,-41.8790833,-73.833833
ZU300,71942721,Centro,E,nan,ONGRID,NO,NO,NO,NO,NO,NO,-35.332271,-72.418568
ZB662,72065410,Sur,E,nan,ONGRID,NO,NO,NO,NO,NO,NO,-36.84522,-73.147323
ZC157,72065422,Norte,E,nan,ONGRID,NO,NO,NO,NO,NO,NO,-27.3537688,-70.3309297
FG164,72065458,Metropolitano,E,nan,ONGRID,NO,NO,NO,NO,NO,NO,-33.50225,-70.632916
EV298,72184867,Metropolitano,B2,nan,ONGRID,NO,NO,NO,NO,NO,NO,-33.402024,-70.793012
AS726,72311021,Metropolitano,B2,nan,ONGRID,NO,NO,NO,NO,NO,NO,-33.726621,-70.729898
ZR063,72555841,Austral,E,nan,ONGRID,NO,NO,NO,NO,NO,NO,-39.4540555,-72.7654722
ZO175,72556869,Centro,E,nan,ONGRID,NO,NO,NO,NO,NO,NO,-34.173245,-70.640769
FG187,72802550,Metropolitano,E,nan,ONGRID,NO,NO,NO,NO,NO,NO,-33.453346,-70.770128
ZI060,72802830,Austral,E,nan,ONGRID,NO,NO,NO,NO,NO,NO,-45.577643,-72.070913
ZU272,72802854,Centro,B2,nan,ONGRID,NO,NO,NO,NO,NO,NO,-35.492787,-71.563401
ZA313,72855298,Norte,E,nan,ONGRID,NO,NO,NO,NO,NO,NO,-22.096617,-70.204494
ZB771,72857904,Sur,E,nan,ONGRID,NO,NO,NO,NO,NO,NO,-37.48896,-73.324966
ZV460,72925932,Centro,E,nan,ONGRID,NO,NO,NO,NO,NO,NO,-33.049704,-71.600934
EV249,72926190,Metropolitano,C,nan,ONGRID,NO,NO,NO,NO,NO,NO,-33.400449,-70.793394
ZR064,73049048,Austral,C,nan,ONGRID,NO,NO,NO,NO,NO,NO,-39.847574,-73.220879
ZU304,73214923,Centro,E,nan,ONGRID,NO,NO,NO,NO,NO,NO,-35.4155,-71.647
AS978,73294443,Metropolitano,C,nan,ONGRID,NO,NO,NO,NO,NO,NO,-33.600638,-70.689138
ZR016,73303431,Austral,E,nan,ONGRID,NO,NO,NO,NO,NO,NO,-39.844631,-73.232966
ZB854,73418687,Sur,E,nan,ONGRID,NO,NO,NO,NO,NO,NO,-37.479888,-73.332282
ZS235,73418699,Norte,C,nan,ONGRID,NO,NO,NO,NO,NO,NO,-31.898643,-71.49277
ZV971,73418708,Centro,E,nan,ONGRID,NO,NO,NO,NO,NO,NO,-32.8478778,-70.6016167
AS159,73663405,Metropolitano,C,nan,ONGRID,NO,NO,NO,NO,NO,NO,-33.315496,-70.656322
FG085,73696208,Metropolitano,E,nan,ONGRID,NO,NO,NO,NO,NO,NO,-33.1633611,-70.788138
ZA219,73788737,Norte,C,nan,ONGRID,NO,NO,NO,NO,NO,NO,-22.470306,-68.912
ZV492,73911937,Centro,E,nan,ONGRID,NO,NO,NO,NO,NO,NO,-33.0428333,-71.6428055
ZU279,73912284,Centro,C,nan,ONGRID,NO,NO,NO,NO,NO,NO,-35.923344,-71.408713
ZB757,74035808,Sur,E,nan,ONGRID,NO,NO,NO,NO,NO,NO,-37.271138,-72.710921
FG039,74406458,Metropolitano,C,nan,ONGRID,NO,NO,NO,NO,NO,NO,-33.444305,-70.700194
ZB858,74406521,Sur,E,nan,ONGRID,NO,NO,NO,NO,NO,NO,-36.975916,-73.16022
ZP083,74406537,Austral,E,nan,ONGRID,NO,NO,NO,NO,NO,NO,-53.128667,-70.917194
ZV847,74406555,Centro,C,nan,ONGRID,NO,NO,NO,NO,NO,NO,-32.756651,-71.192989
ZA334,74652841,Norte,E,nan,ONGRID,NO,NO,NO,NO,NO,NO,-23.667023,-70.390602
ZI058,75149040,Austral,E,nan,ONGRID,NO,NO,NO,NO,NO,NO,-45.574911,-72.037239
ZI062,75149049,Austral,E,nan,ONGRID,NO,NO,NO,NO,NO,NO,-45.582676,-72.053251
ZS595,75149073,Norte,C,nan,ONGRID,NO,NO,NO,NO,NO,NO,-30.036068,-70.717424
ZT208,75149079,Norte,E,nan,ONGRID,NO,NO,NO,NO,NO,NO,-20.29,-70.10127
ZV621,75151255,Centro,E,nan,ONGRID,NO,NO,NO,NO,NO,NO,-32.743358,-70.661697
ZU298,75154190,Centro,C,nan,ONGRID,NO,NO,NO,NO,NO,NO,-35.680063,-71.388744
ZB799,75174659,Sur,E,nan,ONGRID,NO,NO,NO,NO,NO,NO,-37.03503,-72.39438
ZU307,75182155,Centro,C,nan,ONGRID,NO,NO,NO,NO,NO,NO,-35.854974,-71.495188
ZT214,75273047,Norte,E,nan,ONGRID,NO,NO,NO,NO,NO,NO,-20.269899,-70.10804
ZL547,75645004,Austral,C,nan,ONGRID,NO,NO,NO,NO,NO,NO,-40.572779,-73.136792
FG046,75769125,Metropolitano,E,nan,ONGRID,NO,NO,NO,NO,NO,NO,-33.561,-70.8
ZN032,76017438,Norte,E,nan,ONGRID,NO,NO,NO,NO,NO,NO,-18.481789,-70.313749
AS963,76017607,Metropolitano,E,nan,ONGRID,NO,NO,NO,NO,NO,NO,-33.575593,-70.579413
PP011,76017676,Austral,C,nan,ONGRID,NO,NO,NO,NO,NO,NO,-40.595583,-73.11028
ZB763,76017739,Sur,E,nan,ONGRID,NO,NO,NO,NO,NO,NO,-36.708202,-73.113957
ZF022,76017754,Sur,C,nan,ONGRID,NO,NO,NO,NO,NO,NO,-37.134472,-72.010994
ZO184,76017784,Centro,C,nan,ONGRID,NO,NO,NO,NO,NO,NO,-34.100956,-70.829029
FG084,76022162,Metropolitano,C,nan,ONGRID,NO,NO,NO,NO,NO,NO,-33.110931,-70.793343
ZU283,76024063,Centro,C,nan,ONGRID,NO,NO,NO,NO,NO,NO,-35.710156,-71.411517
ZU275,76024445,Centro,C,nan,ONGRID,NO,NO,NO,NO,NO,NO,-35.553375,-71.468842
ZS629,76760465,Norte,E,nan,ONGRID,NO,NO,NO,NO,NO,NO,-29.95479,-71.28677
FG058,77137307,Metropolitano,C,nan,ONGRID,NO,NO,NO,NO,NO,NO,-33.302002,-70.710649
FG117,77137316,Metropolitano,C,nan,ONGRID,NO,NO,NO,NO,NO,NO,-33.3933,-70.8714
FG152,77137325,Metropolitano,C,nan,ONGRID,NO,NO,NO,NO,NO,NO,-33.567343,-70.558245
ZB647,77137455,Sur,C,nan,ONGRID,NO,NO,NO,NO,NO,NO,-36.768398,-73.069381
ZO705,77137509,Centro,C,nan,ONGRID,NO,NO,NO,NO,NO,NO,-34.139892,-70.815555
ZS236,77137524,Norte,C,nan,ONGRID,NO,NO,NO,NO,NO,NO,-30.703447,-71.23324
ZU274,77137542,Centro,C,nan,ONGRID,NO,NO,NO,NO,NO,NO,-35.71445,-71.5249555
ZV461,77137549,Centro,C,nan,ONGRID,NO,NO,NO,NO,NO,NO,-33.0057,-71.5088
ZV489,77137558,Centro,E,nan,ONGRID,NO,NO,NO,NO,NO,NO,-33.0575,-71.57352
ZF015,77143099,Sur,C,nan,ONGRID,NO,NO,NO,NO,NO,NO,-37.119976,-71.988441
ZV552,77144464,Centro,E,nan,ONGRID,NO,NO,NO,NO,NO,NO,-33.026076,-71.388181
ZU305,77146152,Centro,C,nan,ONGRID,NO,NO,NO,NO,NO,NO,-35.666261,-71.463396
ZV612,77146229,Centro,E,nan,ONGRID,NO,NO,NO,NO,NO,NO,-33.1208611,-71.58444
ZB658,77163580,Sur,E,nan,ONGRID,NO,NO,NO,NO,NO,NO,-36.901924,-73.149128
ZF016,77167752,Sur,E,nan,ONGRID,NO,NO,NO,NO,NO,NO,-36.489992,-72.710883
ZE344,77262215,Sur,C,nan,ONGRID,NO,NO,NO,NO,NO,NO,-37.800568,-72.690606
ZB804,77262330,Sur,E,nan,ONGRID,NO,NO,NO,NO,NO,NO,-36.552406,-72.939191
ZU313,77512205,Centro,E,nan,ONGRID,NO,NO,NO,NO,NO,NO,-36.131318,-71.839214
FG051,77762098,Metropolitano,E,nan,ONGRID,NO,NO,NO,NO,NO,NO,-33.584669,-70.57792
ZV645,77762121,Centro,E,nan,ONGRID,NO,NO,NO,NO,NO,NO,-33.063161,-71.422888
ZR003,77887103,Austral,E,nan,ONGRID,NO,NO,NO,NO,NO,NO,-39.535871,-72.953195
FG034,77887122,Metropolitano,C,nan,ONGRID,NO,NO,NO,NO,NO,NO,-33.453643,-70.691425
FG201,77887131,Metropolitano,C,nan,ONGRID,NO,NO,NO,NO,NO,NO,-33.270572,-70.715573
ZB618,77887171,Sur,C,nan,ONGRID,NO,NO,NO,NO,NO,NO,-36.638076,-73.061285
ZO805,77887197,Centro,C,nan,ONGRID,NO,NO,NO,NO,NO,NO,-34.349523,-70.970272
ZV549,77887215,Centro,E,nan,ONGRID,NO,NO,NO,NO,NO,NO,-33.075286,-71.422064
ZA982,77904819,Norte,C,nan,ONGRID,NO,NO,NO,NO,NO,NO,-22.484361,-68.920111
ZA336,78638148,Norte,C,nan,ONGRID,NO,NO,NO,NO,NO,NO,-23.64547,-70.4005
ZO155,78638170,Centro,C,nan,ONGRID,NO,NO,NO,NO,NO,NO,-34.073888,-70.73411
ZV457,78638179,Centro,E,nan,ONGRID,NO,NO,NO,NO,NO,NO,-32.792249,-71.530007
ZT194,89432104,Norte,C,nan,ONGRID,NO,NO,NO,NO,NO,NO,-20.484895,-69.328469
FG156,78763497,Metropolitano,C,nan,ONGRID,NO,NO,NO,NO,NO,NO,-33.517692,-70.659602
FG069,78769197,Metropolitano,C,nan,ONGRID,NO,NO,NO,NO,NO,NO,-33.619426,-70.861673
ZB790,78779405,Sur,E,nan,ONGRID,NO,NO,NO,NO,NO,NO,-37.798414,-73.398451
FG168,79515879,Metropolitano,E,nan,ONGRID,NO,NO,NO,NO,NO,NO,-33.580738,-70.672655
ZE329,79515927,Sur,E,nan,ONGRID,NO,NO,NO,NO,NO,NO,-38.744962,-72.95235
ZR062,79515939,Austral,E,nan,ONGRID,NO,NO,NO,NO,NO,NO,-40.296322,-73.069515
ZS238,79515948,Norte,E,nan,ONGRID,NO,NO,NO,NO,NO,NO,-30.769786,-70.94409
ZU306,79515957,Centro,C,nan,ONGRID,NO,NO,NO,NO,NO,NO,-35.621933,-71.48720900000001
FG083,79523886,Metropolitano,C,nan,ONGRID,NO,NO,NO,NO,NO,NO,-33.691479,-70.571497
ZR051,79641471,Austral,E,nan,ONGRID,NO,NO,NO,NO,NO,NO,-39.5379444,-72.97263
AS594,80645919,Metropolitano,E,nan,ONGRID,NO,NO,NO,NO,NO,NO,-33.573082,-70.824433
ZS756,80646127,Norte,C,nan,ONGRID,NO,NO,NO,NO,NO,NO,-30.563548,-71.155849
ZU271,80771970,Centro,C,nan,ONGRID,NO,NO,NO,NO,NO,NO,-35.490947,-71.656213
ZB776,80772045,Sur,E,nan,ONGRID,NO,NO,NO,NO,NO,NO,-36.789898,-73.043953
ZR054,80779799,Austral,E,nan,ONGRID,NO,NO,NO,NO,NO,NO,-40.065166,-72.87269
FG186,81275824,Metropolitano,C,nan,ONGRID,NO,NO,NO,NO,NO,NO,-33.431054,-70.652661
ZC053,81275842,Norte,E,nan,ONGRID,NO,NO,NO,NO,NO,NO,-27.068853,-70.827926
ZP084,81284605,Austral,C,nan,ONGRID,NO,NO,NO,NO,NO,NO,-53.143108,-70.9293
AS360,81401449,Metropolitano,C,nan,ONGRID,NO,NO,NO,NO,NO,NO,-33.477519,-70.57874
FG142,81401909,Metropolitano,C,nan,ONGRID,NO,NO,NO,NO,NO,NO,-33.408173,-70.643535
ZE337,81401983,Sur,C,nan,ONGRID,NO,NO,NO,NO,NO,NO,-38.800898,-72.661415
ZL431,81405861,Austral,C,nan,ONGRID,NO,NO,NO,NO,NO,NO,-41.407191,-73.464416
ZB823,81407077,Sur,E,nan,ONGRID,NO,NO,NO,NO,NO,NO,-37.09433,-72.55841
ZB810,81408793,Sur,C,nan,ONGRID,NO,NO,NO,NO,NO,NO,-37.020443,-72.398877
ZV639,81528130,Centro,C,nan,ONGRID,NO,NO,NO,NO,NO,NO,-32.772467,-71.190528
ZS263,82033273,Norte,C,nan,ONGRID,NO,NO,NO,NO,NO,NO,-31.898052,-70.680634
FG109,83045271,Metropolitano,E,nan,ONGRID,NO,NO,NO,NO,NO,NO,-33.290292,-70.872482
ZU531,83171943,Centro,C,nan,ONGRID,NO,NO,NO,NO,NO,NO,-35.749102,-71.548176
ZV640,83171952,Centro,C,nan,ONGRID,NO,NO,NO,NO,NO,NO,-32.441757,-70.952539
ZA066,83171993,Norte,C,nan,ONGRID,NO,NO,NO,NO,NO,NO,-23.687,-70.40877
ZB925,83298627,Sur,C,nan,ONGRID,NO,NO,NO,NO,NO,NO,-36.822578,-72.648934
FG289,84059685,Metropolitano,C,nan,ONGRID,NO,NO,NO,NO,NO,NO,-33.376118,-70.808437
ZO166,84059761,Centro,C,nan,ONGRID,NO,NO,NO,NO,NO,NO,-33.96022,-71.830111
ZV635,84313791,Centro,E,nan,ONGRID,NO,NO,NO,NO,NO,NO,-32.799389,-71.532565
AS997,84568094,Metropolitano,C,nan,ONGRID,NO,NO,NO,NO,NO,NO,-33.507479,-70.756856
FG287,85076850,Metropolitano,C,nan,ONGRID,NO,NO,NO,NO,NO,NO,-33.393126,-70.807417
ZE346,85204018,Sur,C,nan,ONGRID,NO,NO,NO,NO,NO,NO,-37.956993,-72.424987
ZA985,85841328,Norte,C,nan,ONGRID,NO,NO,NO,NO,NO,NO,-24.221813,-69.102754
ZB722,85841567,Sur,C,nan,ONGRID,NO,NO,NO,NO,NO,NO,-36.934872,-73.016775
ZO162,85850675,Centro,C,nan,ONGRID,NO,NO,NO,NO,NO,NO,-34.241972,-70.7743333
ZB924,85969129,Sur,C,nan,ONGRID,NO,NO,NO,NO,NO,NO,-36.824067,-73.037862
ZP063,86351547,Austral,E,nan,ONGRID,NO,NO,NO,NO,NO,NO,-53.1546,-70.9411
ZP087,86607724,Austral,E,nan,ONGRID,NO,NO,NO,NO,NO,NO,-51.727967,-72.482319
ZV465,86735545,Centro,C,nan,ONGRID,NO,NO,NO,NO,NO,NO,-32.725408,-71.207877
ZB642,86991441,Sur,C,nan,ONGRID,NO,NO,NO,NO,NO,NO,-36.938278,-73.028075
RPL066,86991682,Norte,B2,nan,OFFGRID,NO,NO,NO,NO,NO,NO,-23.4091667,-70.559444
RPL067,86991683,Norte,B2,nan,OFFGRID,NO,NO,NO,NO,NO,NO,-22.610833,-68.079444
RPL002,86991684,Norte,B2,nan,ONGRID,NO,NO,NO,NO,NO,NO,-30.945,-71.5491
ZA981,87375049,Norte,C,nan,ONGRID,NO,NO,NO,NO,NO,NO,-23.0600178,-69.1402974
ZB817,87758064,Sur,E,nan,ONGRID,NO,NO,NO,NO,NO,NO,-36.54629,-72.93001
ZV515,87760243,Centro,C,nan,ONGRID,NO,NO,NO,NO,NO,NO,-33.449087,-71.641975
ZO174,87888508,Centro,C,nan,ONGRID,NO,NO,NO,NO,NO,NO,-34.1309,-70.786715
VP080,88016892,Austral,E,nan,ONGRID,NO,NO,NO,NO,NO,NO,-51.737594,-72.488258
ZS259,88016934,Norte,C,nan,ONGRID,NO,NO,NO,NO,NO,NO,-30.051638,-71.250017
VO530,88145292,Centro,C,nan,ONGRID,NO,NO,NO,NO,NO,NO,-34.391029,-72.016126
AS351,88145309,Metropolitano,C,nan,ONGRID,NO,NO,NO,NO,NO,NO,-33.76961,-70.765438
FG091,88659286,Metropolitano,C,nan,ONGRID,NO,NO,NO,NO,NO,NO,-33.843709,-70.743597
ZV485,89043162,Centro,C,nan,ONGRID,NO,NO,NO,NO,NO,NO,-32.996123,-71.231247
ZB870,89303088,Sur,E,nan,ONGRID,NO,NO,NO,NO,NO,NO,-37.17346,-72.95092
VV789,89432146,Centro,C,nan,ONGRID,NO,NO,NO,NO,NO,NO,-33.44617,-71.64989
ZS272,89560880,Norte,E,nan,ONGRID,NO,NO,NO,NO,NO,NO,-31.919391,-71.513265
ZA366,89689887,Norte,C,nan,ONGRID,NO,NO,NO,NO,NO,NO,-23.448578,-70.440689
ZB816,89691261,Sur,E,nan,ONGRID,NO,NO,NO,NO,NO,NO,-36.97665,-72.93783
ESTCQ046,90078414,Norte,C,nan,ONGRID,NO,NO,NO,NO,NO,NO,-31.591114,-71.221386
ESTAN062,90207742,Norte,C,nan,ONGRID,NO,NO,NO,NO,NO,NO,"23.0","69.0"
ZU294,90466519,Centro,E,nan,ONGRID,NO,NO,NO,NO,NO,NO,-35.97713,-71.690145
VE607,90855059,Sur,E,nan,ONGRID,NO,NO,NO,NO,NO,NO,-39.280334,-71.956024
FG232,91632911,Metropolitano,E,nan,ONGRID,NO,NO,NO,NO,NO,NO,-33.625575,-70.617476
FG288,91762876,Metropolitano,C,nan,ONGRID,NO,NO,NO,NO,NO,NO,-33.404074,-70.779358
ZA360,92019091,Norte,E,nan,ONGRID,NO,NO,NO,NO,NO,NO,-23.5944,-70.3856
ZC168,92022508,Norte,E,nan,ONGRID,NO,NO,NO,NO,NO,NO,-27.4773867,-70.2643764
ZO587,92047529,Centro,C,nan,ONGRID,NO,NO,NO,NO,NO,NO,-34.182361,-70.744778
ZV424,92152694,Centro,C,nan,ONGRID,NO,NO,NO,NO,NO,NO,-32.841361,-70.950639
ZS234,92542847,Norte,C,nan,ONGRID,NO,NO,NO,NO,NO,NO,-30.735594,-71.34216
FG158,92672870,Metropolitano,C,nan,ONGRID,NO,NO,NO,NO,NO,NO,-33.311562,-70.705547
FG179,92673123,Metropolitano,C,nan,ONGRID,NO,NO,NO,NO,NO,NO,-33.441822,-70.60884
ZC177,92933598,Norte,C,nan,ONGRID,NO,NO,NO,NO,NO,NO,-27.830469,-70.109226
VM031,93455069,Metropolitano,C,nan,ONGRID,NO,NO,NO,NO,NO,NO,-33.948073,-71.631756
ZA337,93846464,Norte,E,nan,ONGRID,NO,NO,NO,NO,NO,NO,-22.439369,-68.93159
FG587,93976283,Metropolitano,C,nan,ONGRID,NO,NO,NO,NO,NO,NO,-33.565152,-70.708392
FG223,94368250,Metropolitano,E,nan,ONGRID,NO,NO,NO,NO,NO,NO,-33.579109,-70.585196
VO037,94368544,Centro,C,nan,ONGRID,NO,NO,NO,NO,NO,NO,-34.3449,-71.248309
FG221,95282618,Metropolitano,E,nan,ONGRID,NO,NO,NO,NO,NO,NO,-33.627309,-70.626432
AM927,95861442,Metropolitano,C,nan,ONGRID,NO,NO,NO,NO,NO,NO,-33.533778,-70.754444
ZR868,96229392,Austral,C,nan,ONGRID,NO,NO,NO,NO,NO,NO,-39.84558,-73.202809
ZB806,96375146,Sur,E,nan,ONGRID,NO,NO,NO,NO,NO,NO,-36.9998,-73.1577
ZA388,97373610,Norte,D,nan,ONGRID,NO,NO,NO,NO,NO,NO,-23.121866,-69.675717
ZA986,98811465,Norte,C,nan,OFFGRID,NO,NO,NO,NO,NO,SI,-22.629763,-69.838637
VA793,105111469,Centro,B2,C,ONGRID,NO,NO,NO,NO,NO,NO,-32.749667,-71.210975
ESTVA057,105608625,Centro,C,nan,ONGRID,NO,NO,NO,NO,NO,NO,-32.23625,-70.86189
RPL068,106000783,Norte,B2,nan,ONGRID,NO,NO,NO,NO,NO,SI,-23.829,-69.6420278
RPL069,107830780,Norte,C,nan,OFFGRID,NO,NO,NO,NO,NO,SI,-21.0194444,-70.1716667
ZA338,108876493,Norte,D,nan,ONGRID,NO,NO,NO,NO,NO,NO,-22.56399,-68.11249
ESTBI056,110314349,Sur,B1,nan,ONGRID,NO,NO,NO,NO,NO,NO,-36.71825,-73.11364
ZL594,123908607,Austral,D,nan,ONGRID,NO,NO,NO,NO,NO,NO,"47.0","8.0"
ZA329,127176458,Norte,D,nan,ONGRID,NO,NO,NO,NO,NO,NO,-23.5376638,-70.3951349
ZF852,129660025,Sur,D,nan,ONGRID,NO,NO,NO,NO,NO,NO,-36.6314239,-71.8285625
ZF034,133058611,Sur,D,nan,ONGRID,NO,NO,NO,NO,NO,NO,-36.74278,-72.46806
ZS312,133189326,Norte,E,nan,ONGRID,NO,NO,NO,NO,NO,NO,-27.369148,-70.334509
ZT198,133189330,Norte,E,nan,ONGRID,NO,NO,NO,NO,NO,NO,-20.2927379,-70.1200362
ZT215,133189333,Norte,E,nan,ONGRID,NO,NO,NO,NO,NO,NO,-20.2694112,-70.1070509
ZT213,133189335,Norte,E,nan,ONGRID,NO,NO,NO,NO,NO,NO,-20.268781,-70.1018554
ZA139,133189337,Norte,E,nan,ONGRID,NO,NO,NO,NO,NO,NO,-23.6380469,-70.3863764
ZA389,133189339,Norte,E,nan,ONGRID,NO,NO,NO,NO,NO,NO,-23.4287035,-69.5050344
ZA324,133189341,Norte,E,nan,ONGRID,NO,NO,NO,NO,NO,NO,-22.8890327,-69.3210345
ZA373,133189343,Norte,E,nan,ONGRID,NO,NO,NO,NO,NO,NO,-22.9064302,-68.1928322
ZA387,133189346,Norte,E,nan,ONGRID,NO,NO,NO,NO,NO,NO,-23.6787008,-70.4097768
ZA306,133189348,Norte,E,nan,ONGRID,NO,NO,NO,NO,NO,NO,-23.650761,-70.3975496
ZA372,133973635,Norte,E,nan,ONGRID,NO,NO,NO,NO,NO,NO,-22.9393779,-68.2140633
VV056,139014370,Centro,D,nan,ONGRID,NO,NO,NO,NO,NO,NO,-32.6219605,-70.7175305
VB012,139406516,Sur,D,nan,ONGRID,NO,NO,NO,NO,NO,NO,-37.23917,-71.9425
ZO416,146726501,Centro,D,nan,ONGRID,NO,NO,NO,NO,NO,NO,-34.64425,-72.040694
ZF021,149471496,Sur,D,nan,ONGRID,NO,NO,NO,NO,NO,NO,-36.505556,-72.718333
ZB697,149994353,Sur,D,nan,ONGRID,NO,NO,NO,NO,NO,NO,-37.465028,-72.389837
NVT178,151432208,Norte,E,nan,ONGRID,NO,NO,NO,NO,NO,NO,"20.0","70.0"
FG262,152085779,Metropolitano,C,nan,ONGRID,NO,NO,NO,NO,NO,NO,-33.6350384,-70.5746023
